JvmtiExport can_access_local_variables 0
JvmtiExport can_hotswap_or_post_breakpoint 0
JvmtiExport can_post_on_exceptions 0
# 511 ciObject found
instanceKlass org/apache/groovy/parser/antlr4/GroovyLexer$Paren
instanceKlass groovyjarjarantlr4/v4/runtime/atn/LexerIndexedCustomAction
instanceKlass org/hamcrest/internal/ReflectiveTypeFinder
instanceKlass org/hamcrest/comparator/ComparatorMatcherBuilder$1
instanceKlass org/hamcrest/comparator/ComparatorMatcherBuilder
instanceKlass org/hamcrest/number/OrderingComparison
instanceKlass org/codehaus/groovy/reflection/ReflectionUtils$$Lambda$561
instanceKlass org/codehaus/groovy/reflection/InjectedInvoker
instanceKlass java/lang/invoke/LambdaForm$MH
instanceKlass java/lang/invoke/LambdaForm$DMH
instanceKlass groovy/lang/MetaClassImpl$$Lambda$560
instanceKlass java/lang/invoke/LambdaForm$DMH
instanceKlass io/restassured/internal/http/HttpRequestFactory
instanceKlass org/hamcrest/CoreMatchers
instanceKlass com/google/gson/internal/ConstructorConstructor$13
instanceKlass com/google/gson/internal/$Gson$Preconditions
instanceKlass com/google/gson/internal/$Gson$Types$ParameterizedTypeImpl
instanceKlass CreateOrder
instanceKlass OrderSteps
instanceKlass java/util/concurrent/ConcurrentLinkedQueue$$Lambda$559
instanceKlass org/apache/maven/plugin/surefire/report/TestMethodStats
instanceKlass org/apache/maven/plugin/surefire/report/ConsoleReporter$1
instanceKlass java/io/DeleteOnExitHook$1
instanceKlass java/io/DeleteOnExitHook
instanceKlass org/apache/maven/plugin/surefire/report/StatelessXmlReporter$ByteConstantsHolder
instanceKlass org/apache/maven/surefire/shared/utils/xml/XMLEncode
instanceKlass org/apache/maven/surefire/shared/utils/xml/PrettyPrintXMLWriter
instanceKlass java/util/concurrent/ConcurrentLinkedDeque$AbstractItr
instanceKlass java/util/concurrent/ConcurrentLinkedDeque$Node
instanceKlass org/apache/maven/surefire/shared/lang3/math/NumberUtils
instanceKlass org/apache/maven/surefire/shared/lang3/SystemUtils
instanceKlass org/apache/maven/plugin/surefire/report/FileReporterUtils
instanceKlass org/junit/internal/Throwables
instanceKlass java/text/DigitList$1
instanceKlass java/util/AbstractMap$SimpleEntry
instanceKlass java/lang/invoke/LambdaForm$MH
instanceKlass java/lang/invoke/LambdaForm$MH
instanceKlass java/lang/invoke/LambdaForm$MH
instanceKlass java/lang/invoke/LambdaForm$MH
instanceKlass java/lang/invoke/LambdaForm$MH
instanceKlass org/codehaus/groovy/vmplugin/v8/Selector$MethodSelector$$Lambda$558
instanceKlass org/codehaus/groovy/vmplugin/v8/Selector$MethodSelector$$Lambda$557
instanceKlass java/lang/invoke/LambdaForm$MH
instanceKlass java/lang/invoke/LambdaForm$MH
instanceKlass java/lang/invoke/LambdaForm$MH
instanceKlass java/lang/invoke/MethodHandleImpl$Makers$2
instanceKlass java/lang/invoke/MethodHandleImpl$Makers$1
instanceKlass java/lang/invoke/MethodHandleImpl$Makers
instanceKlass java/lang/invoke/LambdaForm$DMH
instanceKlass java/lang/invoke/LambdaForm$MH
instanceKlass java/lang/invoke/LambdaForm$MH
instanceKlass jdk/internal/org/objectweb/asm/Edge
instanceKlass jdk/internal/org/objectweb/asm/Handler
instanceKlass java/lang/invoke/LambdaForm$MH
instanceKlass java/util/AbstractList$SubList$1
instanceKlass org/codehaus/groovy/vmplugin/v8/TypeHelper
instanceKlass java/lang/invoke/LambdaForm$MH
instanceKlass java/lang/invoke/LambdaForm$DMH
instanceKlass java/lang/invoke/LambdaForm$DMH
instanceKlass java/lang/invoke/LambdaForm$MH
instanceKlass java/lang/invoke/LambdaForm$MH
instanceKlass java/lang/invoke/LambdaForm$MH
instanceKlass org/codehaus/groovy/vmplugin/v8/InjectedInvoker
instanceKlass java/lang/invoke/LambdaForm$MH
instanceKlass java/lang/invoke/LambdaForm$MH
instanceKlass java/lang/invoke/LambdaForm$MH
instanceKlass java/lang/invoke/LambdaForm$MH
instanceKlass java/lang/invoke/LambdaForm$DMH
instanceKlass java/lang/invoke/LambdaForm$DMH
instanceKlass java/lang/invoke/LambdaForm$DMH
instanceKlass java/lang/invoke/LambdaForm$DMH
instanceKlass java/lang/invoke/LambdaForm$DMH
instanceKlass java/lang/invoke/LambdaForm$DMH
instanceKlass java/lang/invoke/LambdaForm$DMH
instanceKlass java/lang/invoke/LambdaForm$DMH
instanceKlass org/codehaus/groovy/vmplugin/v8/IndyGuardsFiltersAndSignatures
instanceKlass org/codehaus/groovy/vmplugin/v8/Selector$1
instanceKlass org/codehaus/groovy/vmplugin/v8/Selector
instanceKlass org/codehaus/groovy/vmplugin/v8/IndyInterface$$Lambda$556
instanceKlass org/codehaus/groovy/vmplugin/v8/IndyInterface$$Lambda$555
instanceKlass org/codehaus/groovy/vmplugin/v8/IndyInterface$FallbackSupplier
instanceKlass java/lang/invoke/LambdaForm$MH
instanceKlass java/lang/invoke/LambdaForm$MH
instanceKlass java/lang/invoke/LambdaForm$DMH
instanceKlass java/lang/invoke/LambdaForm$MH
instanceKlass java/lang/invoke/LambdaForm$DMH
instanceKlass java/lang/invoke/LambdaForm$MH
instanceKlass java/lang/invoke/LambdaForm$DMH
instanceKlass java/lang/invoke/LambdaForm$MH
instanceKlass java/lang/invoke/LambdaForm$DMH
instanceKlass java/lang/invoke/LambdaForm$MH
instanceKlass java/lang/invoke/LambdaForm$DMH
instanceKlass java/lang/invoke/LambdaForm$MH
instanceKlass java/lang/invoke/LambdaForm$MH
instanceKlass java/lang/invoke/LambdaForm$MH
instanceKlass java/lang/invoke/LambdaForm$BMH
instanceKlass java/lang/invoke/LambdaForm$DMH
instanceKlass java/lang/invoke/LambdaForm$MH
instanceKlass java/lang/invoke/LambdaForm$MH
instanceKlass java/lang/invoke/LambdaForm$MH
instanceKlass java/lang/invoke/LambdaForm$BMH
instanceKlass java/lang/invoke/LambdaForm$DMH
instanceKlass java/lang/invoke/LambdaForm$MH
instanceKlass sun/invoke/util/ValueConversions$1
instanceKlass java/lang/invoke/LambdaForm$DMH
instanceKlass org/codehaus/groovy/control/SourceExtensionHandler
instanceKlass groovy/lang/GroovyClassLoader$1$$Lambda$554
instanceKlass java/security/PermissionsEnumerator
instanceKlass groovy/lang/GroovyClassLoader$2
instanceKlass groovy/transform/SealedOptions
instanceKlass org/codehaus/groovy/classgen/asm/MopWriter$$Lambda$553
instanceKlass org/codehaus/groovy/classgen/asm/MopWriter$MopKey
instanceKlass java/util/ArrayDeque$$Lambda$552
instanceKlass org/apache/groovy/ast/tools/ClassNodeUtils$$Lambda$551
instanceKlass org/codehaus/groovy/vmplugin/v8/IndyInterface$CallType$$Lambda$550
instanceKlass org/codehaus/groovy/classgen/asm/OptimizingStatementWriter$StatementMeta
instanceKlass org/apache/groovy/ast/tools/ExpressionUtils
instanceKlass org/codehaus/groovy/classgen/asm/BytecodeHelper$PrimitiveTypeHandler
instanceKlass org/codehaus/groovy/classgen/asm/InvocationWriter$$Lambda$549
instanceKlass org/codehaus/groovy/classgen/asm/BytecodeVariable
instanceKlass org/codehaus/groovy/classgen/asm/StatementWriter$$Lambda$548
instanceKlass org/codehaus/groovy/classgen/asm/CompileStack$StateStackElement
instanceKlass org/codehaus/groovy/classgen/AsmClassGenerator$$Lambda$547
instanceKlass org/codehaus/groovy/classgen/AsmClassGenerator$$Lambda$546
instanceKlass org/codehaus/groovy/classgen/AsmClassGenerator$$Lambda$545
instanceKlass groovyjarjarasm/asm/TypeReference
instanceKlass org/codehaus/groovy/classgen/asm/StatementMetaTypeChooser
instanceKlass org/codehaus/groovy/classgen/asm/CompileStack
instanceKlass org/codehaus/groovy/classgen/asm/MethodPointerExpressionWriter
instanceKlass org/codehaus/groovy/classgen/asm/ClosureWriter
instanceKlass org/codehaus/groovy/classgen/asm/AssertionWriter
instanceKlass org/codehaus/groovy/classgen/asm/OperandStack
instanceKlass org/codehaus/groovy/classgen/asm/UnaryExpressionHelper
instanceKlass groovyjarjarasm/asm/Handle
instanceKlass org/codehaus/groovy/classgen/asm/TypeChooser
instanceKlass org/codehaus/groovy/classgen/asm/StatementWriter
instanceKlass org/codehaus/groovy/classgen/asm/BinaryExpressionHelper
instanceKlass org/codehaus/groovy/classgen/asm/CallSiteWriter
instanceKlass org/codehaus/groovy/classgen/asm/InvocationWriter
instanceKlass org/codehaus/groovy/classgen/asm/WriterControllerFactory
instanceKlass org/codehaus/groovy/classgen/asm/MethodCaller
instanceKlass org/codehaus/groovy/classgen/asm/MethodCallerMultiAdapter
instanceKlass org/codehaus/groovy/ast/ClassNode$$Lambda$544
instanceKlass org/codehaus/groovy/classgen/ClassCompletionVerifier$$Lambda$543
instanceKlass org/codehaus/groovy/classgen/ClassCompletionVerifier$$Lambda$542
instanceKlass org/codehaus/groovy/classgen/Verifier$1
instanceKlass org/codehaus/groovy/runtime/memoize/ConcurrentCommonCache
instanceKlass org/codehaus/groovy/ast/tools/GenericsUtils
instanceKlass org/apache/groovy/ast/tools/ClassNodeUtils
instanceKlass org/codehaus/groovy/ast/stmt/Statement$$Lambda$541
instanceKlass org/codehaus/groovy/classgen/ReturnAdder$$Lambda$540
instanceKlass org/codehaus/groovy/classgen/ReturnAdder$ReturnStatementListener
instanceKlass org/codehaus/groovy/classgen/ReturnAdder
instanceKlass org/codehaus/groovy/classgen/asm/MopWriter$$Lambda$539
instanceKlass org/codehaus/groovy/classgen/asm/MopWriter$Factory
instanceKlass org/codehaus/groovy/classgen/asm/WriterController
instanceKlass org/codehaus/groovy/classgen/asm/MopWriter
instanceKlass org/apache/groovy/ast/tools/ConstructorNodeUtils
instanceKlass org/codehaus/groovy/classgen/asm/OptimizingStatementWriter$ClassNodeSkip
instanceKlass org/codehaus/groovy/ast/ClassNode$MapOfLists$$Lambda$538
instanceKlass org/codehaus/groovy/ast/ClassNode$MapOfLists$$Lambda$537
instanceKlass org/apache/groovy/ast/tools/AnnotatedNodeUtils
instanceKlass groovy/transform/stc/POJO
instanceKlass org/codehaus/groovy/classgen/Verifier$$Lambda$536
instanceKlass org/codehaus/groovy/classgen/Verifier$$Lambda$535
instanceKlass org/codehaus/groovy/classgen/Verifier$DefaultArgsAction
instanceKlass groovy/transform/RecordBase
instanceKlass groovy/transform/RecordOptions
instanceKlass groovy/transform/NamedParam
instanceKlass org/codehaus/groovy/transform/AbstractASTTransformation
instanceKlass groovy/transform/NonSealed
instanceKlass groovy/transform/Generated
instanceKlass org/codehaus/groovy/classgen/FinalVariableAnalyzer$VariableNotFinalCallback
instanceKlass org/codehaus/groovy/classgen/Verifier
instanceKlass groovyjarjarasm/asm/Opcodes
instanceKlass org/codehaus/groovy/control/CompilationUnit$$Lambda$534
instanceKlass org/codehaus/groovy/classgen/BytecodeInstruction
instanceKlass groovy/transform/CompileStatic
instanceKlass org/codehaus/groovy/transform/trait/TraitComposer
instanceKlass org/codehaus/groovy/transform/AnnotationCollectorTransform$ClassChanger
instanceKlass org/codehaus/groovy/control/ResolveVisitor$$Lambda$533
instanceKlass java/lang/invoke/LambdaForm$DMH
instanceKlass org/codehaus/groovy/ast/GenericsType$GenericsTypeName
instanceKlass groovy/transform/SelfType
instanceKlass groovy/lang/GeneratedGroovyProxy
instanceKlass groovy/transform/Trait
instanceKlass org/codehaus/groovy/transform/trait/Traits$TraitBridge
instanceKlass org/codehaus/groovy/transform/trait/Traits
instanceKlass org/codehaus/groovy/ast/DynamicVariable
instanceKlass org/codehaus/groovy/ast/ClassNode$$Lambda$532
instanceKlass org/apache/groovy/ast/tools/MethodNodeUtils
instanceKlass org/codehaus/groovy/classgen/VariableScopeVisitor$StateStackElement
instanceKlass org/codehaus/groovy/ast/ModuleNode$$Lambda$531
instanceKlass org/codehaus/groovy/ast/ModuleNode$$Lambda$530
instanceKlass org/codehaus/groovy/ast/ModuleNode$$Lambda$529
instanceKlass org/codehaus/groovy/ast/ModuleNode$$Lambda$528
instanceKlass groovy/grape/Grape
instanceKlass java/util/LinkedList$LLSpliterator
instanceKlass org/codehaus/groovy/control/CompilationUnit$$Lambda$527
instanceKlass org/codehaus/groovy/control/CompilationUnit$$Lambda$526
instanceKlass org/codehaus/groovy/ast/tools/ParameterUtils$$Lambda$525
instanceKlass java/lang/invoke/LambdaForm$DMH
instanceKlass org/codehaus/groovy/ast/tools/ParameterUtils
instanceKlass org/codehaus/groovy/ast/ClassNode$$Lambda$524
instanceKlass org/codehaus/groovy/ast/ClassNode$MapOfLists$$Lambda$523
instanceKlass org/codehaus/groovy/control/SourceUnit$$Lambda$522
instanceKlass org/apache/groovy/parser/antlr4/AstBuilder$$Lambda$521
instanceKlass org/apache/groovy/parser/antlr4/AstBuilder$$Lambda$520
instanceKlass org/apache/groovy/parser/antlr4/AstBuilder$$Lambda$519
instanceKlass org/apache/groovy/parser/antlr4/AstBuilder$$Lambda$518
instanceKlass org/apache/groovy/parser/antlr4/util/StringUtils$$Lambda$517
instanceKlass java/lang/StringLatin1$CharsSpliterator
instanceKlass org/apache/groovy/parser/antlr4/util/StringUtils
instanceKlass org/apache/groovy/parser/antlr4/util/PositionConfigureUtils
instanceKlass org/codehaus/groovy/util/ListHashMap
instanceKlass org/apache/groovy/parser/antlr4/AstBuilder$$Lambda$516
instanceKlass groovyjarjarantlr4/v4/runtime/atn/ConflictInfo
instanceKlass groovyjarjarantlr4/v4/runtime/tree/TerminalNodeImpl
instanceKlass groovyjarjarantlr4/v4/runtime/atn/SimulatorState
instanceKlass groovyjarjarantlr4/v4/runtime/atn/PredictionContextCache$IdentityCommutativePredictionContextOperands
instanceKlass groovyjarjarantlr4/v4/runtime/atn/PredictionContextCache$PredictionContextAndInt
instanceKlass groovyjarjarantlr4/v4/runtime/CommonToken
instanceKlass groovyjarjarantlr4/v4/runtime/WritableToken
instanceKlass groovyjarjarantlr4/v4/runtime/misc/Utils
instanceKlass groovyjarjarantlr4/v4/runtime/dfa/AcceptStateInfo
instanceKlass groovyjarjarantlr4/v4/runtime/atn/LexerActionExecutor
instanceKlass groovyjarjarantlr4/v4/runtime/atn/ATNConfigSet$ATNConfigSetIterator
instanceKlass groovyjarjarantlr4/v4/runtime/misc/FlexibleHashMap$Entry
instanceKlass groovyjarjarantlr4/v4/runtime/misc/AbstractEqualityComparator
instanceKlass groovyjarjarantlr4/v4/runtime/misc/EqualityComparator
instanceKlass groovyjarjarantlr4/v4/runtime/misc/FlexibleHashMap
instanceKlass groovyjarjarantlr4/v4/runtime/atn/PredictionContextCache
instanceKlass groovyjarjarantlr4/v4/runtime/atn/ATNConfig
instanceKlass groovyjarjarantlr4/v4/runtime/misc/MurmurHash
instanceKlass groovyjarjarantlr4/v4/runtime/atn/PredictionContext
instanceKlass org/apache/groovy/parser/antlr4/TryWithResourcesASTTransformation
instanceKlass org/apache/groovy/parser/antlr4/GroovydocManager
instanceKlass groovyjarjarantlr4/v4/runtime/atn/ParserATNSimulator$1
instanceKlass groovyjarjarantlr4/v4/runtime/atn/SemanticContext
instanceKlass groovyjarjarantlr4/v4/runtime/DefaultErrorStrategy
instanceKlass groovyjarjarantlr4/v4/runtime/BufferedTokenStream
instanceKlass groovyjarjarantlr4/v4/runtime/ParserErrorListener
instanceKlass groovyjarjarantlr4/v4/runtime/tree/ParseTreeListener
instanceKlass groovyjarjarantlr4/v4/runtime/tree/ErrorNode
instanceKlass groovyjarjarantlr4/v4/runtime/tree/TerminalNode
instanceKlass org/apache/groovy/parser/antlr4/internal/atnmanager/AtnManager$AtnWrapper
instanceKlass org/apache/groovy/parser/antlr4/internal/atnmanager/AtnManager
instanceKlass groovyjarjarantlr4/v4/runtime/atn/LexerATNSimulator$SimState
instanceKlass groovyjarjarantlr4/v4/runtime/dfa/DFAState
instanceKlass groovyjarjarantlr4/v4/runtime/atn/ATNConfigSet
instanceKlass groovyjarjarantlr4/v4/runtime/misc/IntegerList
instanceKlass groovyjarjarantlr4/v4/runtime/Token
instanceKlass groovyjarjarantlr4/v4/runtime/CommonTokenFactory
instanceKlass groovyjarjarantlr4/v4/runtime/TokenFactory
instanceKlass groovyjarjarantlr4/v4/runtime/ConsoleErrorListener
instanceKlass groovyjarjarantlr4/v4/runtime/atn/LexerSkipAction
instanceKlass groovyjarjarantlr4/v4/runtime/atn/LexerCustomAction
instanceKlass groovyjarjarantlr4/v4/runtime/atn/LexerMoreAction
instanceKlass groovyjarjarantlr4/v4/runtime/atn/LexerPopModeAction
instanceKlass groovyjarjarantlr4/v4/runtime/atn/LexerTypeAction
instanceKlass groovyjarjarantlr4/v4/runtime/atn/LexerPushModeAction
instanceKlass groovyjarjarantlr4/v4/runtime/atn/ATNDeserializer$3
instanceKlass groovyjarjarantlr4/v4/runtime/misc/Tuple3
instanceKlass groovyjarjarantlr4/v4/runtime/atn/ATNDeserializer$2
instanceKlass groovyjarjarantlr4/v4/runtime/misc/Interval
instanceKlass groovyjarjarantlr4/v4/runtime/misc/IntervalSet
instanceKlass groovyjarjarantlr4/v4/runtime/atn/ATNDeserializer$1
instanceKlass groovyjarjarantlr4/v4/runtime/dfa/AbstractEdgeMap
instanceKlass groovyjarjarantlr4/v4/runtime/dfa/EdgeMap
instanceKlass groovyjarjarantlr4/v4/runtime/dfa/DFASerializer
instanceKlass groovyjarjarantlr4/v4/runtime/misc/Tuple2
instanceKlass groovyjarjarantlr4/v4/runtime/misc/Tuple
instanceKlass groovyjarjarantlr4/v4/runtime/dfa/DFA
instanceKlass groovyjarjarantlr4/v4/runtime/atn/ATN
instanceKlass groovyjarjarantlr4/v4/runtime/atn/ATNDeserializationOptions
instanceKlass groovyjarjarantlr4/v4/runtime/atn/ATNDeserializer$UnicodeDeserializer
instanceKlass groovyjarjarantlr4/v4/runtime/misc/IntSet
instanceKlass groovyjarjarantlr4/v4/runtime/atn/LexerAction
instanceKlass groovyjarjarantlr4/v4/runtime/atn/ATNState
instanceKlass groovyjarjarantlr4/v4/runtime/atn/Transition
instanceKlass groovyjarjarantlr4/v4/runtime/atn/ATNDeserializer
instanceKlass java/util/DualPivotQuicksort
instanceKlass groovyjarjarantlr4/v4/runtime/VocabularyImpl
instanceKlass groovyjarjarantlr4/v4/runtime/Vocabulary
instanceKlass groovyjarjarantlr4/v4/runtime/atn/ATNSimulator
instanceKlass groovyjarjarantlr4/v4/runtime/Recognizer
instanceKlass org/apache/groovy/parser/antlr4/SyntaxErrorReportable
instanceKlass groovyjarjarantlr4/v4/runtime/CodePointCharStream$1
instanceKlass groovyjarjarantlr4/v4/runtime/CodePointCharStream
instanceKlass groovyjarjarantlr4/v4/runtime/UnicodeCharStream
instanceKlass groovyjarjarantlr4/v4/runtime/CodePointBuffer$1
instanceKlass groovyjarjarantlr4/v4/runtime/CodePointBuffer$Builder
instanceKlass groovyjarjarantlr4/v4/runtime/CodePointBuffer
instanceKlass org/codehaus/groovy/ast/VariableScope
instanceKlass groovyjarjarantlr4/v4/runtime/ANTLRErrorListener
instanceKlass groovyjarjarantlr4/v4/runtime/CharStream
instanceKlass groovyjarjarantlr4/v4/runtime/ANTLRErrorStrategy
instanceKlass groovyjarjarantlr4/v4/runtime/TokenStream
instanceKlass groovyjarjarantlr4/v4/runtime/IntStream
instanceKlass groovyjarjarantlr4/v4/runtime/TokenSource
instanceKlass groovyjarjarantlr4/v4/runtime/RuleContext
instanceKlass groovyjarjarantlr4/v4/runtime/tree/RuleNode
instanceKlass groovyjarjarantlr4/v4/runtime/tree/ParseTree
instanceKlass groovyjarjarantlr4/v4/runtime/tree/SyntaxTree
instanceKlass groovyjarjarantlr4/v4/runtime/tree/Tree
instanceKlass groovyjarjarantlr4/v4/runtime/tree/AbstractParseTreeVisitor
instanceKlass org/apache/groovy/parser/antlr4/GroovyParserVisitor
instanceKlass groovyjarjarantlr4/v4/runtime/tree/ParseTreeVisitor
instanceKlass org/codehaus/groovy/control/CompilationUnit$$Lambda$515
instanceKlass org/apache/groovy/parser/antlr4/Antlr4ParserPlugin
instanceKlass org/codehaus/groovy/control/ParserPlugin
instanceKlass org/codehaus/groovy/control/ParserPluginFactory
instanceKlass org/codehaus/groovy/control/CompilationUnit$$Lambda$514
instanceKlass org/codehaus/groovy/control/CompilationUnit$$Lambda$513
instanceKlass org/codehaus/groovy/control/CompilationUnit$ProgressCallback
instanceKlass groovy/lang/GroovyClassLoader$$Lambda$512
instanceKlass groovy/lang/GroovyClassLoader$ClassCollector
instanceKlass org/codehaus/groovy/control/io/AbstractReaderSource
instanceKlass org/codehaus/groovy/control/CompilationUnit$$Lambda$511
instanceKlass org/codehaus/groovy/control/CompilationUnit$$Lambda$510
instanceKlass org/codehaus/groovy/control/CompilationUnit$$Lambda$509
instanceKlass org/codehaus/groovy/control/CompilationUnit$$Lambda$508
instanceKlass org/codehaus/groovy/transform/ASTTransformationVisitor$$Lambda$507
instanceKlass org/codehaus/groovy/transform/ASTTransformationVisitor$1
instanceKlass org/codehaus/groovy/transform/ASTTransformationVisitor$$Lambda$506
instanceKlass org/codehaus/groovy/transform/ASTTransformationVisitor$$Lambda$505
instanceKlass groovy/lang/GrabResolver
instanceKlass groovy/lang/Grapes
instanceKlass groovy/lang/GrabConfig
instanceKlass groovy/lang/GrabExclude
instanceKlass groovy/lang/Grab
instanceKlass org/codehaus/groovy/transform/GroovyASTTransformation
instanceKlass groovy/transform/CompilationUnitAware
instanceKlass org/codehaus/groovy/transform/ASTTransformation
instanceKlass org/codehaus/groovy/control/CompilerConfiguration$1$$Lambda$504
instanceKlass org/codehaus/groovy/control/CompilationUnit$$Lambda$503
instanceKlass org/codehaus/groovy/transform/ASTTransformationVisitor$PriorityComparator
instanceKlass org/codehaus/groovy/control/CompilationUnit$$Lambda$502
instanceKlass org/codehaus/groovy/tools/GroovyClass
instanceKlass org/codehaus/groovy/control/CompilationUnit$$Lambda$501
instanceKlass org/codehaus/groovy/control/CompilationUnit$$Lambda$500
instanceKlass org/codehaus/groovy/control/CompilationUnit$$Lambda$499
instanceKlass org/codehaus/groovy/control/CompilationUnit$$Lambda$498
instanceKlass org/codehaus/groovy/control/CompilationUnit$$Lambda$497
instanceKlass org/codehaus/groovy/control/CompilationUnit$$Lambda$496
instanceKlass org/codehaus/groovy/control/CompilationUnit$$Lambda$495
instanceKlass org/codehaus/groovy/control/CompilationUnit$$Lambda$494
instanceKlass org/codehaus/groovy/control/CompilationUnit$$Lambda$493
instanceKlass org/codehaus/groovy/control/CompilationUnit$$Lambda$492
instanceKlass org/codehaus/groovy/control/CompilationUnit$$Lambda$491
instanceKlass org/codehaus/groovy/control/CompilationUnit$$Lambda$490
instanceKlass org/codehaus/groovy/ast/CompileUnit
instanceKlass org/codehaus/groovy/control/ASTTransformationsContext
instanceKlass org/codehaus/groovy/control/CompilationUnit$3
instanceKlass org/codehaus/groovy/control/ClassNodeResolver
instanceKlass org/codehaus/groovy/control/ErrorCollector
instanceKlass org/codehaus/groovy/control/CompilationUnit$IGroovyClassOperation
instanceKlass org/codehaus/groovy/control/CompilationUnit$ISourceUnitOperation
instanceKlass org/codehaus/groovy/control/io/ReaderSource
instanceKlass org/codehaus/groovy/control/HasCleanup
instanceKlass groovy/lang/GroovyClassLoader$$Lambda$489
instanceKlass org/codehaus/groovy/runtime/memoize/MemoizeCache$ValueProvider
instanceKlass org/codehaus/groovy/runtime/EncodingGroovyMethods$2
instanceKlass groovy/lang/GroovyShell$$Lambda$488
instanceKlass groovy/lang/GroovyShell$$Lambda$487
instanceKlass groovy/lang/GroovyCodeSource
instanceKlass org/codehaus/groovy/runtime/RegexSupport
instanceKlass org/codehaus/groovy/util/ArrayIterator
instanceKlass org/apache/commons/lang3/math/NumberUtils
instanceKlass org/codehaus/groovy/runtime/typehandling/ShortTypeHandling
instanceKlass sun/security/ssl/Alert$AlertConsumer
instanceKlass io/restassured/internal/common/assertion/GetAtPathFragmentEscaper
instanceKlass io/restassured/internal/common/assertion/EndToEndQuoteFragmentEscaper
instanceKlass io/restassured/internal/common/assertion/HyphenQuoteFragmentEscaper
instanceKlass io/restassured/internal/common/assertion/PathFragmentEscaper
instanceKlass io/restassured/internal/common/assertion/AssertionSupport
instanceKlass io/restassured/internal/path/json/JSONAssertion
instanceKlass io/restassured/internal/common/assertion/Assertion
instanceKlass io/restassured/assertion/StreamVerifier
instanceKlass io/restassured/internal/assertion/BodyMatcherGroup$$Lambda$486
instanceKlass java/util/concurrent/ConcurrentLinkedQueue$Itr
instanceKlass org/codehaus/groovy/util/ManagedConcurrentLinkedQueue$Itr
instanceKlass org/codehaus/groovy/vmplugin/v8/IndyInterface$$Lambda$485
instanceKlass java/lang/invoke/LambdaForm$MH
instanceKlass java/lang/invoke/LambdaForm$MH
instanceKlass java/lang/invoke/LambdaForm$MH
instanceKlass java/lang/invoke/SwitchPoint
instanceKlass java/lang/invoke/LambdaForm$DMH
instanceKlass java/lang/invoke/LambdaForm$DMH
instanceKlass org/codehaus/groovy/vmplugin/v8/MethodHandleWrapper
instanceKlass org/codehaus/groovy/vmplugin/v8/IndyInterface
instanceKlass groovy/lang/MetaClassImpl$$Lambda$484
instanceKlass java/lang/invoke/LambdaForm$MH
instanceKlass java/lang/invoke/LambdaForm$DMH
instanceKlass groovy/lang/ExpandoMetaClass$$Lambda$483
instanceKlass java/lang/invoke/LambdaForm$DMH
instanceKlass org/codehaus/groovy/runtime/metaclass/ClosureMetaClass$$Lambda$482
instanceKlass groovy/lang/DelegatingMetaClass
instanceKlass io/restassured/internal/path/json/ConfigurableJsonSlurper
instanceKlass org/xml/sax/helpers/DefaultHandler
instanceKlass org/xml/sax/ErrorHandler
instanceKlass org/xml/sax/ContentHandler
instanceKlass org/xml/sax/DTDHandler
instanceKlass org/xml/sax/EntityResolver
instanceKlass io/restassured/internal/ContentParser
instanceKlass io/restassured/internal/assertion/BodyMatcher$$Lambda$481
instanceKlass io/restassured/internal/assertion/BodyMatcherGroup$$Lambda$480
instanceKlass javax/xml/parsers/DocumentBuilderFactory
instanceKlass io/qameta/allure/listener/LifecycleNotifier$$Lambda$479
instanceKlass io/qameta/allure/internal/shadowed/jackson/core/io/NumberOutput
instanceKlass io/qameta/allure/internal/shadowed/jackson/databind/ser/impl/PropertySerializerMap$SerializerAndMapResult
instanceKlass io/qameta/allure/internal/shadowed/jackson/databind/ser/std/NumberSerializers$1
instanceKlass io/qameta/allure/internal/shadowed/jackson/annotation/JsonFilter
instanceKlass io/qameta/allure/internal/shadowed/jackson/annotation/JsonIncludeProperties$Value
instanceKlass io/qameta/allure/internal/shadowed/jackson/annotation/JsonIncludeProperties
instanceKlass io/qameta/allure/internal/shadowed/jackson/annotation/JsonIgnoreProperties$Value
instanceKlass io/qameta/allure/internal/shadowed/jackson/annotation/JsonIgnoreProperties
instanceKlass io/qameta/allure/internal/shadowed/jackson/databind/annotation/JsonAppend
instanceKlass io/qameta/allure/internal/shadowed/jackson/databind/ser/impl/PropertySerializerMap
instanceKlass io/qameta/allure/internal/shadowed/jackson/databind/introspect/POJOPropertyBuilder$1
instanceKlass io/qameta/allure/internal/shadowed/jackson/databind/ser/PropertyBuilder$1
instanceKlass io/qameta/allure/internal/shadowed/jackson/databind/annotation/JsonTypeResolver
instanceKlass io/qameta/allure/internal/shadowed/jackson/databind/BeanProperty$Std
instanceKlass io/qameta/allure/internal/shadowed/jackson/databind/introspect/POJOPropertyBuilder$2
instanceKlass io/qameta/allure/internal/shadowed/jackson/annotation/JsonTypeId
instanceKlass io/qameta/allure/internal/shadowed/jackson/databind/introspect/POJOPropertyBuilder$3
instanceKlass io/qameta/allure/internal/shadowed/jackson/annotation/JsonInclude
instanceKlass io/qameta/allure/internal/shadowed/jackson/databind/ser/PropertyBuilder
instanceKlass io/qameta/allure/model/Parameter
instanceKlass io/qameta/allure/model/StepResult
instanceKlass io/qameta/allure/model/Link
instanceKlass io/qameta/allure/internal/shadowed/jackson/databind/type/TypeBindings$AsKey
instanceKlass io/qameta/allure/internal/shadowed/jackson/databind/type/TypeBindings$TypeParamStash
instanceKlass io/qameta/allure/internal/shadowed/jackson/annotation/JsonIgnoreType
instanceKlass io/qameta/allure/internal/shadowed/jackson/databind/ser/BeanSerializerBuilder
instanceKlass io/qameta/allure/internal/shadowed/jackson/databind/ObjectWriter
instanceKlass io/qameta/allure/internal/shadowed/jackson/databind/util/BeanUtil
instanceKlass io/qameta/allure/internal/shadowed/jackson/databind/ext/Java7Handlers
instanceKlass io/qameta/allure/internal/shadowed/jackson/databind/ext/OptionalHandlerFactory
instanceKlass io/qameta/allure/internal/shadowed/jackson/databind/PropertyMetadata
instanceKlass io/qameta/allure/internal/shadowed/jackson/annotation/JsonPropertyDescription
instanceKlass io/qameta/allure/internal/shadowed/jackson/annotation/JsonPropertyOrder
instanceKlass io/qameta/allure/internal/shadowed/jackson/databind/annotation/JsonNaming
instanceKlass io/qameta/allure/internal/shadowed/jackson/annotation/JacksonInject
instanceKlass io/qameta/allure/internal/shadowed/jackson/databind/introspect/POJOPropertyBuilder$6
instanceKlass io/qameta/allure/internal/shadowed/jackson/databind/introspect/POJOPropertyBuilder$5
instanceKlass io/qameta/allure/internal/shadowed/jackson/annotation/JsonSetter
instanceKlass io/qameta/allure/internal/shadowed/jackson/databind/introspect/AnnotatedMethodMap
instanceKlass io/qameta/allure/internal/shadowed/jackson/databind/introspect/AnnotatedMethodCollector$MethodBuilder
instanceKlass io/qameta/allure/internal/shadowed/jackson/databind/introspect/MemberKey
instanceKlass io/qameta/allure/internal/shadowed/jackson/databind/introspect/POJOPropertyBuilder$Linked
instanceKlass io/qameta/allure/internal/shadowed/jackson/databind/AnnotationIntrospector$ReferenceProperty
instanceKlass io/qameta/allure/internal/shadowed/jackson/databind/introspect/POJOPropertyBuilder$WithMember
instanceKlass io/qameta/allure/internal/shadowed/jackson/annotation/JsonIgnore
instanceKlass io/qameta/allure/internal/shadowed/jackson/annotation/JsonAutoDetect$1
instanceKlass io/qameta/allure/internal/shadowed/jackson/annotation/JsonProperty
instanceKlass io/qameta/allure/internal/shadowed/jackson/annotation/JsonGetter
instanceKlass io/qameta/allure/internal/shadowed/jackson/annotation/JsonAnySetter
instanceKlass io/qameta/allure/internal/shadowed/jackson/annotation/JsonAnyGetter
instanceKlass io/qameta/allure/internal/shadowed/jackson/annotation/JsonValue
instanceKlass io/qameta/allure/internal/shadowed/jackson/annotation/JsonKey
instanceKlass io/qameta/allure/internal/shadowed/jackson/databind/introspect/AnnotatedFieldCollector$FieldBuilder
instanceKlass io/qameta/allure/internal/shadowed/jackson/databind/introspect/TypeResolutionContext$Basic
instanceKlass io/qameta/allure/internal/shadowed/jackson/databind/introspect/AnnotationMap
instanceKlass io/qameta/allure/internal/shadowed/jackson/databind/introspect/CollectorBase
instanceKlass io/qameta/allure/internal/shadowed/jackson/databind/util/ArrayIterator
instanceKlass io/qameta/allure/internal/shadowed/jackson/annotation/JsonIdentityInfo
instanceKlass io/qameta/allure/internal/shadowed/jackson/annotation/JsonAutoDetect
instanceKlass io/qameta/allure/internal/shadowed/jackson/databind/introspect/POJOPropertiesCollector
instanceKlass io/qameta/allure/internal/shadowed/jackson/databind/util/internal/PrivateMaxEntriesMap$AddTask
instanceKlass io/qameta/allure/internal/shadowed/jackson/databind/util/internal/PrivateMaxEntriesMap$WeightedValue
instanceKlass io/qameta/allure/internal/shadowed/jackson/databind/type/ClassStack
instanceKlass io/qameta/allure/internal/shadowed/jackson/databind/util/internal/PrivateMaxEntriesMap$EntryIterator
instanceKlass io/qameta/allure/internal/shadowed/jackson/databind/ser/impl/ReadOnlyClassToSerializerMap$$Lambda$478
instanceKlass io/qameta/allure/internal/shadowed/jackson/databind/util/TypeKey
instanceKlass io/qameta/allure/internal/shadowed/jackson/databind/ser/impl/ReadOnlyClassToSerializerMap$Bucket
instanceKlass io/qameta/allure/internal/shadowed/jackson/databind/ser/impl/ReadOnlyClassToSerializerMap
instanceKlass io/qameta/allure/internal/shadowed/jackson/core/util/JacksonFeatureSet
instanceKlass io/qameta/allure/internal/shadowed/jackson/core/JsonStreamContext
instanceKlass io/qameta/allure/internal/shadowed/jackson/core/util/BufferRecycler
instanceKlass io/qameta/allure/internal/shadowed/jackson/core/util/BufferRecyclers
instanceKlass io/qameta/allure/internal/shadowed/jackson/core/io/IOContext
instanceKlass io/qameta/allure/internal/shadowed/jackson/core/io/ContentReference
instanceKlass io/qameta/allure/listener/LifecycleNotifier$$Lambda$477
instanceKlass io/qameta/allure/listener/LifecycleNotifier$$Lambda$476
instanceKlass io/qameta/allure/listener/LifecycleNotifier$$Lambda$475
instanceKlass io/qameta/allure/junit4/AllureJunit4$$Lambda$474
instanceKlass io/qameta/allure/listener/LifecycleNotifier$$Lambda$473
instanceKlass io/qameta/allure/util/ResultsUtils$$Lambda$472
instanceKlass io/qameta/allure/model/StatusDetails
instanceKlass io/qameta/allure/util/ResultsUtils$$Lambda$471
instanceKlass io/qameta/allure/listener/LifecycleNotifier$$Lambda$470
instanceKlass io/qameta/allure/junit4/AllureJunit4$$Lambda$469
instanceKlass org/apache/maven/plugin/surefire/report/WrappedReportEntry
instanceKlass org/apache/maven/surefire/api/report/SafeThrowable
instanceKlass org/apache/maven/surefire/common/junit4/JUnit4StackTraceWriter
instanceKlass org/junit/runner/notification/Failure
instanceKlass jdk/internal/module/IllegalAccessLogger$$Lambda$468
instanceKlass jdk/internal/module/IllegalAccessLogger$$Lambda$467
instanceKlass java/lang/Throwable$PrintStreamOrWriter
instanceKlass org/hamcrest/BaseDescription
instanceKlass io/restassured/internal/util/MatcherErrorMessageBuilder
instanceKlass sun/reflect/generics/tree/DoubleSignature
instanceKlass javax/xml/namespace/NamespaceContext
instanceKlass org/hamcrest/core/CombinableMatcher$CombinableEitherMatcher
instanceKlass org/hamcrest/core/CombinableMatcher$CombinableBothMatcher
instanceKlass org/hamcrest/Matchers
instanceKlass io/restassured/internal/ValidatableResponseOptionsImpl
instanceKlass io/restassured/response/ValidatableResponseLogSpec
instanceKlass java/text/FieldPosition$Delegate
instanceKlass freemarker/core/TemplateFormatUtil
instanceKlass freemarker/core/JavaTemplateNumberFormatFactory$CacheKey
instanceKlass freemarker/core/TemplateValueFormat
instanceKlass freemarker/template/SimpleNumber
instanceKlass io/qameta/allure/attachment/http/HttpResponseAttachment
instanceKlass org/apache/groovy/json/internal/ByteScanner
instanceKlass java/util/regex/Pattern$2
instanceKlass io/qameta/allure/attachment/http/HttpResponseAttachment$Builder
instanceKlass org/apache/http/client/utils/DateUtils$DateFormatHolder
instanceKlass org/apache/http/client/utils/DateUtils
instanceKlass io/restassured/internal/assertion/CookieMatcher$$Lambda$466
instanceKlass io/restassured/http/Cookie$Builder
instanceKlass io/restassured/internal/assertion/CookieMatcher
instanceKlass io/restassured/internal/http/HttpResponseDecorator$HeadersDecorator
instanceKlass org/apache/http/impl/client/CloseableHttpResponseProxy
instanceKlass org/apache/http/conn/EofSensorWatcher
instanceKlass org/apache/http/impl/auth/HttpAuthenticator$1
instanceKlass org/apache/http/message/TokenParser
instanceKlass org/apache/http/message/BasicHeaderValueParser
instanceKlass org/apache/http/message/HeaderValueParser
instanceKlass org/apache/http/message/BasicHeaderElementIterator
instanceKlass org/apache/http/message/BasicTokenIterator
instanceKlass org/apache/http/message/BufferedHeader
instanceKlass org/apache/http/message/BasicStatusLine
instanceKlass org/apache/http/FormattedHeader
instanceKlass org/apache/http/message/BasicListHeaderIterator
instanceKlass org/apache/http/client/protocol/RequestAuthenticationBase$1
instanceKlass org/apache/http/cookie/CookieSpecRegistry$1
instanceKlass org/apache/http/cookie/CookieOrigin
instanceKlass org/apache/http/protocol/HttpCoreContext
instanceKlass org/apache/http/message/BasicRequestLine
instanceKlass org/apache/http/message/ParserCursor
instanceKlass org/apache/http/client/utils/URLEncodedUtils
instanceKlass org/apache/http/client/utils/URIBuilder
instanceKlass org/apache/http/conn/routing/BasicRouteDirector
instanceKlass org/apache/http/impl/HttpConnectionMetricsImpl
instanceKlass org/apache/http/message/BasicLineFormatter
instanceKlass org/apache/http/message/LineFormatter
instanceKlass org/apache/http/impl/io/AbstractMessageWriter
instanceKlass org/apache/http/message/BasicLineParser
instanceKlass org/apache/http/config/MessageConstraints$Builder
instanceKlass org/apache/http/config/MessageConstraints
instanceKlass org/apache/http/params/HttpParamConfig
instanceKlass org/apache/http/message/LineParser
instanceKlass org/apache/http/impl/io/AbstractMessageParser
instanceKlass org/apache/http/impl/EnglishReasonPhraseCatalog
instanceKlass org/apache/http/ReasonPhraseCatalog
instanceKlass org/apache/http/impl/DefaultHttpResponseFactory
instanceKlass org/apache/http/impl/io/AbstractSessionOutputBuffer
instanceKlass org/apache/http/impl/io/HttpTransportMetricsImpl
instanceKlass org/apache/http/util/ByteArrayBuffer
instanceKlass org/apache/http/io/HttpTransportMetrics
instanceKlass org/apache/http/impl/io/AbstractSessionInputBuffer
instanceKlass org/apache/http/io/BufferInfo
instanceKlass org/apache/http/io/EofSensor
instanceKlass javax/naming/directory/BasicAttribute
instanceKlass javax/naming/directory/Attribute
instanceKlass javax/naming/directory/BasicAttributes
instanceKlass javax/naming/directory/Attributes
instanceKlass javax/naming/ldap/Rdn$RdnEntry
instanceKlass javax/naming/ldap/Rdn
instanceKlass javax/naming/ldap/Rfc2253Parser
instanceKlass javax/naming/ldap/LdapName
instanceKlass javax/naming/Name
instanceKlass org/apache/http/conn/util/InetAddressUtils
instanceKlass org/apache/http/conn/ssl/SubjectName
instanceKlass org/apache/http/conn/ssl/DefaultHostnameVerifier
instanceKlass sun/security/util/ArrayUtil$$Lambda$465
instanceKlass sun/security/util/ArrayUtil
instanceKlass com/sun/crypto/provider/GHASH
instanceKlass com/sun/crypto/provider/PKCS5Padding
instanceKlass com/sun/crypto/provider/Padding
instanceKlass com/sun/crypto/provider/FeedbackCipher
instanceKlass com/sun/crypto/provider/SymmetricCipher
instanceKlass com/sun/crypto/provider/AESConstants
instanceKlass com/sun/crypto/provider/CipherCore
instanceKlass javax/crypto/CipherSpi
instanceKlass javax/crypto/spec/GCMParameterSpec
instanceKlass sun/security/ssl/ChangeCipherSpec$T13ChangeCipherSpecConsumer
instanceKlass sun/security/ssl/ChangeCipherSpec$T10ChangeCipherSpecProducer
instanceKlass sun/security/ssl/ChangeCipherSpec$T10ChangeCipherSpecConsumer
instanceKlass sun/security/ssl/ChangeCipherSpec
instanceKlass sun/security/internal/spec/TlsPrfParameterSpec
instanceKlass sun/security/ssl/Finished$1
instanceKlass sun/security/ssl/Finished$T13VerifyDataGenerator
instanceKlass sun/security/ssl/Finished$T12VerifyDataGenerator
instanceKlass sun/security/ssl/Finished$T10VerifyDataGenerator
instanceKlass sun/security/ssl/Finished$S30VerifyDataGenerator
instanceKlass sun/security/ssl/Finished$VerifyDataGenerator
instanceKlass sun/security/internal/spec/TlsKeyMaterialSpec
instanceKlass javax/crypto/spec/IvParameterSpec
instanceKlass sun/security/internal/spec/TlsKeyMaterialParameterSpec
instanceKlass sun/security/ssl/SSLTrafficKeyDerivation$LegacyTrafficKeyDerivation
instanceKlass sun/security/ssl/SSLTrafficKeyDerivation$1
instanceKlass sun/security/ssl/SSLTrafficKeyDerivation$T13TrafficKeyDerivationGenerator
instanceKlass sun/security/ssl/SSLTrafficKeyDerivation$T12TrafficKeyDerivationGenerator
instanceKlass sun/security/ssl/SSLTrafficKeyDerivation$T10TrafficKeyDerivationGenerator
instanceKlass sun/security/ssl/SSLTrafficKeyDerivation$S30TrafficKeyDerivationGenerator
instanceKlass com/sun/crypto/provider/TlsMasterSecretGenerator$TlsMasterSecretKey
instanceKlass sun/security/internal/interfaces/TlsMasterSecret
instanceKlass sun/security/internal/spec/TlsMasterSecretParameterSpec
instanceKlass sun/security/ssl/SSLMasterKeyDerivation$LegacyMasterKeyDerivation
instanceKlass sun/security/ssl/SSLMasterKeyDerivation$1
instanceKlass sun/security/ssl/SSLKeyDerivationGenerator
instanceKlass javax/crypto/spec/SecretKeySpec
instanceKlass sun/security/ec/XDHKeyAgreement$$Lambda$464
instanceKlass sun/security/ec/XDHKeyAgreement$$Lambda$463
instanceKlass sun/security/ec/XDHKeyAgreement$$Lambda$462
instanceKlass sun/security/ec/XDHKeyAgreement$$Lambda$461
instanceKlass javax/crypto/KeyAgreementSpi
instanceKlass sun/security/ssl/KAKeyDerivation
instanceKlass sun/security/ssl/ECDHKeyExchange$1
instanceKlass sun/security/ssl/ECDHKeyExchange$ECDHEPossession
instanceKlass sun/security/ssl/ECDHClientKeyExchange$ECDHEClientKeyExchangeProducer
instanceKlass sun/security/ssl/ECDHClientKeyExchange$ECDHEClientKeyExchangeConsumer
instanceKlass sun/security/ssl/ECDHClientKeyExchange$ECDHClientKeyExchangeProducer
instanceKlass sun/security/ssl/ECDHClientKeyExchange$ECDHClientKeyExchangeConsumer
instanceKlass sun/security/ssl/ECDHClientKeyExchange
instanceKlass sun/security/rsa/MGF1
instanceKlass sun/security/ec/XDHKeyFactory$$Lambda$460
instanceKlass sun/security/ec/XDHKeyFactory$$Lambda$459
instanceKlass java/security/spec/XECPublicKeySpec
instanceKlass sun/security/ssl/XDHKeyExchange$XDHECredentials
instanceKlass sun/security/ssl/NamedGroupCredentials
instanceKlass sun/security/ssl/ECDHServerKeyExchange$ECDHServerKeyExchangeProducer
instanceKlass sun/security/ssl/ECDHServerKeyExchange$ECDHServerKeyExchangeConsumer
instanceKlass sun/security/ssl/ECDHServerKeyExchange
instanceKlass sun/security/ssl/X509Authentication$X509Credentials
instanceKlass sun/security/ssl/SSLConfiguration$1
instanceKlass sun/security/validator/CamerfirmaTLSPolicy
instanceKlass sun/security/validator/EntrustTLSPolicy
instanceKlass sun/security/validator/SymantecTLSPolicy
instanceKlass sun/security/validator/CADistrustPolicy$4
instanceKlass java/util/Vector$Itr
instanceKlass java/security/cert/PKIXCertPathValidatorResult
instanceKlass java/security/cert/CertPathValidatorResult
instanceKlass sun/security/rsa/RSAPadding
instanceKlass sun/security/rsa/RSACore
instanceKlass java/security/interfaces/RSAPrivateCrtKey
instanceKlass java/security/interfaces/RSAPrivateKey
instanceKlass sun/security/util/SignatureUtil
instanceKlass java/security/interfaces/DSAPublicKey
instanceKlass java/security/interfaces/DSAKey
instanceKlass javax/crypto/SecretKey
instanceKlass sun/security/util/Length
instanceKlass sun/security/provider/certpath/CertPathConstraintsParameters
instanceKlass sun/security/util/ConstraintsParameters
instanceKlass sun/security/provider/certpath/PKIXMasterCertPathValidator
instanceKlass sun/security/provider/certpath/PolicyNodeImpl
instanceKlass java/security/cert/PolicyNode
instanceKlass sun/security/x509/X509CertImpl$$Lambda$458
instanceKlass sun/security/util/UntrustedCertificates$1
instanceKlass sun/security/util/UntrustedCertificates
instanceKlass java/security/cert/X509CertSelector
instanceKlass java/security/cert/CertSelector
instanceKlass sun/security/provider/certpath/PKIX$ValidatorParams
instanceKlass sun/security/provider/certpath/PKIX
instanceKlass java/security/cert/CertPath
instanceKlass java/security/cert/CertPathValidatorSpi
instanceKlass java/security/cert/CertPathValidator
instanceKlass sun/security/util/DisabledAlgorithmConstraints$CertPathHolder
instanceKlass java/security/cert/PKIXCertPathChecker
instanceKlass java/security/cert/CertPathChecker
instanceKlass java/security/Timestamp
instanceKlass sun/security/ssl/SSLAlgorithmConstraints$SupportedSignatureAlgorithmConstraints
instanceKlass sun/text/normalizer/NormalizerImpl$ReorderingBuffer
instanceKlass sun/text/normalizer/UTF16
instanceKlass sun/text/normalizer/NormalizerImpl$IsAcceptable
instanceKlass sun/text/normalizer/NormalizerImpl
instanceKlass sun/text/normalizer/Norm2AllModes$Norm2AllModesSingleton
instanceKlass sun/text/normalizer/Norm2AllModes$NFKCSingleton
instanceKlass sun/text/normalizer/Norm2AllModes
instanceKlass sun/text/normalizer/Normalizer2
instanceKlass sun/text/normalizer/NormalizerBase$ModeImpl
instanceKlass sun/text/normalizer/NormalizerBase$NFKDModeImpl
instanceKlass sun/text/normalizer/NormalizerBase$1
instanceKlass sun/text/normalizer/NormalizerBase$Mode
instanceKlass sun/text/normalizer/NormalizerBase
instanceKlass java/text/Normalizer
instanceKlass sun/security/pkcs/SignerInfo
instanceKlass sun/security/pkcs/PKCS9Attribute
instanceKlass sun/security/x509/AVAKeyword
instanceKlass java/security/cert/PKIXParameters
instanceKlass java/security/cert/CertPathParameters
instanceKlass sun/security/provider/certpath/CertPathHelper
instanceKlass java/security/cert/TrustAnchor
instanceKlass sun/security/validator/EndEntityChecker
instanceKlass sun/security/validator/Validator
instanceKlass javax/net/ssl/SSLEngine
instanceKlass sun/security/ssl/X509Authentication$X509PossessionGenerator
instanceKlass sun/security/ssl/SSLAuthentication
instanceKlass sun/security/ssl/SSLKeyExchange$SSLKeyExECDHERSAOrPSS
instanceKlass sun/security/ssl/SSLKeyExchange$1
instanceKlass sun/security/ssl/ServerNameExtension$SHServerNamesSpec
instanceKlass sun/security/ssl/RenegoInfoExtension$RenegotiationInfoSpec
instanceKlass sun/security/ssl/HandshakeHash$NonCloneableHash
instanceKlass sun/security/ssl/HandshakeHash$T12HandshakeHash
instanceKlass sun/security/util/ByteArrays
instanceKlass sun/security/ssl/TransportContext$1
instanceKlass sun/security/ssl/Plaintext
instanceKlass sun/security/ssl/OutputRecord$T13PaddingHolder
instanceKlass sun/security/ssl/KeyShareExtension$CHKeyShareSpec
instanceKlass sun/security/ssl/XDHKeyExchange$1
instanceKlass sun/security/ssl/KeyShareExtension$KeyShareEntry
instanceKlass sun/security/pkcs/PKCS8Key
instanceKlass java/security/interfaces/XECPrivateKey
instanceKlass java/security/interfaces/XECPublicKey
instanceKlass java/security/interfaces/XECKey
instanceKlass java/security/KeyPair
instanceKlass sun/security/util/math/MutableIntegerModuloP
instanceKlass sun/security/jca/JCAUtil$CachedSecureRandomHolder
instanceKlass sun/security/util/math/intpoly/IntegerPolynomial$Limb
instanceKlass sun/security/util/math/SmallValue
instanceKlass sun/security/util/math/intpoly/IntegerPolynomial$Element
instanceKlass sun/security/util/math/ImmutableIntegerModuloP
instanceKlass sun/security/util/math/intpoly/IntegerPolynomial
instanceKlass sun/security/util/math/IntegerModuloP
instanceKlass sun/security/util/math/IntegerFieldModuloP
instanceKlass sun/security/ec/XECOperations
instanceKlass sun/security/ec/XECParameters$1
instanceKlass java/lang/invoke/LambdaForm$MH
instanceKlass java/lang/invoke/LambdaForm$MH
instanceKlass java/lang/invoke/LambdaForm$MH
instanceKlass java/lang/invoke/LambdaForm$MH
instanceKlass java/lang/invoke/LambdaForm$MH
instanceKlass java/lang/invoke/LambdaForm$MH
instanceKlass java/lang/invoke/LambdaForm$MH
instanceKlass sun/security/ec/XECParameters
instanceKlass sun/security/ec/XDHKeyPairGenerator$$Lambda$457
instanceKlass sun/security/ssl/XDHKeyExchange$XDHEPossession
instanceKlass sun/security/ssl/ECDHKeyExchange$ECDHEXDHKAGenerator
instanceKlass sun/security/ssl/ECDHKeyExchange$ECDHEKAGenerator
instanceKlass sun/security/ssl/ECDHKeyExchange$ECDHKAGenerator
instanceKlass sun/security/ssl/ECDHKeyExchange$ECDHEPossessionGenerator
instanceKlass sun/security/ssl/ECDHKeyExchange
instanceKlass sun/security/ssl/DHKeyExchange$DHEKAGenerator
instanceKlass sun/security/ssl/DHKeyExchange$DHEPossessionGenerator
instanceKlass sun/security/ssl/DHKeyExchange
instanceKlass sun/security/ssl/RSAKeyExchange$RSAKAGenerator
instanceKlass sun/security/ssl/RSAKeyExchange$EphemeralRSAPossessionGenerator
instanceKlass sun/security/ssl/RSAKeyExchange
instanceKlass sun/security/ssl/SSLKeyExchange$T13KeyAgreement
instanceKlass sun/security/ssl/SSLKeyAgreement
instanceKlass sun/security/ssl/SSLPossessionGenerator
instanceKlass sun/security/ssl/SSLKeyExchange
instanceKlass sun/security/ssl/SSLHandshakeBinding
instanceKlass sun/security/ssl/SSLKeyAgreementGenerator
instanceKlass sun/security/ssl/PskKeyExchangeModesExtension$PskKeyExchangeModesSpec
instanceKlass sun/security/ssl/SupportedVersionsExtension$CHSupportedVersionsSpec
instanceKlass sun/security/ssl/ExtendedMasterSecretExtension$ExtendedMasterSecretSpec
instanceKlass sun/security/ssl/CertStatusExtension$CertStatusRequestV2Spec
instanceKlass sun/security/ssl/SignatureAlgorithmsExtension$SignatureSchemesSpec
instanceKlass java/security/spec/MGF1ParameterSpec
instanceKlass sun/security/ssl/ECPointFormatsExtension$ECPointFormatsSpec
instanceKlass sun/security/ssl/SupportedGroupsExtension$SupportedGroupsSpec
instanceKlass sun/security/ssl/CertStatusExtension$CertStatusRequest
instanceKlass sun/security/ssl/CertStatusExtension$CertStatusRequestSpec
instanceKlass sun/security/ssl/ServerNameExtension$CHServerNamesSpec
instanceKlass sun/security/ssl/SSLExtension$SSLExtensionSpec
instanceKlass sun/security/ssl/SSLExtension$ClientExtensions
instanceKlass sun/security/ssl/PreSharedKeyExtension$SHPreSharedKeyStringizer
instanceKlass sun/security/ssl/PreSharedKeyExtension$SHPreSharedKeyAbsence
instanceKlass sun/security/ssl/PreSharedKeyExtension$SHPreSharedKeyConsumer
instanceKlass sun/security/ssl/PreSharedKeyExtension$SHPreSharedKeyProducer
instanceKlass sun/security/ssl/PreSharedKeyExtension$CHPreSharedKeyStringizer
instanceKlass sun/security/ssl/PreSharedKeyExtension$CHPreSharedKeyOnTradeAbsence
instanceKlass sun/security/ssl/PreSharedKeyExtension$CHPreSharedKeyUpdate
instanceKlass sun/security/ssl/PreSharedKeyExtension$CHPreSharedKeyOnLoadAbsence
instanceKlass sun/security/ssl/PreSharedKeyExtension$CHPreSharedKeyConsumer
instanceKlass sun/security/ssl/PreSharedKeyExtension$CHPreSharedKeyProducer
instanceKlass sun/security/ssl/PreSharedKeyExtension
instanceKlass sun/security/ssl/RenegoInfoExtension$RenegotiationInfoStringizer
instanceKlass sun/security/ssl/RenegoInfoExtension$SHRenegotiationInfoAbsence
instanceKlass sun/security/ssl/RenegoInfoExtension$SHRenegotiationInfoConsumer
instanceKlass sun/security/ssl/RenegoInfoExtension$SHRenegotiationInfoProducer
instanceKlass sun/security/ssl/RenegoInfoExtension$CHRenegotiationInfoAbsence
instanceKlass sun/security/ssl/RenegoInfoExtension$CHRenegotiationInfoConsumer
instanceKlass sun/security/ssl/RenegoInfoExtension$CHRenegotiationInfoProducer
instanceKlass sun/security/ssl/RenegoInfoExtension
instanceKlass sun/security/ssl/KeyShareExtension$HRRKeyShareStringizer
instanceKlass sun/security/ssl/KeyShareExtension$HRRKeyShareReproducer
instanceKlass sun/security/ssl/KeyShareExtension$HRRKeyShareConsumer
instanceKlass sun/security/ssl/KeyShareExtension$HRRKeyShareProducer
instanceKlass sun/security/ssl/KeyShareExtension$SHKeyShareStringizer
instanceKlass sun/security/ssl/KeyShareExtension$SHKeyShareAbsence
instanceKlass sun/security/ssl/KeyShareExtension$SHKeyShareConsumer
instanceKlass sun/security/ssl/KeyShareExtension$SHKeyShareProducer
instanceKlass sun/security/ssl/KeyShareExtension$CHKeyShareStringizer
instanceKlass sun/security/ssl/KeyShareExtension$CHKeyShareOnTradeAbsence
instanceKlass sun/security/ssl/KeyShareExtension$CHKeyShareConsumer
instanceKlass sun/security/ssl/KeyShareExtension$CHKeyShareProducer
instanceKlass sun/security/ssl/KeyShareExtension
instanceKlass sun/security/ssl/CertificateAuthoritiesExtension$CertificateAuthoritiesStringizer
instanceKlass sun/security/ssl/CertificateAuthoritiesExtension$CRCertificateAuthoritiesConsumer
instanceKlass sun/security/ssl/CertificateAuthoritiesExtension$CRCertificateAuthoritiesProducer
instanceKlass sun/security/ssl/CertificateAuthoritiesExtension$CHCertificateAuthoritiesConsumer
instanceKlass sun/security/ssl/CertificateAuthoritiesExtension$CHCertificateAuthoritiesProducer
instanceKlass sun/security/ssl/CertificateAuthoritiesExtension
instanceKlass sun/security/ssl/PskKeyExchangeModesExtension$PskKeyExchangeModesStringizer
instanceKlass sun/security/ssl/PskKeyExchangeModesExtension$PskKeyExchangeModesOnTradeAbsence
instanceKlass sun/security/ssl/PskKeyExchangeModesExtension$PskKeyExchangeModesOnLoadAbsence
instanceKlass sun/security/ssl/PskKeyExchangeModesExtension$PskKeyExchangeModesConsumer
instanceKlass sun/security/ssl/PskKeyExchangeModesExtension$PskKeyExchangeModesProducer
instanceKlass sun/security/ssl/PskKeyExchangeModesExtension
instanceKlass sun/security/ssl/CookieExtension$CookieStringizer
instanceKlass sun/security/ssl/CookieExtension$HRRCookieReproducer
instanceKlass sun/security/ssl/CookieExtension$HRRCookieConsumer
instanceKlass sun/security/ssl/CookieExtension$HRRCookieProducer
instanceKlass sun/security/ssl/CookieExtension$CHCookieUpdate
instanceKlass sun/security/ssl/CookieExtension$CHCookieConsumer
instanceKlass sun/security/ssl/CookieExtension$CHCookieProducer
instanceKlass sun/security/ssl/CookieExtension
instanceKlass sun/security/ssl/SupportedVersionsExtension$HRRSupportedVersionsReproducer
instanceKlass sun/security/ssl/SupportedVersionsExtension$HRRSupportedVersionsConsumer
instanceKlass sun/security/ssl/SupportedVersionsExtension$HRRSupportedVersionsProducer
instanceKlass sun/security/ssl/SupportedVersionsExtension$SHSupportedVersionsStringizer
instanceKlass sun/security/ssl/SupportedVersionsExtension$SHSupportedVersionsConsumer
instanceKlass sun/security/ssl/SupportedVersionsExtension$SHSupportedVersionsProducer
instanceKlass sun/security/ssl/SupportedVersionsExtension$CHSupportedVersionsStringizer
instanceKlass sun/security/ssl/SupportedVersionsExtension$CHSupportedVersionsConsumer
instanceKlass sun/security/ssl/SupportedVersionsExtension$CHSupportedVersionsProducer
instanceKlass sun/security/ssl/SupportedVersionsExtension
instanceKlass sun/security/ssl/ExtendedMasterSecretExtension$ExtendedMasterSecretStringizer
instanceKlass sun/security/ssl/ExtendedMasterSecretExtension$SHExtendedMasterSecretAbsence
instanceKlass sun/security/ssl/ExtendedMasterSecretExtension$SHExtendedMasterSecretConsumer
instanceKlass sun/security/ssl/ExtendedMasterSecretExtension$SHExtendedMasterSecretProducer
instanceKlass sun/security/ssl/ExtendedMasterSecretExtension$CHExtendedMasterSecretAbsence
instanceKlass sun/security/ssl/ExtendedMasterSecretExtension$CHExtendedMasterSecretConsumer
instanceKlass sun/security/ssl/ExtendedMasterSecretExtension$CHExtendedMasterSecretProducer
instanceKlass sun/security/ssl/ExtendedMasterSecretExtension
instanceKlass sun/security/ssl/AlpnExtension$$Lambda$456
instanceKlass sun/security/ssl/AlpnExtension$AlpnStringizer
instanceKlass sun/security/ssl/AlpnExtension$SHAlpnAbsence
instanceKlass sun/security/ssl/AlpnExtension$SHAlpnConsumer
instanceKlass sun/security/ssl/AlpnExtension$SHAlpnProducer
instanceKlass sun/security/ssl/AlpnExtension$CHAlpnAbsence
instanceKlass sun/security/ssl/AlpnExtension$CHAlpnConsumer
instanceKlass sun/security/ssl/AlpnExtension$CHAlpnProducer
instanceKlass sun/security/ssl/AlpnExtension
instanceKlass sun/security/ssl/CertSignAlgsExtension$CertSignatureSchemesStringizer
instanceKlass sun/security/ssl/CertSignAlgsExtension$CRCertSignatureSchemesUpdate
instanceKlass sun/security/ssl/CertSignAlgsExtension$CRCertSignatureSchemesConsumer
instanceKlass sun/security/ssl/CertSignAlgsExtension$CRCertSignatureSchemesProducer
instanceKlass sun/security/ssl/CertSignAlgsExtension$CHCertSignatureSchemesUpdate
instanceKlass sun/security/ssl/CertSignAlgsExtension$CHCertSignatureSchemesConsumer
instanceKlass sun/security/ssl/CertSignAlgsExtension$CHCertSignatureSchemesProducer
instanceKlass sun/security/ssl/CertSignAlgsExtension
instanceKlass sun/security/ssl/SignatureAlgorithmsExtension$SignatureSchemesStringizer
instanceKlass sun/security/ssl/SignatureAlgorithmsExtension$CRSignatureSchemesUpdate
instanceKlass sun/security/ssl/SignatureAlgorithmsExtension$CRSignatureSchemesAbsence
instanceKlass sun/security/ssl/SignatureAlgorithmsExtension$CRSignatureSchemesConsumer
instanceKlass sun/security/ssl/SignatureAlgorithmsExtension$CRSignatureSchemesProducer
instanceKlass sun/security/ssl/SignatureAlgorithmsExtension$CHSignatureSchemesOnTradeAbsence
instanceKlass sun/security/ssl/SignatureAlgorithmsExtension$CHSignatureSchemesUpdate
instanceKlass sun/security/ssl/SignatureAlgorithmsExtension$CHSignatureSchemesOnLoadAbsence
instanceKlass sun/security/ssl/SignatureAlgorithmsExtension$CHSignatureSchemesConsumer
instanceKlass sun/security/ssl/SignatureAlgorithmsExtension$CHSignatureSchemesProducer
instanceKlass sun/security/ssl/SignatureAlgorithmsExtension
instanceKlass sun/security/ssl/ECPointFormatsExtension$ECPointFormatsStringizer
instanceKlass sun/security/ssl/ECPointFormatsExtension$SHECPointFormatsConsumer
instanceKlass sun/security/ssl/ECPointFormatsExtension$CHECPointFormatsConsumer
instanceKlass sun/security/ssl/ECPointFormatsExtension$CHECPointFormatsProducer
instanceKlass sun/security/ssl/ECPointFormatsExtension
instanceKlass sun/security/ssl/SupportedGroupsExtension$EESupportedGroupsConsumer
instanceKlass sun/security/ssl/SupportedGroupsExtension$SupportedGroupsStringizer
instanceKlass sun/security/ssl/SupportedGroupsExtension$CHSupportedGroupsOnTradeAbsence
instanceKlass sun/security/ssl/SupportedGroupsExtension$CHSupportedGroupsConsumer
instanceKlass sun/security/ssl/SupportedGroupsExtension
instanceKlass sun/security/ssl/CertStatusExtension$CertStatusRespStringizer
instanceKlass sun/security/ssl/CertStatusExtension$CertStatusRequestsStringizer
instanceKlass sun/security/ssl/CertStatusExtension$SHCertStatusReqV2Consumer
instanceKlass sun/security/ssl/CertStatusExtension$SHCertStatusReqV2Producer
instanceKlass sun/security/ssl/CertStatusExtension$CHCertStatusReqV2Consumer
instanceKlass sun/security/ssl/CertStatusExtension$CHCertStatusReqV2Producer
instanceKlass sun/security/ssl/CertStatusExtension$CertStatusRequestStringizer
instanceKlass sun/security/ssl/CertStatusExtension$CTCertStatusResponseConsumer
instanceKlass sun/security/ssl/CertStatusExtension$CTCertStatusResponseProducer
instanceKlass sun/security/ssl/CertStatusExtension$SHCertStatusReqConsumer
instanceKlass sun/security/ssl/CertStatusExtension$SHCertStatusReqProducer
instanceKlass sun/security/ssl/CertStatusExtension$CHCertStatusReqConsumer
instanceKlass sun/security/ssl/CertStatusExtension$CHCertStatusReqProducer
instanceKlass sun/security/ssl/CertStatusExtension
instanceKlass sun/security/ssl/MaxFragExtension$MaxFragLenStringizer
instanceKlass sun/security/ssl/MaxFragExtension$EEMaxFragmentLengthUpdate
instanceKlass sun/security/ssl/MaxFragExtension$EEMaxFragmentLengthConsumer
instanceKlass sun/security/ssl/MaxFragExtension$EEMaxFragmentLengthProducer
instanceKlass sun/security/ssl/MaxFragExtension$SHMaxFragmentLengthUpdate
instanceKlass sun/security/ssl/MaxFragExtension$SHMaxFragmentLengthConsumer
instanceKlass sun/security/ssl/MaxFragExtension$SHMaxFragmentLengthProducer
instanceKlass sun/security/ssl/MaxFragExtension$CHMaxFragmentLengthConsumer
instanceKlass sun/security/ssl/MaxFragExtension$CHMaxFragmentLengthProducer
instanceKlass sun/security/ssl/MaxFragExtension
instanceKlass sun/security/ssl/ServerNameExtension$EEServerNameConsumer
instanceKlass sun/security/ssl/ServerNameExtension$EEServerNameProducer
instanceKlass sun/security/ssl/ServerNameExtension$SHServerNamesStringizer
instanceKlass sun/security/ssl/ServerNameExtension$SHServerNameConsumer
instanceKlass sun/security/ssl/ServerNameExtension$SHServerNameProducer
instanceKlass sun/security/ssl/ServerNameExtension$CHServerNamesStringizer
instanceKlass sun/security/ssl/ServerNameExtension$CHServerNameConsumer
instanceKlass sun/security/ssl/SSLExtension$ExtensionConsumer
instanceKlass sun/security/ssl/ServerNameExtension$CHServerNameProducer
instanceKlass sun/security/ssl/ServerNameExtension
instanceKlass sun/security/ssl/SSLStringizer
instanceKlass sun/security/ssl/SSLExtensions
instanceKlass sun/security/ssl/SSLHandshake$HandshakeMessage
instanceKlass sun/security/ssl/RandomCookie
instanceKlass sun/security/util/KeyUtil
instanceKlass javax/crypto/spec/DHParameterSpec
instanceKlass sun/security/ssl/PredefinedDHParameterSpecs$1
instanceKlass sun/security/ssl/PredefinedDHParameterSpecs
instanceKlass sun/security/provider/certpath/ldap/JdkLDAP$1
instanceKlass com/sun/security/sasl/Provider$1
instanceKlass sun/security/mscapi/SunMSCAPI$2
instanceKlass sun/security/mscapi/SunMSCAPI$1
instanceKlass sun/security/smartcardio/SunPCSC$1
instanceKlass sun/security/pkcs11/SunPKCS11$Descriptor
instanceKlass javax/security/auth/Subject
instanceKlass javax/security/auth/callback/CallbackHandler
instanceKlass sun/security/jgss/SunProvider$1
instanceKlass com/sun/security/sasl/gsskerb/JdkSASL$1
instanceKlass org/jcp/xml/dsig/internal/dom/XMLDSigRI$2
instanceKlass org/jcp/xml/dsig/internal/dom/XMLDSigRI$1
instanceKlass sun/security/ssl/SupportedGroupsExtension$SupportedGroups
instanceKlass sun/security/ssl/SSLKeyDerivation
instanceKlass sun/security/ssl/SSLCredentials
instanceKlass sun/security/ssl/NamedGroupPossession
instanceKlass sun/security/ssl/SSLPossession
instanceKlass sun/security/ssl/HandshakeContext
instanceKlass java/net/Socket$3
instanceKlass java/net/Socket$2
instanceKlass sun/text/normalizer/Trie2$UTrie2Header
instanceKlass sun/text/normalizer/Trie2$1
instanceKlass sun/text/normalizer/Trie2$ValueMapper
instanceKlass sun/text/normalizer/Trie2
instanceKlass sun/text/normalizer/UCharacterProperty$IsAcceptable
instanceKlass sun/text/normalizer/ICUBinary$1
instanceKlass sun/text/normalizer/UCharacterProperty$IntProperty
instanceKlass sun/text/normalizer/UCharacterProperty
instanceKlass sun/text/normalizer/UCharacter
instanceKlass sun/text/normalizer/VersionInfo
instanceKlass sun/text/normalizer/Trie
instanceKlass sun/net/idn/StringPrep$StringPrepTrieImpl
instanceKlass sun/text/normalizer/Trie$DataManipulate
instanceKlass sun/text/normalizer/ICUBinary
instanceKlass sun/net/idn/StringPrepDataReader
instanceKlass sun/text/normalizer/ICUBinary$Authenticate
instanceKlass jdk/internal/module/SystemModuleFinders$SystemModuleReader$$Lambda$455
instanceKlass sun/net/idn/StringPrep
instanceKlass java/net/IDN
instanceKlass javax/net/ssl/SNIServerName
instanceKlass sun/security/ssl/DTLSRecord
instanceKlass sun/security/ssl/SessionId
instanceKlass javax/net/ssl/ExtendedSSLSession
instanceKlass sun/security/ssl/SSLConfiguration$CustomizedClientSignatureSchemes
instanceKlass javax/crypto/KeyGeneratorSpi
instanceKlass javax/crypto/KeyGenerator
instanceKlass sun/security/ssl/SSLConfiguration
instanceKlass sun/security/ssl/SSLCipher$SSLWriteCipher
instanceKlass sun/security/ssl/KeyUpdate$KeyUpdateProducer
instanceKlass sun/security/ssl/KeyUpdate$KeyUpdateConsumer
instanceKlass sun/security/ssl/KeyUpdate$KeyUpdateKickstartProducer
instanceKlass sun/security/ssl/KeyUpdate
instanceKlass sun/security/ssl/CertificateStatus$CertificateStatusAbsence
instanceKlass sun/security/ssl/HandshakeAbsence
instanceKlass sun/security/ssl/CertificateStatus$CertificateStatusProducer
instanceKlass sun/security/ssl/CertificateStatus$CertificateStatusConsumer
instanceKlass sun/security/ssl/CertificateStatus
instanceKlass sun/security/ssl/Finished$T13FinishedProducer
instanceKlass sun/security/ssl/Finished$T13FinishedConsumer
instanceKlass sun/security/ssl/Finished$T12FinishedProducer
instanceKlass sun/security/ssl/Finished$T12FinishedConsumer
instanceKlass sun/security/ssl/Finished
instanceKlass sun/security/ssl/ClientKeyExchange$ClientKeyExchangeProducer
instanceKlass sun/security/ssl/ClientKeyExchange$ClientKeyExchangeConsumer
instanceKlass sun/security/ssl/ClientKeyExchange
instanceKlass sun/security/ssl/CertificateVerify$T13CertificateVerifyProducer
instanceKlass sun/security/ssl/CertificateVerify$T13CertificateVerifyConsumer
instanceKlass sun/security/ssl/CertificateVerify$T12CertificateVerifyProducer
instanceKlass sun/security/ssl/CertificateVerify$T12CertificateVerifyConsumer
instanceKlass sun/security/ssl/CertificateVerify$T10CertificateVerifyProducer
instanceKlass sun/security/ssl/CertificateVerify$T10CertificateVerifyConsumer
instanceKlass sun/security/ssl/CertificateVerify$S30CertificateVerifyProducer
instanceKlass sun/security/ssl/CertificateVerify$S30CertificateVerifyConsumer
instanceKlass sun/security/ssl/CertificateVerify
instanceKlass sun/security/ssl/ServerHelloDone$ServerHelloDoneProducer
instanceKlass sun/security/ssl/ServerHelloDone$ServerHelloDoneConsumer
instanceKlass sun/security/ssl/ServerHelloDone
instanceKlass sun/security/ssl/CertificateRequest$T13CertificateRequestProducer
instanceKlass sun/security/ssl/CertificateRequest$T13CertificateRequestConsumer
instanceKlass sun/security/ssl/CertificateRequest$T12CertificateRequestProducer
instanceKlass sun/security/ssl/CertificateRequest$T12CertificateRequestConsumer
instanceKlass sun/security/ssl/CertificateRequest$T10CertificateRequestProducer
instanceKlass sun/security/ssl/CertificateRequest$T10CertificateRequestConsumer
instanceKlass sun/security/ssl/CertificateRequest
instanceKlass sun/security/ssl/ServerKeyExchange$ServerKeyExchangeProducer
instanceKlass sun/security/ssl/ServerKeyExchange$ServerKeyExchangeConsumer
instanceKlass sun/security/ssl/ServerKeyExchange
instanceKlass sun/security/ssl/CertificateMessage$T13CertificateProducer
instanceKlass sun/security/ssl/CertificateMessage$T13CertificateConsumer
instanceKlass sun/security/ssl/CertificateMessage$T12CertificateProducer
instanceKlass sun/security/ssl/CertificateMessage$T12CertificateConsumer
instanceKlass sun/security/ssl/CertificateMessage
instanceKlass sun/security/ssl/EncryptedExtensions$EncryptedExtensionsConsumer
instanceKlass sun/security/ssl/EncryptedExtensions$EncryptedExtensionsProducer
instanceKlass sun/security/ssl/EncryptedExtensions
instanceKlass sun/security/ssl/NewSessionTicket$NewSessionTicketProducer
instanceKlass sun/security/ssl/NewSessionTicket$NewSessionTicketKickstartProducer
instanceKlass sun/security/ssl/NewSessionTicket$NewSessionTicketConsumer
instanceKlass sun/security/ssl/NewSessionTicket
instanceKlass sun/security/ssl/HelloVerifyRequest$HelloVerifyRequestProducer
instanceKlass sun/security/ssl/HelloVerifyRequest$HelloVerifyRequestConsumer
instanceKlass sun/security/ssl/HelloVerifyRequest
instanceKlass sun/security/ssl/ServerHello$T13HelloRetryRequestConsumer
instanceKlass sun/security/ssl/ServerHello$T13ServerHelloConsumer
instanceKlass sun/security/ssl/ServerHello$T12ServerHelloConsumer
instanceKlass sun/security/ssl/ServerHello$T13HelloRetryRequestReproducer
instanceKlass sun/security/ssl/ServerHello$T13HelloRetryRequestProducer
instanceKlass sun/security/ssl/ServerHello$T13ServerHelloProducer
instanceKlass sun/security/ssl/ServerHello$T12ServerHelloProducer
instanceKlass sun/security/ssl/ServerHello$ServerHelloConsumer
instanceKlass sun/security/ssl/ServerHello
instanceKlass sun/security/ssl/ClientHello$D13ClientHelloConsumer
instanceKlass sun/security/ssl/ClientHello$D12ClientHelloConsumer
instanceKlass sun/security/ssl/ClientHello$T13ClientHelloConsumer
instanceKlass sun/security/ssl/ClientHello$T12ClientHelloConsumer
instanceKlass sun/security/ssl/HandshakeConsumer
instanceKlass sun/security/ssl/ClientHello$ClientHelloProducer
instanceKlass sun/security/ssl/ClientHello$ClientHelloConsumer
instanceKlass sun/security/ssl/ClientHello$ClientHelloKickstartProducer
instanceKlass sun/security/ssl/ClientHello
instanceKlass sun/security/ssl/HelloRequest$HelloRequestProducer
instanceKlass sun/security/ssl/HelloRequest$HelloRequestConsumer
instanceKlass sun/security/ssl/HelloRequest$HelloRequestKickstartProducer
instanceKlass sun/security/ssl/SSLProducer
instanceKlass sun/security/ssl/HelloRequest
instanceKlass sun/security/ssl/HandshakeProducer
instanceKlass sun/security/ssl/SSLConsumer
instanceKlass sun/security/ssl/Authenticator$MacImpl
instanceKlass sun/security/ssl/Authenticator$MAC
instanceKlass sun/security/ssl/Authenticator
instanceKlass sun/security/ssl/SSLCipher$SSLReadCipher
instanceKlass sun/security/ssl/InputRecord
instanceKlass sun/security/ssl/SSLRecord
instanceKlass sun/security/ssl/Record
instanceKlass sun/security/ssl/TransportContext
instanceKlass sun/security/ssl/ConnectionContext
instanceKlass sun/security/ssl/HandshakeHash$CacheOnlyHash
instanceKlass sun/security/ssl/HandshakeHash$TranscriptHash
instanceKlass sun/security/ssl/HandshakeHash
instanceKlass sun/security/ssl/SSLTransport
instanceKlass sun/net/NetHooks
instanceKlass java/net/SocksSocketImpl$3
instanceKlass java/net/InetSocketAddress$InetSocketAddressHolder
instanceKlass java/net/AbstractPlainSocketImpl$1
instanceKlass java/net/StandardSocketOptions$StdSocketOption
instanceKlass java/net/SocketOption
instanceKlass java/net/StandardSocketOptions
instanceKlass java/net/SocketImpl
instanceKlass java/net/SocketOptions
instanceKlass java/net/SocksConsts
instanceKlass org/apache/http/client/methods/AbstractExecutionAwareRequest$2
instanceKlass org/apache/http/conn/routing/RouteTracker
instanceKlass org/apache/http/impl/entity/LaxContentLengthStrategy
instanceKlass org/apache/http/impl/entity/EntityDeserializer
instanceKlass org/apache/http/impl/entity/StrictContentLengthStrategy
instanceKlass org/apache/http/impl/entity/EntitySerializer
instanceKlass org/apache/http/io/SessionOutputBuffer
instanceKlass org/apache/http/io/SessionInputBuffer
instanceKlass org/apache/http/HttpResponseFactory
instanceKlass org/apache/http/io/HttpMessageWriter
instanceKlass org/apache/http/entity/ContentLengthStrategy
instanceKlass org/apache/http/io/HttpMessageParser
instanceKlass org/apache/http/impl/AbstractHttpClientConnection
instanceKlass org/apache/http/client/params/HttpClientParams
instanceKlass org/apache/http/client/methods/AbstractExecutionAwareRequest$1
instanceKlass org/apache/http/impl/conn/BasicClientConnectionManager$1
instanceKlass org/apache/http/impl/client/RoutedRequest
instanceKlass org/apache/http/impl/conn/ProxySelectorRoutePlanner$1
instanceKlass sun/net/spi/DefaultProxySelector$4
instanceKlass sun/net/spi/DefaultProxySelector$NonProxyInfo
instanceKlass org/apache/http/util/Asserts
instanceKlass org/apache/http/conn/params/ConnRouteParams
instanceKlass org/apache/http/conn/params/ConnRoutePNames
instanceKlass org/apache/http/entity/HttpEntityWrapper
instanceKlass org/apache/http/auth/AuthState
instanceKlass org/apache/http/impl/client/AuthenticationStrategyAdaptor
instanceKlass org/apache/http/impl/client/DefaultRedirectStrategyAdaptor
instanceKlass org/apache/http/impl/auth/HttpAuthenticator
instanceKlass org/apache/http/conn/routing/HttpRouteDirector
instanceKlass org/apache/http/impl/client/DefaultRequestDirector
instanceKlass org/apache/http/impl/client/DefaultUserTokenHandler
instanceKlass org/apache/http/client/AuthCache
instanceKlass org/apache/http/impl/client/AuthenticationStrategyImpl
instanceKlass org/apache/http/impl/client/DefaultRedirectStrategy
instanceKlass org/apache/http/impl/client/DefaultHttpRequestRetryHandler
instanceKlass org/apache/http/HeaderElementIterator
instanceKlass org/apache/http/impl/client/DefaultConnectionKeepAliveStrategy
instanceKlass org/apache/http/TokenIterator
instanceKlass org/apache/http/impl/DefaultConnectionReuseStrategy
instanceKlass org/apache/http/client/config/RequestConfig$Builder
instanceKlass org/apache/http/client/config/RequestConfig
instanceKlass org/apache/http/client/params/HttpClientParamConfig
instanceKlass org/apache/http/protocol/DefaultedHttpContext
instanceKlass org/apache/http/impl/client/BasicCredentialsProvider
instanceKlass org/apache/http/cookie/CookieIdentityComparator
instanceKlass org/apache/http/impl/client/BasicCookieStore
instanceKlass org/apache/http/impl/cookie/IgnoreSpecFactory
instanceKlass org/apache/http/impl/cookie/RFC2965SpecFactory
instanceKlass org/apache/http/impl/cookie/RFC2109SpecFactory
instanceKlass org/apache/http/impl/cookie/NetscapeDraftSpecFactory
instanceKlass org/apache/http/impl/cookie/BrowserCompatSpecFactory
instanceKlass org/apache/http/impl/cookie/BasicDomainHandler
instanceKlass org/apache/http/impl/cookie/RFC2109DomainHandler
instanceKlass org/apache/http/impl/cookie/RFC2965DiscardAttributeHandler
instanceKlass org/apache/http/impl/cookie/RFC2965CommentUrlAttributeHandler
instanceKlass org/apache/http/impl/cookie/AbstractCookieAttributeHandler
instanceKlass org/apache/http/impl/cookie/RFC2965PortAttributeHandler
instanceKlass org/apache/http/impl/cookie/RFC2965DomainAttributeHandler
instanceKlass org/apache/http/impl/cookie/BasicPathHandler
instanceKlass org/apache/http/impl/cookie/RFC2965VersionAttributeHandler
instanceKlass org/apache/http/cookie/CommonCookieAttributeHandler
instanceKlass org/apache/http/cookie/CookieAttributeHandler
instanceKlass org/apache/http/cookie/SetCookie
instanceKlass org/apache/http/impl/cookie/AbstractCookieSpec
instanceKlass org/apache/http/impl/cookie/DefaultCookieSpec
instanceKlass org/apache/http/cookie/CookieSpec
instanceKlass org/apache/http/impl/cookie/BestMatchSpecFactory
instanceKlass org/apache/http/cookie/CookieSpecProvider
instanceKlass org/apache/http/impl/auth/KerberosSchemeFactory
instanceKlass org/apache/http/impl/auth/SPNegoSchemeFactory
instanceKlass org/apache/http/impl/auth/NTLMSchemeFactory
instanceKlass org/apache/http/impl/auth/DigestSchemeFactory
instanceKlass org/apache/http/impl/auth/BasicSchemeFactory
instanceKlass org/apache/http/auth/AuthSchemeProvider
instanceKlass org/apache/http/client/utils/URIUtils
instanceKlass io/restassured/internal/RestAssuredHttpBuilderGroovyHelper
instanceKlass org/apache/http/HeaderElement
instanceKlass org/apache/http/message/BasicHeader
instanceKlass org/apache/http/util/CharArrayBuffer
instanceKlass org/apache/http/util/TextUtils
instanceKlass org/apache/http/entity/ContentType
instanceKlass org/apache/http/protocol/BasicHttpContext
instanceKlass io/restassured/internal/http/HttpContextDecorator
instanceKlass java/util/concurrent/atomic/AtomicMarkableReference$Pair
instanceKlass java/util/concurrent/atomic/AtomicMarkableReference
instanceKlass org/apache/http/message/HeaderGroup
instanceKlass org/apache/http/concurrent/Cancellable
instanceKlass io/restassured/internal/RestAssuredResponseOptionsGroovyImpl
instanceKlass io/restassured/response/ValidatableResponse
instanceKlass io/restassured/internal/RestAssuredResponseOptionsImpl
instanceKlass io/restassured/response/ExtractableResponse
instanceKlass groovy/transform/Internal
instanceKlass java/lang/invoke/LambdaForm$MH
instanceKlass java/lang/invoke/LambdaForm$MH
instanceKlass org/apache/http/client/params/ClientPNames
instanceKlass org/codehaus/groovy/runtime/metaclass/ClosureMetaClass$$Lambda$454
instanceKlass sun/net/NetProperties$1
instanceKlass sun/net/NetProperties
instanceKlass sun/net/spi/DefaultProxySelector$1
instanceKlass java/net/ProxySelector
instanceKlass org/apache/http/impl/conn/ManagedClientConnectionImpl
instanceKlass org/apache/http/pool/PoolEntry
instanceKlass org/apache/http/HttpConnectionMetrics
instanceKlass org/apache/http/impl/conn/SystemDefaultDnsResolver
instanceKlass org/apache/http/conn/DnsResolver
instanceKlass org/apache/http/conn/OperatedClientConnection
instanceKlass org/apache/http/impl/conn/DefaultClientConnectionOperator
instanceKlass org/apache/http/conn/ClientConnectionOperator
instanceKlass org/apache/http/impl/conn/BasicClientConnectionManager
instanceKlass org/apache/http/util/VersionInfo
instanceKlass org/apache/http/params/HttpConnectionParams
instanceKlass org/apache/http/params/CoreConnectionPNames
instanceKlass org/apache/http/Consts
instanceKlass org/apache/http/protocol/HTTP
instanceKlass org/apache/http/params/HttpProtocolParams
instanceKlass org/apache/http/params/CoreProtocolPNames
instanceKlass org/apache/http/params/AbstractHttpParams
instanceKlass org/apache/http/params/HttpParamsNames
instanceKlass javax/net/SocketFactory
instanceKlass javax/net/ssl/X509ExtendedTrustManager
instanceKlass javax/net/ssl/X509TrustManager
instanceKlass javax/net/ssl/TrustManager
instanceKlass sun/security/validator/TrustStoreUtil
instanceKlass sun/security/x509/AccessDescription
instanceKlass sun/security/x509/RFC822Name
instanceKlass sun/security/x509/NetscapeCertTypeExtension$MapEntry
instanceKlass java/security/cert/PolicyQualifierInfo
instanceKlass sun/security/x509/CertificatePolicyId
instanceKlass sun/security/x509/PolicyInformation
instanceKlass java/security/interfaces/ECPublicKey
instanceKlass sun/util/logging/PlatformLogger$ConfigurableBridge$LoggerConfiguration
instanceKlass jdk/internal/logger/LoggerFinderLoader
instanceKlass java/lang/System$LoggerFinder$$Lambda$453
instanceKlass jdk/internal/logger/LazyLoggers$LazyLoggerFactories
instanceKlass jdk/internal/logger/LazyLoggers$1
instanceKlass jdk/internal/logger/LazyLoggers
instanceKlass jdk/internal/misc/ThreadTracker$ThreadRef
instanceKlass jdk/internal/misc/ThreadTracker
instanceKlass jdk/internal/event/EventHelper$ThreadTrackHolder
instanceKlass jdk/internal/event/EventHelper
instanceKlass sun/security/jca/JCAUtil
instanceKlass sun/security/util/MemoryCache$CacheEntry
instanceKlass sun/security/x509/X509AttributeName
instanceKlass sun/security/x509/DNSName
instanceKlass sun/security/x509/URIName
instanceKlass sun/security/x509/GeneralName
instanceKlass sun/security/x509/GeneralNames
instanceKlass sun/security/x509/DistributionPoint
instanceKlass sun/security/x509/KeyIdentifier
instanceKlass sun/security/x509/OIDMap$OIDInfo
instanceKlass sun/security/x509/PKIXExtensions
instanceKlass sun/security/x509/OIDMap
instanceKlass sun/security/x509/Extension
instanceKlass java/security/cert/Extension
instanceKlass sun/security/x509/CertificateExtensions
instanceKlass sun/security/rsa/RSAUtil
instanceKlass java/security/interfaces/RSAPublicKey
instanceKlass java/security/interfaces/RSAKey
instanceKlass java/security/spec/PSSParameterSpec
instanceKlass java/security/spec/RSAPrivateKeySpec
instanceKlass java/security/spec/RSAPublicKeySpec
instanceKlass java/security/spec/EncodedKeySpec
instanceKlass java/security/spec/KeySpec
instanceKlass sun/security/util/BitArray
instanceKlass sun/security/x509/X509Key
instanceKlass sun/security/x509/CertificateX509Key
instanceKlass sun/security/x509/CertificateValidity
instanceKlass sun/security/x509/AVA
instanceKlass sun/security/util/DerIndefLenConverter
instanceKlass sun/security/x509/RDN
instanceKlass sun/security/x509/X500Name$1
instanceKlass sun/security/x509/X500Name
instanceKlass sun/security/x509/GeneralNameInterface
instanceKlass sun/security/x509/CertificateAlgorithmId
instanceKlass sun/security/x509/SerialNumber
instanceKlass sun/security/x509/CertificateSerialNumber
instanceKlass sun/security/x509/CertificateVersion
instanceKlass sun/security/x509/X509CertInfo
instanceKlass sun/security/x509/CertAttrSet
instanceKlass sun/security/x509/AlgorithmId
instanceKlass sun/security/util/Cache$EqualByteArray
instanceKlass sun/security/util/IOUtils
instanceKlass java/security/cert/CertificateFactorySpi
instanceKlass java/security/cert/CertificateFactory
instanceKlass sun/security/provider/JavaKeyStore$TrustedCertEntry
instanceKlass sun/security/util/DerInputStream
instanceKlass sun/security/util/DerValue
instanceKlass sun/security/action/OpenFileInputStreamAction
instanceKlass sun/security/util/KeyStoreDelegator$$Lambda$452
instanceKlass java/security/KeyStoreSpi
instanceKlass sun/security/ssl/TrustStoreManager$TrustStoreDescriptor$1
instanceKlass sun/security/ssl/TrustStoreManager$TrustStoreDescriptor
instanceKlass sun/security/ssl/TrustStoreManager$TrustAnchorManager
instanceKlass sun/security/ssl/TrustStoreManager
instanceKlass javax/net/ssl/TrustManagerFactorySpi
instanceKlass javax/net/ssl/TrustManagerFactory$1
instanceKlass javax/net/ssl/TrustManagerFactory
instanceKlass javax/net/ssl/X509ExtendedKeyManager
instanceKlass javax/net/ssl/X509KeyManager
instanceKlass javax/net/ssl/KeyManager
instanceKlass sun/security/util/Cache
instanceKlass sun/security/ssl/SSLSessionContextImpl
instanceKlass sun/security/ssl/EphemeralKeyManager$EphemeralKeyPair
instanceKlass sun/security/ssl/EphemeralKeyManager
instanceKlass sun/security/ssl/SSLContextImpl$CustomizedSSLProtocols
instanceKlass java/security/spec/NamedParameterSpec
instanceKlass sun/security/util/ECKeySizeParameterSpec
instanceKlass java/security/AlgorithmParametersSpi
instanceKlass java/security/AlgorithmParameters
instanceKlass sun/security/util/ECUtil
instanceKlass sun/security/ec/point/Point
instanceKlass java/security/KeyPairGeneratorSpi
instanceKlass java/security/PrivateKey
instanceKlass javax/security/auth/Destroyable
instanceKlass java/security/KeyFactorySpi
instanceKlass java/security/KeyFactory
instanceKlass javax/crypto/KeyAgreement
instanceKlass java/security/interfaces/ECKey
instanceKlass java/security/Signature$1
instanceKlass jdk/internal/misc/JavaSecuritySignatureAccess
instanceKlass java/security/SignatureSpi
instanceKlass sun/security/ssl/JsseJce$EcAvailability
instanceKlass sun/security/ssl/SSLAlgorithmDecomposer$1
instanceKlass sun/security/ssl/NamedGroup$XDHScheme
instanceKlass sun/security/ssl/NamedGroup$FFDHEScheme
instanceKlass sun/security/ssl/NamedGroup$ECDHEScheme
instanceKlass sun/security/ssl/NamedGroup$NamedGroupScheme
instanceKlass sun/security/ssl/SSLCipher$1
instanceKlass sun/security/ssl/SSLCipher$T13CC20P1305WriteCipherGenerator
instanceKlass sun/security/ssl/SSLCipher$T12CC20P1305WriteCipherGenerator
instanceKlass sun/security/ssl/SSLCipher$T13CC20P1305ReadCipherGenerator
instanceKlass sun/security/ssl/SSLCipher$T12CC20P1305ReadCipherGenerator
instanceKlass sun/security/ssl/SSLCipher$T13GcmWriteCipherGenerator
instanceKlass sun/security/ssl/SSLCipher$T13GcmReadCipherGenerator
instanceKlass sun/security/ssl/SSLCipher$T12GcmWriteCipherGenerator
instanceKlass sun/security/ssl/SSLCipher$T12GcmReadCipherGenerator
instanceKlass javax/crypto/JceSecurityManager$1
instanceKlass sun/security/ssl/SSLCipher$T11BlockWriteCipherGenerator
instanceKlass sun/security/ssl/SSLCipher$T11BlockReadCipherGenerator
instanceKlass sun/security/ssl/SSLCipher$T10BlockWriteCipherGenerator
instanceKlass sun/security/ssl/SSLCipher$T10BlockReadCipherGenerator
instanceKlass javax/crypto/ProviderVerifier
instanceKlass javax/crypto/JceSecurity$2
instanceKlass java/util/Vector$1
instanceKlass javax/crypto/CryptoPolicyParser$CryptoPermissionEntry
instanceKlass javax/crypto/CryptoPolicyParser$GrantEntry
instanceKlass java/io/StreamTokenizer
instanceKlass javax/crypto/CryptoPolicyParser
instanceKlass java/nio/file/Files$1
instanceKlass sun/nio/fs/WindowsFileSystem$2
instanceKlass sun/nio/fs/Globs
instanceKlass javax/crypto/JceSecurity$1
instanceKlass javax/crypto/JceSecurity
instanceKlass sun/security/jca/ProviderList$ServiceList$1
instanceKlass sun/security/jca/ServiceId
instanceKlass javax/crypto/Cipher$Transform
instanceKlass javax/crypto/Cipher
instanceKlass sun/security/ssl/Utilities
instanceKlass sun/security/ssl/JsseJce
instanceKlass sun/security/ssl/SSLCipher$StreamWriteCipherGenerator
instanceKlass sun/security/ssl/SSLCipher$StreamReadCipherGenerator
instanceKlass sun/security/ssl/SSLCipher$NullWriteCipherGenerator
instanceKlass sun/security/ssl/SSLCipher$WriteCipherGenerator
instanceKlass sun/security/ssl/SSLCipher$NullReadCipherGenerator
instanceKlass sun/security/ssl/SSLCipher$ReadCipherGenerator
instanceKlass sun/security/util/DisabledAlgorithmConstraints$$Lambda$451
instanceKlass java/time/ZonedDateTime
instanceKlass java/time/chrono/ChronoZonedDateTime
instanceKlass sun/security/util/DisabledAlgorithmConstraints$Constraints$Holder
instanceKlass sun/security/util/DisabledAlgorithmConstraints$1
instanceKlass sun/security/util/DisabledAlgorithmConstraints$Constraint
instanceKlass sun/security/util/DisabledAlgorithmConstraints$Constraints
instanceKlass sun/security/util/AbstractAlgorithmConstraints$1
instanceKlass sun/security/util/AlgorithmDecomposer
instanceKlass sun/security/util/AbstractAlgorithmConstraints
instanceKlass sun/security/ssl/SSLAlgorithmConstraints
instanceKlass java/security/AlgorithmConstraints
instanceKlass sun/security/ssl/SSLLogger
instanceKlass sun/security/ssl/SunJSSE$1
instanceKlass java/security/spec/ECFieldF2m
instanceKlass sun/security/util/ObjectIdentifier
instanceKlass sun/security/util/ByteArrayTagOrder
instanceKlass sun/security/util/ByteArrayLexOrder
instanceKlass sun/security/util/DerEncoder
instanceKlass java/security/spec/ECParameterSpec
instanceKlass java/security/spec/ECPoint
instanceKlass java/security/spec/EllipticCurve
instanceKlass java/security/spec/ECFieldFp
instanceKlass java/security/spec/ECField
instanceKlass sun/security/util/CurveDB
instanceKlass sun/security/ec/SunEC$2
instanceKlass sun/security/ec/SunEC$1
instanceKlass sun/security/jca/ProviderConfig$ProviderLoader
instanceKlass sun/security/jca/ProviderConfig$3
instanceKlass sun/security/rsa/SunRsaSignEntries
instanceKlass javax/net/ssl/SSLContextSpi
instanceKlass javax/net/ssl/SSLContext
instanceKlass org/apache/http/conn/ssl/SSLContexts
instanceKlass org/apache/http/util/Args
instanceKlass org/apache/http/conn/scheme/PlainSocketFactory
instanceKlass org/apache/http/conn/scheme/SocketFactoryAdaptor
instanceKlass org/apache/http/conn/scheme/Scheme
instanceKlass org/apache/http/impl/conn/SchemeRegistryFactory
instanceKlass org/apache/http/impl/conn/ProxySelectorRoutePlanner
instanceKlass org/apache/http/entity/AbstractHttpEntity
instanceKlass io/restassured/internal/http/ContentEncoding$ResponseInterceptor
instanceKlass org/apache/http/client/protocol/RequestAuthenticationBase
instanceKlass org/apache/http/client/protocol/RequestAuthCache
instanceKlass org/apache/http/client/protocol/ResponseProcessCookies
instanceKlass org/apache/http/client/protocol/RequestAddCookies
instanceKlass org/apache/http/protocol/RequestExpectContinue
instanceKlass org/apache/http/protocol/RequestUserAgent
instanceKlass org/apache/http/client/protocol/RequestClientConnControl
instanceKlass org/apache/http/protocol/RequestTargetHost
instanceKlass org/apache/http/protocol/RequestContent
instanceKlass org/apache/http/client/protocol/RequestDefaultHeaders
instanceKlass io/restassured/internal/http/ContentEncoding$RequestInterceptor
instanceKlass io/restassured/internal/http/ContentEncoding
instanceKlass io/restassured/internal/RestAssuredHttpBuilder$$Lambda$450
instanceKlass io/restassured/internal/RestAssuredHttpBuilder$$Lambda$449
instanceKlass io/restassured/internal/RestAssuredHttpBuilder$$Lambda$448
instanceKlass io/restassured/internal/http/EncoderRegistry
instanceKlass io/restassured/internal/http/AuthConfig
instanceKlass org/apache/http/StatusLine
instanceKlass org/apache/http/HttpEntity
instanceKlass org/apache/http/auth/Credentials
instanceKlass org/apache/http/auth/AuthScope
instanceKlass org/apache/http/cookie/Cookie
instanceKlass org/apache/http/protocol/ImmutableHttpProcessor
instanceKlass org/apache/http/auth/AuthScheme
instanceKlass org/apache/http/conn/scheme/SchemeRegistry
instanceKlass org/apache/http/conn/ManagedClientConnection
instanceKlass org/apache/http/conn/ConnectionReleaseTrigger
instanceKlass org/apache/http/conn/ManagedHttpClientConnection
instanceKlass org/apache/http/HttpClientConnection
instanceKlass org/apache/http/conn/HttpRoutedConnection
instanceKlass org/apache/http/HttpInetConnection
instanceKlass org/apache/http/HttpConnection
instanceKlass org/apache/http/conn/ClientConnectionRequest
instanceKlass org/apache/http/conn/routing/HttpRoute
instanceKlass org/apache/http/conn/routing/RouteInfo
instanceKlass org/apache/http/HeaderIterator
instanceKlass org/apache/http/Header
instanceKlass org/apache/http/RequestLine
instanceKlass org/apache/http/client/ConnectionBackoffStrategy
instanceKlass org/apache/http/protocol/BasicHttpProcessor
instanceKlass org/apache/http/protocol/HttpResponseInterceptorList
instanceKlass org/apache/http/protocol/HttpRequestInterceptorList
instanceKlass org/apache/http/cookie/CookieSpecRegistry
instanceKlass org/apache/http/protocol/HttpRequestExecutor
instanceKlass org/apache/http/client/BackoffManager
instanceKlass org/apache/http/auth/AuthSchemeRegistry
instanceKlass org/apache/http/config/Lookup
instanceKlass org/apache/http/client/methods/CloseableHttpResponse
instanceKlass java/util/Collections$CheckedMap
instanceKlass java/util/Collections$ReverseComparator
instanceKlass java/util/Collections$ReverseComparator2
instanceKlass io/qameta/allure/AllureLifecycle$$Lambda$447
instanceKlass io/qameta/allure/model/Attachment
instanceKlass io/qameta/allure/AllureLifecycle$$Lambda$446
instanceKlass io/qameta/allure/AllureLifecycle$$Lambda$445
instanceKlass io/qameta/allure/attachment/DefaultAttachmentContent
instanceKlass freemarker/core/TemplateNullModel
instanceKlass freemarker/template/MapKeyValuePairIterator$1
instanceKlass freemarker/template/TemplateHashModelEx2$KeyValuePair
instanceKlass freemarker/template/MapKeyValuePairIterator
instanceKlass freemarker/core/LocalContextStack
instanceKlass freemarker/core/IteratorBlock$IterationContext
instanceKlass freemarker/template/TemplateDateModel
instanceKlass freemarker/core/EvalUtil
instanceKlass freemarker/template/TrueTemplateBooleanModel
instanceKlass freemarker/template/FalseTemplateBooleanModel
instanceKlass freemarker/template/SerializableTemplateBooleanModel
instanceKlass freemarker/ext/beans/SimpleMethod
instanceKlass freemarker/ext/beans/BeansWrapper$MethodAppearanceDecision
instanceKlass freemarker/ext/beans/FastPropertyDescriptor
instanceKlass freemarker/ext/beans/StringModel$1
instanceKlass freemarker/template/TemplateModelAdapter
instanceKlass freemarker/core/TemplateValueFormatFactory
instanceKlass freemarker/template/utility/DateUtil$DateToISO8601CalendarFactory
instanceKlass freemarker/core/LocalContext
instanceKlass freemarker/template/TemplateDirectiveBody
instanceKlass freemarker/template/TemplateHashModelEx2$KeyValuePairIterator
instanceKlass freemarker/cache/TemplateCache$MaybeMissingTemplate
instanceKlass freemarker/debug/impl/DebuggerService
instanceKlass freemarker/core/DefaultToExpression$EmptyStringAndSequenceAndHash
instanceKlass freemarker/core/FMParser$ParserIteratorBlockContext
instanceKlass freemarker/core/SingleIterationCollectionModel
instanceKlass freemarker/ext/jython/JythonModel
instanceKlass freemarker/core/IntermediateStreamOperationLikeBuiltIn$ElementTransformer
instanceKlass freemarker/template/TemplateModelIterator
instanceKlass freemarker/core/BuiltInsForExistenceHandling$defaultBI$1
instanceKlass freemarker/core/ICIChainMember
instanceKlass freemarker/core/TemplateElements
instanceKlass freemarker/core/_CoreStringUtils
instanceKlass freemarker/template/utility/StringUtil
instanceKlass freemarker/core/_CoreAPI
instanceKlass freemarker/core/LegacyConstructorParserConfiguration
instanceKlass freemarker/core/Token
instanceKlass freemarker/core/FMParser$JJCalls
instanceKlass freemarker/core/FMParserTokenManager
instanceKlass freemarker/core/SimpleCharStream
instanceKlass freemarker/core/DirectiveCallPlace
instanceKlass freemarker/template/TemplateNumberModel
instanceKlass javax/swing/tree/TreeNode
instanceKlass freemarker/core/TemplateObject
instanceKlass freemarker/core/FMParser
instanceKlass freemarker/cache/TemplateLookupResult
instanceKlass freemarker/cache/URLTemplateSource
instanceKlass freemarker/cache/TemplateCache$CachedTemplate
instanceKlass freemarker/cache/TemplateCache$TemplateKey
instanceKlass freemarker/cache/StatefulTemplateLoader
instanceKlass freemarker/cache/URLTemplateLoader
instanceKlass freemarker/template/utility/XmlEscape
instanceKlass freemarker/template/utility/NormalizeNewlines
instanceKlass freemarker/template/utility/HtmlEscape
instanceKlass freemarker/template/utility/StandardCompress
instanceKlass freemarker/template/utility/CaptureOutput
instanceKlass freemarker/template/TemplateTransformModel
instanceKlass freemarker/cache/TemplateNameFormat
instanceKlass freemarker/cache/TemplateLookupStrategy
instanceKlass freemarker/cache/SoftCacheStorage
instanceKlass freemarker/cache/CacheStorageWithGetSize
instanceKlass freemarker/cache/ConcurrentCacheStorage
instanceKlass freemarker/cache/TemplateLookupContext
instanceKlass freemarker/cache/TemplateCache
instanceKlass freemarker/core/TemplateClassResolver$3
instanceKlass freemarker/core/TemplateClassResolver$2
instanceKlass freemarker/core/TemplateClassResolver$1
instanceKlass freemarker/template/DefaultObjectWrapperBuilder$DefaultObjectWrapperFactory
instanceKlass freemarker/ext/beans/_BeansAPI$_BeansWrapperSubclassFactory
instanceKlass freemarker/template/LoggingAttemptExceptionReporter
instanceKlass freemarker/template/AttemptExceptionReporter
instanceKlass freemarker/template/TemplateExceptionHandler$4
instanceKlass freemarker/template/TemplateExceptionHandler$3
instanceKlass freemarker/template/TemplateExceptionHandler$2
instanceKlass freemarker/template/TemplateExceptionHandler$1
instanceKlass freemarker/template/TemplateExceptionHandler
instanceKlass freemarker/ext/beans/BeanModel$1
instanceKlass freemarker/template/SimpleScalar
instanceKlass freemarker/template/TemplateScalarModel
instanceKlass freemarker/ext/beans/BeanModel
instanceKlass freemarker/template/TemplateBooleanModel
instanceKlass freemarker/ext/beans/_BeansAPI
instanceKlass freemarker/template/utility/SecurityUtilities$2
instanceKlass freemarker/template/utility/SecurityUtilities
instanceKlass freemarker/ext/beans/ClassIntrospector
instanceKlass freemarker/ext/beans/BeansWrapper$3
instanceKlass freemarker/ext/beans/_MethodUtil
instanceKlass freemarker/ext/beans/MemberSelectorListMemberAccessPolicy$1
instanceKlass freemarker/ext/beans/MemberMatcher$Types
instanceKlass freemarker/ext/beans/ExecutableMemberSignature
instanceKlass freemarker/ext/beans/MemberMatcher
instanceKlass freemarker/ext/beans/TemplateAccessible
instanceKlass java/io/Console
instanceKlass freemarker/ext/beans/ClassMemberAccessPolicy
instanceKlass freemarker/ext/beans/MemberSelectorListMemberAccessPolicy
instanceKlass freemarker/ext/beans/MemberSelectorListMemberAccessPolicy$MemberSelector
instanceKlass freemarker/ext/beans/DefaultMemberAccessPolicy
instanceKlass freemarker/ext/beans/MemberAccessPolicy
instanceKlass freemarker/ext/beans/ClassIntrospectorBuilder
instanceKlass freemarker/ext/beans/BeansWrapper$5
instanceKlass freemarker/ext/beans/BeansWrapper$4
instanceKlass freemarker/template/TemplateHashModelEx2
instanceKlass freemarker/template/TemplateHashModelEx
instanceKlass freemarker/template/TemplateModelWithAPISupport
instanceKlass freemarker/ext/util/WrapperTemplateModel
instanceKlass freemarker/template/AdapterTemplateModel
instanceKlass freemarker/template/TemplateCollectionModelEx
instanceKlass freemarker/template/TemplateCollectionModel
instanceKlass freemarker/template/TemplateSequenceModel
instanceKlass freemarker/template/WrappingTemplateModel
instanceKlass freemarker/template/TemplateMethodModelEx
instanceKlass freemarker/template/TemplateMethodModel
instanceKlass freemarker/ext/beans/BeansWrapperConfiguration
instanceKlass freemarker/ext/util/ModelCache
instanceKlass freemarker/ext/beans/ClassBasedModelFactory
instanceKlass freemarker/template/TemplateHashModel
instanceKlass freemarker/ext/beans/MethodAppearanceFineTuner
instanceKlass freemarker/ext/util/ModelFactory
instanceKlass freemarker/ext/beans/BeansWrapper
instanceKlass freemarker/template/utility/WriteProtectable
instanceKlass freemarker/template/utility/RichObjectWrapper
instanceKlass freemarker/template/utility/ObjectWrapperWithAPISupport
instanceKlass freemarker/template/ObjectWrapperAndUnwrapper
instanceKlass freemarker/template/_TemplateAPI
instanceKlass java/text/CalendarBuilder
instanceKlass java/text/ParsePosition
instanceKlass freemarker/template/utility/ClassUtil
instanceKlass freemarker/template/Version
instanceKlass freemarker/core/CommonTemplateMarkupOutputModel
instanceKlass freemarker/core/TemplateMarkupOutputModel
instanceKlass freemarker/template/TemplateModel
instanceKlass freemarker/log/_JULLoggerFactory
instanceKlass freemarker/log/Logger$1
instanceKlass freemarker/log/LoggerFactory
instanceKlass freemarker/log/Logger
instanceKlass freemarker/cache/CacheStorage
instanceKlass freemarker/template/ObjectWrapper
instanceKlass freemarker/cache/TemplateLoader
instanceKlass freemarker/core/OutputFormat
instanceKlass freemarker/core/TemplateClassResolver
instanceKlass freemarker/core/FMParserConstants
instanceKlass freemarker/core/TruncateBuiltinAlgorithm
instanceKlass freemarker/core/ArithmeticEngine
instanceKlass freemarker/core/Configurable
instanceKlass freemarker/core/ParserConfiguration
instanceKlass io/qameta/allure/attachment/AttachmentContent
instanceKlass io/qameta/allure/attachment/FreemarkerAttachmentRenderer
instanceKlass io/qameta/allure/attachment/DefaultAttachmentProcessor
instanceKlass io/qameta/allure/attachment/AttachmentProcessor
instanceKlass io/qameta/allure/attachment/http/HttpRequestAttachment$Builder$$Lambda$444
instanceKlass io/qameta/allure/attachment/http/HttpRequestAttachment$Builder$$Lambda$443
instanceKlass io/qameta/allure/attachment/http/HttpRequestAttachment
instanceKlass org/apache/commons/lang3/text/translate/CharSequenceTranslator
instanceKlass org/apache/groovy/json/DefaultFastStringService
instanceKlass org/apache/groovy/json/FastStringService
instanceKlass org/apache/groovy/json/DefaultFastStringServiceFactory
instanceKlass org/apache/groovy/json/FastStringServiceFactory
instanceKlass org/apache/groovy/json/internal/FastStringUtils$ServiceHolder
instanceKlass org/apache/groovy/json/internal/FastStringUtils
instanceKlass groovy/json/StringEscapeUtils
instanceKlass groovy/json/JsonOutput$1
instanceKlass groovy/json/JsonToken
instanceKlass groovy/json/JsonLexer
instanceKlass org/apache/groovy/json/internal/Cache
instanceKlass groovy/json/JsonGenerator$Converter
instanceKlass groovy/json/JsonGenerator$Options
instanceKlass groovy/json/DefaultJsonGenerator
instanceKlass org/apache/groovy/json/internal/Chr
instanceKlass groovy/json/JsonGenerator
instanceKlass groovy/json/JsonOutput
instanceKlass io/restassured/internal/path/json/JsonPrettifier
instanceKlass io/restassured/internal/http/ContentTypeExtractor
instanceKlass io/qameta/allure/restassured/AllureRestAssured$$Lambda$442
instanceKlass io/qameta/allure/attachment/http/HttpRequestAttachment$Builder
instanceKlass io/restassured/internal/support/Prettifier
instanceKlass org/apache/http/ProtocolVersion
instanceKlass org/apache/http/client/RequestDirector
instanceKlass org/apache/http/cookie/CookieSpecFactory
instanceKlass org/apache/http/client/UserTokenHandler
instanceKlass org/apache/http/client/CredentialsProvider
instanceKlass org/apache/http/client/HttpRequestRetryHandler
instanceKlass org/apache/http/protocol/HttpProcessor
instanceKlass org/apache/http/HttpResponseInterceptor
instanceKlass org/apache/http/HttpRequestInterceptor
instanceKlass org/apache/http/conn/ConnectionKeepAliveStrategy
instanceKlass org/apache/http/client/RedirectHandler
instanceKlass org/apache/http/client/AuthenticationStrategy
instanceKlass org/apache/http/conn/routing/HttpRoutePlanner
instanceKlass org/apache/http/client/AuthenticationHandler
instanceKlass org/apache/http/ConnectionReuseStrategy
instanceKlass org/apache/http/client/RedirectStrategy
instanceKlass org/apache/http/client/CookieStore
instanceKlass org/apache/http/auth/AuthSchemeFactory
instanceKlass org/apache/http/conn/ClientConnectionManager
instanceKlass org/apache/http/params/HttpParams
instanceKlass org/apache/http/protocol/HttpContext
instanceKlass org/apache/http/client/ResponseHandler
instanceKlass org/apache/http/HttpHost
instanceKlass io/restassured/internal/filter/FilterContextImpl
instanceKlass java/net/URLEncoder
instanceKlass org/apache/http/NameValuePair
instanceKlass io/restassured/internal/http/URIBuilder
instanceKlass groovy/lang/MetaClassImpl$$Lambda$441
instanceKlass org/apache/commons/lang3/ArrayUtils
instanceKlass org/codehaus/groovy/runtime/metaclass/ClosureMetaClass$$Lambda$440
instanceKlass java/lang/invoke/LambdaForm$DMH
instanceKlass groovy/lang/MapWithDefault
instanceKlass org/codehaus/groovy/runtime/GStringUtil
instanceKlass org/codehaus/groovy/runtime/memoize/StampedCommonCache$$Lambda$439
instanceKlass org/codehaus/groovy/runtime/memoize/EvictableCache$Action
instanceKlass java/util/WeakHashMap$HashIterator
instanceKlass org/codehaus/groovy/vmplugin/v9/Java9$$Lambda$438
instanceKlass org/codehaus/groovy/vmplugin/v9/Java9$$Lambda$437
instanceKlass org/codehaus/groovy/vmplugin/v9/Java9$$Lambda$436
instanceKlass org/codehaus/groovy/vmplugin/v9/Java9$$Lambda$435
instanceKlass org/codehaus/groovy/vmplugin/v9/Java9$$Lambda$434
instanceKlass org/codehaus/groovy/vmplugin/v9/Java9$$Lambda$433
instanceKlass jdk/nio/zipfs/ZipFileSystem$$Lambda$432
instanceKlass jdk/nio/zipfs/ZipDirectoryStream$1
instanceKlass jdk/nio/zipfs/ZipDirectoryStream
instanceKlass jdk/nio/zipfs/ZipUtils
instanceKlass jdk/internal/util/ArraysSupport
instanceKlass jdk/nio/zipfs/ZipFileSystem$END
instanceKlass jdk/nio/zipfs/ZipConstants
instanceKlass sun/nio/fs/WindowsChannelFactory$2
instanceKlass jdk/nio/zipfs/ZipPath
instanceKlass jdk/nio/zipfs/ZipCoder
instanceKlass sun/nio/fs/WindowsSecurity
instanceKlass sun/nio/fs/AbstractAclFileAttributeView
instanceKlass java/nio/file/attribute/AclFileAttributeView
instanceKlass java/nio/file/attribute/FileOwnerAttributeView
instanceKlass jdk/nio/zipfs/ZipFileSystem$$Lambda$431
instanceKlass org/codehaus/groovy/vmplugin/v9/ClassFinder$1$$Lambda$430
instanceKlass jdk/nio/zipfs/ZipFileSystem$$Lambda$429
instanceKlass java/util/stream/StreamSpliterators$WrappingSpliterator$$Lambda$428
instanceKlass java/util/function/BooleanSupplier
instanceKlass java/util/stream/StreamSpliterators$WrappingSpliterator$$Lambda$427
instanceKlass java/nio/file/Files$3
instanceKlass java/nio/file/FileTreeWalker$Event
instanceKlass jdk/internal/jrtfs/JrtDirectoryStream$1
instanceKlass jdk/internal/jrtfs/JrtFileSystem$$Lambda$426
instanceKlass jdk/internal/jrtfs/JrtFileSystem$$Lambda$425
instanceKlass java/nio/file/FileTreeWalker$DirectoryNode
instanceKlass jdk/internal/jrtfs/JrtDirectoryStream
instanceKlass jdk/internal/jrtfs/JrtFileAttributes
instanceKlass jdk/internal/jimage/ImageReader$SharedImageReader$$Lambda$424
instanceKlass jdk/internal/jimage/ImageReader$SharedImageReader$LocationVisitor
instanceKlass java/nio/file/PathMatcher
instanceKlass java/lang/invoke/LambdaForm$DMH
instanceKlass java/util/RegularEnumSet$EnumSetIterator
instanceKlass java/nio/file/FileTreeWalker
instanceKlass java/nio/file/SimpleFileVisitor
instanceKlass jdk/nio/zipfs/ZipFileAttributes
instanceKlass jdk/internal/jimage/ImageReader$Node
instanceKlass jdk/nio/zipfs/ZipFileSystem$IndexNode
instanceKlass jdk/internal/jrtfs/SystemImage$2
instanceKlass jdk/internal/jrtfs/SystemImage$$Lambda$423
instanceKlass jdk/internal/jrtfs/SystemImage
instanceKlass jdk/internal/jrtfs/JrtPath
instanceKlass jdk/internal/jimage/ImageBufferCache$2
instanceKlass jdk/internal/jimage/ImageBufferCache
instanceKlass sun/net/www/protocol/jrt/JavaRuntimeURLConnection$$Lambda$422
instanceKlass java/nio/file/FileStore
instanceKlass java/nio/channels/AsynchronousFileChannel
instanceKlass java/nio/channels/AsynchronousChannel
instanceKlass java/nio/file/spi/FileSystemProvider$1
instanceKlass java/nio/file/FileVisitor
instanceKlass org/codehaus/groovy/vmplugin/v9/ClassFinder
instanceKlass java/util/concurrent/ForkJoinPool$ManagedBlocker
instanceKlass groovy/grape/GrapeIvy
instanceKlass groovy/grape/GrapeEngine
instanceKlass org/codehaus/groovy/vmplugin/v9/Java9$$Lambda$421
instanceKlass java/util/concurrent/ForkJoinPool$DefaultForkJoinWorkerThreadFactory$1
instanceKlass java/util/concurrent/CompletableFuture$AsynchronousCompletionTask
instanceKlass java/util/concurrent/ForkJoinPool$WorkQueue
instanceKlass java/util/concurrent/ForkJoinPool$1
instanceKlass java/util/concurrent/ForkJoinPool$DefaultForkJoinWorkerThreadFactory
instanceKlass java/util/concurrent/ForkJoinPool$ForkJoinWorkerThreadFactory
instanceKlass java/util/concurrent/ForkJoinTask
instanceKlass java/util/concurrent/CompletableFuture$AltResult
instanceKlass org/codehaus/groovy/vmplugin/v9/Java9$$Lambda$420
instanceKlass groovy/lang/GroovyClassLoader$1
instanceKlass org/codehaus/groovy/runtime/memoize/CommonCache
instanceKlass java/util/concurrent/locks/StampedLock$WNode
instanceKlass java/util/concurrent/locks/StampedLock
instanceKlass org/codehaus/groovy/runtime/memoize/StampedCommonCache
instanceKlass org/codehaus/groovy/runtime/memoize/ValueConvertable
instanceKlass org/codehaus/groovy/control/CompilationUnit$IPrimaryClassNodeOperation
instanceKlass org/codehaus/groovy/control/CompilationUnit$PhaseOperation
instanceKlass org/codehaus/groovy/control/CompilationUnit$ClassgenCallback
instanceKlass groovy/lang/GroovyResourceLoader
instanceKlass org/codehaus/groovy/runtime/memoize/UnlimitedConcurrentCache
instanceKlass org/codehaus/groovy/runtime/memoize/EvictableCache
instanceKlass org/codehaus/groovy/control/ProcessingUnit
instanceKlass org/codehaus/groovy/ast/stmt/LoopingStatement
instanceKlass org/codehaus/groovy/control/messages/Message
instanceKlass org/codehaus/groovy/ast/CodeVisitorSupport
instanceKlass org/codehaus/groovy/ast/GroovyCodeVisitor
instanceKlass org/codehaus/groovy/ast/GroovyClassVisitor
instanceKlass org/codehaus/groovy/transform/ErrorCollecting
instanceKlass org/codehaus/groovy/ast/expr/ExpressionTransformer
instanceKlass org/codehaus/groovy/runtime/FormatHelper
instanceKlass groovy/transform/ImmutableOptions
instanceKlass org/apache/groovy/runtime/ObjectUtil
instanceKlass org/apache/groovy/ast/tools/ImmutablePropertyUtils
instanceKlass java/net/UrlDeserializedState
instanceKlass java/net/Proxy
instanceKlass io/restassured/internal/support/PathSupport
instanceKlass org/codehaus/groovy/runtime/typehandling/NumberMathModificationInfo$$Lambda$419
instanceKlass org/codehaus/groovy/runtime/typehandling/NumberMathModificationInfo$$Lambda$418
instanceKlass org/codehaus/groovy/runtime/typehandling/NumberMathModificationInfo$$Lambda$417
instanceKlass org/codehaus/groovy/runtime/typehandling/NumberMathModificationInfo$$Lambda$416
instanceKlass org/codehaus/groovy/runtime/typehandling/NumberMathModificationInfo$$Lambda$415
instanceKlass org/codehaus/groovy/runtime/typehandling/NumberMathModificationInfo$$Lambda$414
instanceKlass org/codehaus/groovy/runtime/typehandling/NumberMathModificationInfo$$Lambda$413
instanceKlass org/codehaus/groovy/runtime/typehandling/NumberMathModificationInfo$$Lambda$412
instanceKlass org/codehaus/groovy/runtime/typehandling/NumberMathModificationInfo$$Lambda$411
instanceKlass org/codehaus/groovy/runtime/typehandling/NumberMathModificationInfo$$Lambda$410
instanceKlass org/codehaus/groovy/runtime/typehandling/NumberMathModificationInfo$$Lambda$409
instanceKlass org/codehaus/groovy/runtime/typehandling/NumberMathModificationInfo$$Lambda$408
instanceKlass org/codehaus/groovy/runtime/typehandling/NumberMathModificationInfo$$Lambda$407
instanceKlass org/codehaus/groovy/runtime/typehandling/NumberMathModificationInfo$$Lambda$406
instanceKlass org/codehaus/groovy/runtime/typehandling/NumberMathModificationInfo$$Lambda$405
instanceKlass org/codehaus/groovy/runtime/typehandling/NumberMathModificationInfo$$Lambda$404
instanceKlass org/codehaus/groovy/runtime/typehandling/NumberMathModificationInfo$$Lambda$403
instanceKlass org/codehaus/groovy/runtime/typehandling/NumberMathModificationInfo$$Lambda$402
instanceKlass org/codehaus/groovy/runtime/typehandling/NumberMathModificationInfo$$Lambda$401
instanceKlass org/codehaus/groovy/runtime/typehandling/NumberMathModificationInfo$$Lambda$400
instanceKlass org/codehaus/groovy/runtime/typehandling/NumberMathModificationInfo$$Lambda$399
instanceKlass org/codehaus/groovy/runtime/typehandling/NumberMathModificationInfo$$Lambda$398
instanceKlass org/codehaus/groovy/runtime/typehandling/NumberMathModificationInfo$$Lambda$397
instanceKlass org/codehaus/groovy/runtime/typehandling/NumberMathModificationInfo$$Lambda$396
instanceKlass org/codehaus/groovy/runtime/typehandling/NumberMathModificationInfo$$Lambda$395
instanceKlass org/codehaus/groovy/runtime/typehandling/NumberMathModificationInfo$$Lambda$394
instanceKlass org/codehaus/groovy/runtime/typehandling/NumberMathModificationInfo$$Lambda$393
instanceKlass org/codehaus/groovy/runtime/typehandling/NumberMathModificationInfo$$Lambda$392
instanceKlass org/codehaus/groovy/runtime/typehandling/NumberMathModificationInfo$$Lambda$391
instanceKlass org/codehaus/groovy/runtime/typehandling/NumberMathModificationInfo$$Lambda$390
instanceKlass org/codehaus/groovy/runtime/typehandling/NumberMathModificationInfo$$Lambda$389
instanceKlass org/codehaus/groovy/runtime/typehandling/NumberMathModificationInfo$$Lambda$388
instanceKlass org/codehaus/groovy/runtime/typehandling/NumberMathModificationInfo$$Lambda$387
instanceKlass org/codehaus/groovy/runtime/typehandling/NumberMathModificationInfo$$Lambda$386
instanceKlass org/codehaus/groovy/runtime/typehandling/NumberMathModificationInfo$$Lambda$385
instanceKlass org/codehaus/groovy/runtime/typehandling/NumberMathModificationInfo$$Lambda$384
instanceKlass org/codehaus/groovy/runtime/typehandling/NumberMathModificationInfo$$Lambda$383
instanceKlass org/codehaus/groovy/runtime/typehandling/NumberMathModificationInfo$$Lambda$382
instanceKlass org/codehaus/groovy/runtime/typehandling/NumberMathModificationInfo$$Lambda$381
instanceKlass org/codehaus/groovy/runtime/typehandling/NumberMathModificationInfo$$Lambda$380
instanceKlass org/codehaus/groovy/runtime/typehandling/NumberMathModificationInfo$$Lambda$379
instanceKlass org/codehaus/groovy/runtime/typehandling/NumberMathModificationInfo$$Lambda$378
instanceKlass org/codehaus/groovy/runtime/typehandling/NumberMathModificationInfo$$Lambda$377
instanceKlass org/codehaus/groovy/runtime/typehandling/NumberMathModificationInfo$$Lambda$376
instanceKlass org/codehaus/groovy/runtime/typehandling/NumberMathModificationInfo$$Lambda$375
instanceKlass org/codehaus/groovy/runtime/typehandling/NumberMathModificationInfo$$Lambda$374
instanceKlass org/codehaus/groovy/runtime/typehandling/NumberMathModificationInfo$$Lambda$373
instanceKlass org/codehaus/groovy/runtime/typehandling/NumberMathModificationInfo$$Lambda$372
instanceKlass org/codehaus/groovy/runtime/typehandling/NumberMathModificationInfo$$Lambda$371
instanceKlass org/codehaus/groovy/runtime/typehandling/NumberMathModificationInfo$$Lambda$370
instanceKlass org/codehaus/groovy/runtime/typehandling/NumberMathModificationInfo$$Lambda$369
instanceKlass org/codehaus/groovy/runtime/typehandling/NumberMathModificationInfo$$Lambda$368
instanceKlass org/codehaus/groovy/runtime/typehandling/NumberMathModificationInfo$$Lambda$367
instanceKlass org/codehaus/groovy/runtime/typehandling/NumberMathModificationInfo$$Lambda$366
instanceKlass org/codehaus/groovy/runtime/typehandling/NumberMathModificationInfo$$Lambda$365
instanceKlass org/codehaus/groovy/runtime/typehandling/NumberMathModificationInfo$$Lambda$364
instanceKlass org/codehaus/groovy/runtime/typehandling/NumberMathModificationInfo$$Lambda$363
instanceKlass org/codehaus/groovy/runtime/typehandling/NumberMathModificationInfo$$Lambda$362
instanceKlass org/codehaus/groovy/runtime/typehandling/NumberMathModificationInfo$$Lambda$361
instanceKlass org/codehaus/groovy/runtime/typehandling/NumberMathModificationInfo$$Lambda$360
instanceKlass org/codehaus/groovy/runtime/typehandling/NumberMathModificationInfo$$Lambda$359
instanceKlass org/codehaus/groovy/runtime/typehandling/NumberMathModificationInfo$$Lambda$358
instanceKlass org/codehaus/groovy/runtime/typehandling/NumberMathModificationInfo$$Lambda$357
instanceKlass org/codehaus/groovy/runtime/typehandling/NumberMathModificationInfo$$Lambda$356
instanceKlass org/codehaus/groovy/runtime/typehandling/NumberMathModificationInfo$$Lambda$355
instanceKlass org/codehaus/groovy/runtime/typehandling/NumberMathModificationInfo$$Lambda$354
instanceKlass org/codehaus/groovy/runtime/typehandling/NumberMathModificationInfo$$Lambda$353
instanceKlass org/codehaus/groovy/runtime/typehandling/NumberMathModificationInfo$$Lambda$352
instanceKlass org/codehaus/groovy/runtime/typehandling/NumberMathModificationInfo$$Lambda$351
instanceKlass org/codehaus/groovy/runtime/typehandling/NumberMathModificationInfo$$Lambda$350
instanceKlass org/codehaus/groovy/runtime/typehandling/NumberMathModificationInfo$$Lambda$349
instanceKlass org/codehaus/groovy/runtime/typehandling/NumberMathModificationInfo$$Lambda$348
instanceKlass org/codehaus/groovy/runtime/typehandling/NumberMathModificationInfo
instanceKlass io/restassured/internal/filter/SendRequestFilter
instanceKlass io/restassured/filter/time/TimingFilter
instanceKlass org/codehaus/groovy/vmplugin/v9/Java9$$Lambda$347
instanceKlass org/codehaus/groovy/runtime/typehandling/NumberMath
instanceKlass groovy/util/ClosureComparator
instanceKlass io/restassured/filter/log/StatusCodeBasedLoggingFilter
instanceKlass io/restassured/internal/filter/CsrfFilter
instanceKlass io/restassured/authentication/FormAuthScheme
instanceKlass com/google/gson/internal/Primitives
instanceKlass com/google/gson/annotations/SerializedName
instanceKlass com/google/gson/internal/ConstructorConstructor$9
instanceKlass com/google/gson/internal/reflect/ReflectionHelper$RecordHelper
instanceKlass com/google/gson/internal/reflect/ReflectionHelper
instanceKlass com/google/gson/internal/ReflectionAccessFilterHelper
instanceKlass com/google/gson/annotations/JsonAdapter
instanceKlass com/google/gson/internal/$Gson$Types
instanceKlass com/google/gson/internal/Streams
instanceKlass com/google/gson/reflect/TypeToken
instanceKlass com/google/gson/GsonBuilder
instanceKlass com/google/gson/internal/bind/ReflectiveTypeAdapterFactory$BoundField
instanceKlass com/google/gson/internal/bind/ReflectiveTypeAdapterFactory
instanceKlass com/google/gson/internal/bind/JsonAdapterAnnotationTypeAdapterFactory
instanceKlass com/google/gson/internal/bind/MapTypeAdapterFactory
instanceKlass com/google/gson/internal/bind/CollectionTypeAdapterFactory
instanceKlass com/google/gson/internal/bind/ArrayTypeAdapter$1
instanceKlass com/google/gson/internal/sql/SqlTimestampTypeAdapter$1
instanceKlass com/google/gson/internal/sql/SqlTimeTypeAdapter$1
instanceKlass com/google/gson/internal/sql/SqlDateTypeAdapter$1
instanceKlass com/google/gson/internal/bind/DefaultDateTypeAdapter$DateType
instanceKlass com/google/gson/internal/sql/SqlTypesSupport
instanceKlass com/google/gson/internal/bind/DateTypeAdapter$1
instanceKlass com/google/gson/internal/bind/NumberTypeAdapter$1
instanceKlass com/google/gson/internal/bind/ObjectTypeAdapter$1
instanceKlass com/google/gson/internal/bind/TypeAdapters$29
instanceKlass com/google/gson/internal/bind/TypeAdapters$33
instanceKlass com/google/gson/internal/bind/TypeAdapters$34
instanceKlass java/util/concurrent/atomic/AtomicIntegerArray
instanceKlass com/google/gson/internal/bind/TypeAdapters$32
instanceKlass com/google/gson/internal/bind/TypeAdapters$31
instanceKlass com/google/gson/internal/bind/TypeAdapters
instanceKlass com/google/gson/internal/ObjectConstructor
instanceKlass com/google/gson/internal/ConstructorConstructor
instanceKlass com/google/gson/internal/Excluder
instanceKlass com/google/gson/stream/JsonReader
instanceKlass com/google/gson/TypeAdapterFactory
instanceKlass com/google/gson/stream/JsonWriter
instanceKlass com/google/gson/JsonElement
instanceKlass com/google/gson/TypeAdapter
instanceKlass com/google/gson/ToNumberStrategy
instanceKlass com/google/gson/FieldNamingStrategy
instanceKlass io/restassured/internal/path/json/mapping/JsonPathGsonObjectDeserializer
instanceKlass io/restassured/path/json/mapping/JsonPathObjectDeserializer
instanceKlass io/restassured/common/mapper/DataToDeserialize
instanceKlass io/restassured/internal/mapping/GsonMapper
instanceKlass io/restassured/internal/mapping/ObjectMapperSerializationContextImpl
instanceKlass org/apache/commons/lang3/CharSequenceUtils
instanceKlass sun/reflect/generics/tree/CharSignature
instanceKlass io/restassured/internal/http/ContentTypeSubTypeExtractor
instanceKlass io/restassured/internal/http/CharsetExtractor
instanceKlass io/restassured/internal/mapping/ObjectMapping
instanceKlass org/codehaus/groovy/runtime/callsite/BooleanReturningMethodInvoker
instanceKlass org/codehaus/groovy/runtime/metaclass/ClosureMetaClass$$Lambda$346
instanceKlass java/lang/invoke/LambdaForm$DMH
instanceKlass org/codehaus/groovy/runtime/metaclass/ClosureMetaClass$StandardClosureChooser
instanceKlass org/codehaus/groovy/runtime/metaclass/ClosureMetaClass$MethodChooser
instanceKlass org/codehaus/groovy/runtime/callsite/BooleanClosureWrapper
instanceKlass java/lang/invoke/LambdaForm$MH
instanceKlass java/lang/invoke/LambdaForm$MH
instanceKlass java/lang/invoke/LambdaForm$MH
instanceKlass java/lang/invoke/LambdaForm$MH
instanceKlass java/lang/invoke/LambdaForm$MH
instanceKlass java/lang/invoke/LambdaForm$MH
instanceKlass java/lang/invoke/LambdaForm$MH
instanceKlass java/lang/invoke/LambdaForm$MH
instanceKlass java/lang/invoke/LambdaForm$MH
instanceKlass java/lang/invoke/LambdaForm$MH
instanceKlass java/lang/invoke/LambdaForm$MH
instanceKlass java/lang/invoke/LambdaForm$MH
instanceKlass com/sun/beans/finder/FinderUtils
instanceKlass com/sun/beans/finder/AbstractFinder
instanceKlass io/restassured/internal/serialization/SerializationSupport
instanceKlass io/qameta/allure/attachment/AttachmentData
instanceKlass io/qameta/allure/attachment/AttachmentRenderer
instanceKlass io/qameta/allure/restassured/AllureRestAssured
instanceKlass io/restassured/filter/OrderedFilter
instanceKlass org/hamcrest/Description
instanceKlass io/restassured/internal/ResponseSpecificationImpl$HamcrestAssertionClosure
instanceKlass io/restassured/internal/assertion/BodyMatcher
instanceKlass io/restassured/internal/assertion/BodyMatcherGroup
instanceKlass io/restassured/internal/ResponseSpecificationImpl
instanceKlass io/restassured/specification/Argument
instanceKlass io/restassured/authentication/PreemptiveAuthProvider
instanceKlass io/restassured/authentication/CertificateAuthSettings
instanceKlass io/restassured/authentication/FormAuthConfig
instanceKlass org/codehaus/groovy/reflection/AccessPermissionChecker
instanceKlass io/restassured/internal/NoParameterValue
instanceKlass io/restassured/mapper/ObjectMapperDeserializationContext
instanceKlass io/restassured/common/mapper/ObjectDeserializationContext
instanceKlass io/restassured/mapper/ObjectMapperSerializationContext
instanceKlass io/restassured/filter/FilterContext
instanceKlass io/restassured/specification/FilterableResponseSpecification
instanceKlass io/restassured/internal/RequestSpecificationImpl$1
instanceKlass io/restassured/internal/support/ParameterUpdater$Serializer
instanceKlass io/restassured/internal/support/ParameterUpdater
instanceKlass io/restassured/internal/MultiValueEntity
instanceKlass jdk/internal/loader/BootLoader$PackageHelper$$Lambda$345
instanceKlass jdk/internal/loader/BootLoader$PackageHelper
instanceKlass org/codehaus/groovy/syntax/Types
instanceKlass org/codehaus/groovy/syntax/CSTNode
instanceKlass org/codehaus/groovy/ast/expr/MethodCall
instanceKlass org/codehaus/groovy/ast/tools/GeneralUtils
instanceKlass org/codehaus/groovy/reflection/ReflectionUtils$$Lambda$344
instanceKlass org/codehaus/groovy/ast/ClassHelper$$Lambda$343
instanceKlass java/lang/Override
instanceKlass groovy/transform/Sealed
instanceKlass java/lang/invoke/SerializedLambda
instanceKlass org/codehaus/groovy/ast/ClassNode$$Lambda$342
instanceKlass org/apache/groovy/util/concurrent/ConcurrentReferenceHashMap$KeyReference
instanceKlass org/codehaus/groovy/ast/ClassNode$MapOfLists
instanceKlass org/apache/groovy/util/concurrent/ConcurrentReferenceHashMap$HashEntry
instanceKlass org/codehaus/groovy/ast/ClassHelper$ClassHelperCache
instanceKlass org/codehaus/groovy/runtime/GeneratedLambda
instanceKlass org/codehaus/groovy/ast/ClassHelper
instanceKlass org/codehaus/groovy/classgen/asm/util/TypeUtil
instanceKlass io/restassured/internal/RequestSpecificationImpl
instanceKlass groovy/lang/GroovyInterceptable
instanceKlass io/restassured/specification/FilterableRequestSpecification
instanceKlass io/restassured/specification/QueryableRequestSpecification
instanceKlass io/restassured/internal/TestSpecificationImpl
instanceKlass io/restassured/internal/log/LogRepository
instanceKlass CreateCourier
instanceKlass io/restassured/config/CsrfConfig
instanceKlass io/restassured/response/ValidatableResponseOptions
instanceKlass io/restassured/path/xml/config/XmlPathConfig
instanceKlass io/restassured/path/json/config/JsonPathConfig
instanceKlass io/restassured/path/json/JsonPath
instanceKlass io/restassured/path/xml/XmlPath
instanceKlass io/restassured/common/mapper/TypeRef
instanceKlass org/hamcrest/BaseMatcher
instanceKlass org/hamcrest/Matcher
instanceKlass io/restassured/specification/ResponseLogSpecification
instanceKlass io/restassured/http/Cookies
instanceKlass io/restassured/specification/MultiPartSpecification
instanceKlass io/restassured/http/Cookie
instanceKlass io/restassured/specification/RedirectSpecification
instanceKlass io/restassured/http/Headers
instanceKlass io/restassured/http/Header
instanceKlass io/restassured/internal/NameAndValue
instanceKlass io/restassured/mapper/ObjectMapper
instanceKlass io/restassured/specification/AuthenticationSpecification
instanceKlass io/restassured/specification/ProxySpecification
instanceKlass io/restassured/specification/RequestLogSpecification
instanceKlass io/restassured/specification/LogSpecification
instanceKlass io/restassured/response/Response
instanceKlass io/restassured/response/Validatable
instanceKlass io/restassured/response/ResponseOptions
instanceKlass io/restassured/response/ResponseBody
instanceKlass io/restassured/response/ResponseBodyExtractionOptions
instanceKlass io/restassured/response/ResponseBodyData
instanceKlass io/restassured/internal/LogRequestAndResponseOnFailListener
instanceKlass io/restassured/listener/ResponseValidationFailureListener
instanceKlass io/restassured/config/FailureConfig
instanceKlass io/restassured/config/OAuthConfig
instanceKlass io/restassured/config/ParamConfig
instanceKlass io/restassured/config/MultiPartConfig
instanceKlass io/restassured/config/HeaderConfig
instanceKlass sun/reflect/generics/tree/IntSignature
instanceKlass io/restassured/config/MatcherConfig
instanceKlass org/codehaus/groovy/runtime/metaclass/MetaMethodIndex$CacheEntry
instanceKlass org/codehaus/groovy/runtime/ArrayUtil
instanceKlass org/codehaus/groovy/reflection/ClassLoaderForClassArtifacts$$Lambda$341
instanceKlass groovyjarjarasm/asm/Attribute
instanceKlass groovyjarjarasm/asm/Handler
instanceKlass org/codehaus/groovy/classgen/asm/BytecodeHelper
instanceKlass groovyjarjarasm/asm/Edge
instanceKlass groovyjarjarasm/asm/Label
instanceKlass groovyjarjarasm/asm/Type
instanceKlass groovyjarjarasm/asm/Frame
instanceKlass org/codehaus/groovy/GroovyExceptionInterface
instanceKlass org/codehaus/groovy/control/CompilerConfiguration
instanceKlass org/codehaus/groovy/reflection/CachedClass$5$$Lambda$340
instanceKlass groovyjarjarasm/asm/ByteVector
instanceKlass groovyjarjarasm/asm/Symbol
instanceKlass groovyjarjarasm/asm/SymbolTable
instanceKlass groovyjarjarasm/asm/MethodVisitor
instanceKlass groovyjarjarasm/asm/ModuleVisitor
instanceKlass groovyjarjarasm/asm/AnnotationVisitor
instanceKlass groovyjarjarasm/asm/FieldVisitor
instanceKlass groovyjarjarasm/asm/RecordComponentVisitor
instanceKlass org/codehaus/groovy/classgen/GeneratorContext
instanceKlass org/codehaus/groovy/reflection/android/AndroidSupport
instanceKlass org/codehaus/groovy/runtime/callsite/GroovySunClassLoader$$Lambda$339
instanceKlass org/codehaus/groovy/reflection/SunClassLoader$$Lambda$338
instanceKlass org/codehaus/groovy/runtime/callsite/CallSiteGenerator
instanceKlass sun/reflect/generics/reflectiveObjects/GenericArrayTypeImpl
instanceKlass sun/reflect/generics/tree/BooleanSignature
instanceKlass java/lang/Class$EnclosingMethodInfo
instanceKlass groovy/lang/AdaptingMetaClass
instanceKlass groovy/lang/MetaClassImpl$$Lambda$337
instanceKlass groovy/lang/MetaClassImpl$$Lambda$336
instanceKlass javax/security/cert/Certificate
instanceKlass javax/net/ssl/SSLSessionContext
instanceKlass javax/net/ssl/SSLParameters
instanceKlass javax/net/ssl/HandshakeCompletedListener
instanceKlass javax/security/auth/x500/X500Principal
instanceKlass java/security/PublicKey
instanceKlass javax/net/ssl/SSLSession
instanceKlass java/security/cert/X509Extension
instanceKlass org/codehaus/groovy/runtime/InvokerHelper
instanceKlass org/codehaus/groovy/runtime/callsite/CallSiteArray$$Lambda$335
instanceKlass org/codehaus/groovy/runtime/typehandling/DefaultTypeTransformation
instanceKlass org/codehaus/groovy/runtime/wrappers/Wrapper
instanceKlass org/codehaus/groovy/runtime/ScriptBytecodeAdapter
instanceKlass org/codehaus/groovy/runtime/metaclass/DefaultMetaClassInfo$ConstantMetaClassVersioning
instanceKlass org/codehaus/groovy/runtime/metaclass/DefaultMetaClassInfo
instanceKlass org/codehaus/groovy/runtime/BytecodeInterface8
instanceKlass io/restassured/internal/common/assertion/AssertParameter
instanceKlass org/apache/commons/logging/impl/Jdk14Logger
instanceKlass org/apache/commons/logging/impl/Log4JLogger
instanceKlass org/apache/commons/logging/Log
instanceKlass org/apache/commons/logging/impl/LogFactoryImpl$1
instanceKlass org/apache/commons/logging/impl/LogFactoryImpl$2
instanceKlass org/apache/commons/logging/LogFactory$2
instanceKlass org/apache/commons/logging/LogFactory$3
instanceKlass org/apache/commons/logging/LogFactory$4
instanceKlass org/apache/commons/logging/impl/WeakHashtable$Referenced
instanceKlass org/apache/commons/logging/LogFactory$1
instanceKlass org/apache/commons/logging/LogFactory$6
instanceKlass org/apache/commons/logging/LogFactory
instanceKlass org/apache/http/conn/ssl/AbstractVerifier
instanceKlass java/net/SocketAddress
instanceKlass org/apache/http/conn/ssl/X509HostnameVerifier
instanceKlass javax/net/ssl/HostnameVerifier
instanceKlass org/apache/http/conn/ssl/SSLSocketFactory
instanceKlass org/apache/http/conn/scheme/LayeredSocketFactory
instanceKlass org/apache/http/conn/scheme/SocketFactory
instanceKlass org/apache/http/conn/scheme/LayeredSchemeSocketFactory
instanceKlass org/apache/http/conn/scheme/SchemeLayeredSocketFactory
instanceKlass org/apache/http/conn/scheme/SchemeSocketFactory
instanceKlass org/apache/http/conn/socket/LayeredConnectionSocketFactory
instanceKlass org/apache/http/conn/socket/ConnectionSocketFactory
instanceKlass java/security/KeyStore$1
instanceKlass java/security/KeyStore
instanceKlass io/restassured/config/SSLConfig
instanceKlass io/restassured/config/XmlConfig
instanceKlass io/restassured/config/JsonConfig
instanceKlass io/restassured/config/ConnectionConfig
instanceKlass io/restassured/path/json/mapper/factory/DefaultYassonObjectMapperFactory
instanceKlass io/restassured/path/json/mapper/factory/DefaultJohnzonObjectMapperFactory
instanceKlass com/google/gson/Gson
instanceKlass io/restassured/internal/common/classpath/ClassPathResolver
instanceKlass io/restassured/common/mapper/resolver/ObjectMapperResolver
instanceKlass io/restassured/path/json/mapper/factory/DefaultJackson2ObjectMapperFactory
instanceKlass io/restassured/path/json/mapper/factory/DefaultJackson1ObjectMapperFactory
instanceKlass io/restassured/path/json/mapper/factory/DefaultGsonObjectMapperFactory
instanceKlass io/restassured/path/xml/mapper/factory/JAXBObjectMapperFactory
instanceKlass io/restassured/path/xml/mapper/factory/JakartaEEObjectMapperFactory
instanceKlass io/restassured/path/json/mapper/factory/GsonObjectMapperFactory
instanceKlass io/restassured/path/json/mapper/factory/Jackson1ObjectMapperFactory
instanceKlass io/restassured/path/json/mapper/factory/Jackson2ObjectMapperFactory
instanceKlass io/restassured/path/json/mapper/factory/JohnzonObjectMapperFactory
instanceKlass io/restassured/path/json/mapper/factory/JsonbObjectMapperFactory
instanceKlass io/restassured/common/mapper/factory/ObjectMapperFactory
instanceKlass io/restassured/config/ObjectMapperConfig
instanceKlass org/apache/commons/lang3/Validate$$Lambda$334
instanceKlass io/restassured/config/SessionConfig
instanceKlass io/restassured/config/DecoderConfig
instanceKlass org/apache/commons/lang3/StringUtils
instanceKlass org/apache/commons/lang3/Validate$$Lambda$333
instanceKlass org/apache/commons/lang3/Validate$$Lambda$332
instanceKlass org/apache/commons/lang3/Validate
instanceKlass io/restassured/config/LogConfig
instanceKlass io/restassured/config/HttpClientConfig$2
instanceKlass io/restassured/config/HttpClientConfig$HttpClientFactory
instanceKlass io/restassured/config/HttpClientConfig
instanceKlass io/restassured/config/RedirectConfig
instanceKlass io/restassured/config/RestAssuredConfig
instanceKlass org/codehaus/groovy/reflection/CachedClass$CachedMethodComparatorWithString
instanceKlass io/restassured/internal/http/HttpResponseDecorator
instanceKlass org/apache/http/HttpResponse
instanceKlass io/restassured/internal/http/ContentEncodingRegistry
instanceKlass org/apache/http/impl/client/CloseableHttpClient
instanceKlass org/apache/http/client/HttpClient
instanceKlass io/restassured/internal/http/HTTPBuilder$RequestConfigDelegate
instanceKlass io/restassured/internal/http/HttpResponseContentTypeFinder
instanceKlass io/restassured/config/EncoderConfig
instanceKlass io/restassured/config/Config
instanceKlass org/apache/http/HttpEntityEnclosingRequest
instanceKlass org/apache/http/message/AbstractHttpMessage
instanceKlass org/apache/http/client/methods/AbortableHttpRequest
instanceKlass org/apache/http/client/methods/HttpExecutionAware
instanceKlass org/apache/http/client/methods/Configurable
instanceKlass org/apache/http/client/methods/HttpUriRequest
instanceKlass org/apache/http/HttpRequest
instanceKlass org/apache/http/HttpMessage
instanceKlass org/codehaus/groovy/reflection/CachedClass$CachedMethodComparatorByName
instanceKlass io/restassured/internal/http/HTTPBuilder
instanceKlass org/apache/groovy/plugin/GroovyRunnerRegistry
instanceKlass org/codehaus/groovy/runtime/metaclass/MetaClassRegistryImpl$$Lambda$331
instanceKlass groovy/lang/MetaClassImpl$$Lambda$330
instanceKlass org/apache/groovy/util/BeanUtils
instanceKlass groovy/lang/MetaClassImpl$$Lambda$329
instanceKlass groovy/lang/MetaClassImpl$$Lambda$328
instanceKlass groovy/lang/MetaClassImpl$$Lambda$327
instanceKlass groovy/lang/MetaClassImpl$$Lambda$326
instanceKlass org/codehaus/groovy/runtime/GroovyCategorySupport
instanceKlass org/codehaus/groovy/reflection/CachedMethod$$Lambda$325
instanceKlass groovy/lang/MetaClassImpl$$Lambda$324
instanceKlass groovy/lang/MetaClassImpl$$Lambda$323
instanceKlass groovy/lang/MetaClassImpl$$Lambda$322
instanceKlass org/codehaus/groovy/reflection/CachedClass$1$$Lambda$321
instanceKlass org/codehaus/groovy/reflection/CachedClass$1$$Lambda$320
instanceKlass org/codehaus/groovy/reflection/CachedClass$1$$Lambda$319
instanceKlass org/codehaus/groovy/reflection/CachedClass$1$$Lambda$318
instanceKlass groovy/lang/MetaClassImpl$$Lambda$317
instanceKlass sun/reflect/generics/tree/ArrayTypeSignature
instanceKlass java/beans/SimpleBeanInfo
instanceKlass java/beans/BeanProperty
instanceKlass com/sun/beans/WildcardTypeImpl
instanceKlass com/sun/beans/introspect/PropertyInfo
instanceKlass com/sun/beans/introspect/EventSetInfo
instanceKlass com/sun/beans/WeakCache
instanceKlass com/sun/beans/TypeResolver
instanceKlass java/beans/MethodRef
instanceKlass com/sun/beans/introspect/MethodInfo$MethodOrder
instanceKlass com/sun/beans/introspect/MethodInfo
instanceKlass com/sun/beans/util/Cache$Ref
instanceKlass com/sun/beans/util/Cache$CacheEntry
instanceKlass com/sun/beans/util/Cache
instanceKlass com/sun/beans/introspect/ClassInfo
instanceKlass javax/swing/SwingContainer
instanceKlass java/beans/JavaBean
instanceKlass java/util/zip/ZipFile$ZipEntryIterator
instanceKlass java/util/jar/JarFile$$Lambda$316
instanceKlass com/sun/beans/finder/ClassFinder
instanceKlass java/lang/invoke/LambdaForm$MH
instanceKlass java/lang/invoke/LambdaForm$DMH
instanceKlass java/lang/invoke/LambdaForm$MH
instanceKlass java/lang/invoke/LambdaForm$DMH
instanceKlass java/lang/invoke/LambdaForm$MH
instanceKlass java/lang/invoke/LambdaForm$DMH
instanceKlass java/lang/invoke/LambdaForm$MH
instanceKlass java/lang/invoke/LambdaForm$DMH
instanceKlass java/lang/invoke/ClassSpecializer$Factory$1Var
instanceKlass java/lang/invoke/LambdaForm$MH
instanceKlass java/lang/invoke/LambdaForm$MH
instanceKlass java/lang/invoke/LambdaForm$MH
instanceKlass java/lang/invoke/LambdaForm$MH
instanceKlass java/lang/invoke/LambdaForm$MH
instanceKlass java/lang/invoke/LambdaForm$MH
instanceKlass java/lang/invoke/LambdaForm$MH
instanceKlass java/lang/invoke/LambdaForm$MH
instanceKlass java/lang/invoke/LambdaForm$MH
instanceKlass java/lang/invoke/LambdaForm$MH
instanceKlass java/lang/invoke/LambdaForm$MH
instanceKlass java/lang/invoke/LambdaForm$MH
instanceKlass com/sun/beans/finder/InstanceFinder
instanceKlass java/beans/WeakIdentityMap
instanceKlass java/beans/ThreadGroupContext
instanceKlass java/beans/Introspector$1
instanceKlass jdk/internal/misc/JavaBeansAccess
instanceKlass java/beans/Introspector
instanceKlass groovy/lang/MetaClassImpl$$Lambda$315
instanceKlass java/beans/BeanInfo
instanceKlass org/codehaus/groovy/reflection/MixinInMetaClass
instanceKlass groovyjarjarasm/asm/ClassVisitor
instanceKlass java/beans/FeatureDescriptor
instanceKlass org/codehaus/groovy/runtime/metaclass/MetaMethodIndex$$Lambda$314
instanceKlass org/codehaus/groovy/reflection/CachedClass$2$$Lambda$313
instanceKlass org/codehaus/groovy/reflection/CachedClass$2$$Lambda$312
instanceKlass org/codehaus/groovy/reflection/CachedClass$2$$Lambda$311
instanceKlass org/codehaus/groovy/reflection/CachedClass$2$$Lambda$310
instanceKlass groovy/lang/ClosureInvokingMethod
instanceKlass groovy/lang/ExpandoMetaClass$Callable
instanceKlass org/codehaus/groovy/runtime/MethodKey
instanceKlass org/codehaus/groovy/reflection/CachedClass$2$$Lambda$309
instanceKlass org/codehaus/groovy/runtime/metaclass/MetaMethodIndex$Header
instanceKlass org/codehaus/groovy/runtime/metaclass/MetaMethodIndex$Entry
instanceKlass org/codehaus/groovy/runtime/metaclass/MetaMethodIndex$EntryIterator
instanceKlass org/codehaus/groovy/runtime/metaclass/MetaMethodIndex
instanceKlass groovy/lang/MetaClassImpl$$Lambda$308
instanceKlass groovy/lang/MetaClassImpl$$Lambda$307
instanceKlass org/codehaus/groovy/util/SingleKeyHashMap$Copier
instanceKlass groovy/lang/MetaClassImpl$$Lambda$306
instanceKlass groovy/lang/MetaClassImpl$MethodIndexAction
instanceKlass org/codehaus/groovy/runtime/GeneratedClosure
instanceKlass groovy/lang/MetaClassImpl
instanceKlass groovy/lang/MutableMetaClass
instanceKlass org/codehaus/groovy/runtime/metaclass/MetaClassRegistryImpl$DefaultModuleListener$$Lambda$305
instanceKlass org/w3c/dom/UserDataHandler
instanceKlass org/w3c/dom/NamedNodeMap
instanceKlass org/w3c/dom/TypeInfo
instanceKlass org/w3c/dom/Attr
instanceKlass org/codehaus/groovy/runtime/metaclass/MethodHelper
instanceKlass org/w3c/dom/NodeList
instanceKlass org/apache/groovy/xml/extensions/XmlExtensions
instanceKlass org/codehaus/groovy/runtime/m12n/ExtensionModule
instanceKlass org/codehaus/groovy/runtime/m12n/PropertiesModuleFactory
instanceKlass org/codehaus/groovy/util/URLStreams
instanceKlass org/codehaus/groovy/runtime/metaclass/MetaClassRegistryImpl$DefaultModuleListener
instanceKlass org/codehaus/groovy/runtime/m12n/ExtensionModuleScanner
instanceKlass java/util/ResourceBundle$CacheKey
instanceKlass org/codehaus/groovy/runtime/DefaultGroovyStaticMethods
instanceKlass org/codehaus/groovy/runtime/metaclass/MetaClassRegistryImpl$$Lambda$304
instanceKlass org/codehaus/groovy/runtime/RangeInfo
instanceKlass java/util/function/DoubleFunction
instanceKlass java/util/function/LongFunction
instanceKlass java/util/function/DoublePredicate
instanceKlass java/util/function/IntPredicate
instanceKlass java/util/function/LongPredicate
instanceKlass org/codehaus/groovy/vmplugin/v10/PluginDefaultGroovyMethods
instanceKlass org/codehaus/groovy/runtime/metaclass/MetaClassRegistryImpl$$Lambda$303
instanceKlass java/util/function/ToDoubleFunction
instanceKlass java/util/function/ToLongFunction
instanceKlass org/codehaus/groovy/runtime/MetaClassHelper
instanceKlass java/lang/SecurityManager$$Lambda$302
instanceKlass java/lang/SecurityManager$$Lambda$301
instanceKlass java/lang/SecurityManager$$Lambda$300
instanceKlass java/lang/SecurityManager$$Lambda$299
instanceKlass java/lang/SecurityManager$$Lambda$298
instanceKlass java/lang/SecurityManager$$Lambda$297
instanceKlass java/lang/SecurityManager$$Lambda$296
instanceKlass java/lang/SecurityManager$$Lambda$295
instanceKlass java/lang/SecurityManager$$Lambda$294
instanceKlass java/lang/SecurityManager$$Lambda$293
instanceKlass java/lang/invoke/LambdaForm$DMH
instanceKlass java/lang/SecurityManager$$Lambda$292
instanceKlass org/codehaus/groovy/vmplugin/v9/Java9$$Lambda$291
instanceKlass org/codehaus/groovy/vmplugin/v9/Java9$$Lambda$290
instanceKlass org/codehaus/groovy/vmplugin/v9/Java9$$Lambda$289
instanceKlass org/codehaus/groovy/vmplugin/v9/Java9$$Lambda$288
instanceKlass java/lang/invoke/LambdaForm$DMH
instanceKlass org/codehaus/groovy/vmplugin/v9/Java9$$Lambda$287
instanceKlass java/lang/invoke/LambdaForm$DMH
instanceKlass org/codehaus/groovy/vmplugin/v9/Java9$$Lambda$286
instanceKlass java/lang/invoke/LambdaForm$DMH
instanceKlass org/codehaus/groovy/vmplugin/v9/Java9$$Lambda$285
instanceKlass org/codehaus/groovy/vmplugin/v9/Java9$$Lambda$284
instanceKlass jdk/internal/module/SystemModules$all
instanceKlass org/codehaus/groovy/ast/Variable
instanceKlass org/codehaus/groovy/ast/ASTNode
instanceKlass org/codehaus/groovy/ast/NodeMetaDataHandler
instanceKlass groovy/lang/groovydoc/GroovydocHolder
instanceKlass org/codehaus/groovy/vmplugin/v8/Java8
instanceKlass org/codehaus/groovy/runtime/NumberAwareComparator
instanceKlass org/codehaus/groovy/runtime/StreamGroovyMethods
instanceKlass org/codehaus/groovy/runtime/EncodingGroovyMethods
instanceKlass org/codehaus/groovy/runtime/DefaultGroovyMethodsSupport
instanceKlass org/codehaus/groovy/vmplugin/VMPluginFactory$$Lambda$283
instanceKlass org/codehaus/groovy/vmplugin/VMPlugin
instanceKlass org/apache/groovy/util/Maps
instanceKlass java/math/MathContext
instanceKlass org/codehaus/groovy/vmplugin/VMPluginFactory
instanceKlass org/codehaus/groovy/reflection/ReflectionUtils
instanceKlass java/util/stream/AbstractSpinedBuffer
instanceKlass org/codehaus/groovy/reflection/CachedClass$3$$Lambda$282
instanceKlass org/codehaus/groovy/reflection/CachedClass$3$$Lambda$281
instanceKlass org/codehaus/groovy/reflection/CachedClass$3$$Lambda$280
instanceKlass org/codehaus/groovy/reflection/CachedClass$3$$Lambda$279
instanceKlass org/codehaus/groovy/runtime/memoize/MemoizeCache
instanceKlass org/codehaus/groovy/reflection/CachedClass$3$$Lambda$278
instanceKlass org/codehaus/groovy/reflection/stdclasses/CachedSAMClass$$Lambda$277
instanceKlass org/codehaus/groovy/reflection/stdclasses/CachedSAMClass$$Lambda$276
instanceKlass java/lang/invoke/LambdaForm$MH
instanceKlass java/lang/invoke/LambdaForm$MH
instanceKlass org/codehaus/groovy/reflection/stdclasses/InjectedInvoker
instanceKlass java/lang/invoke/LambdaForm$MH
instanceKlass java/lang/invoke/LambdaForm$MH
instanceKlass java/lang/invoke/LambdaForm$DMH
instanceKlass java/lang/invoke/LambdaForm$DMH
instanceKlass java/lang/invoke/MethodHandleImpl$ArrayAccessor
instanceKlass java/lang/invoke/MethodHandleImpl$2
instanceKlass java/lang/invoke/MethodHandleImpl$LoopClauses
instanceKlass java/lang/invoke/LambdaForm$MH
instanceKlass java/lang/invoke/LambdaForm$MH
instanceKlass java/lang/invoke/MethodHandleImpl$BindCaller
instanceKlass java/util/function/UnaryOperator
instanceKlass org/codehaus/groovy/runtime/metaclass/MetaClassRegistryImpl$$Lambda$275
instanceKlass org/codehaus/groovy/transform/trait/Traits$Implemented
instanceKlass org/codehaus/groovy/reflection/stdclasses/CachedSAMClass$$Lambda$274
instanceKlass org/codehaus/groovy/util/ComplexKeyHashMap$Entry
instanceKlass org/codehaus/groovy/util/ComplexKeyHashMap$EntryIterator
instanceKlass org/codehaus/groovy/util/ComplexKeyHashMap
instanceKlass org/codehaus/groovy/reflection/ReflectionCache
instanceKlass java/util/OptionalLong
instanceKlass java/util/OptionalInt
instanceKlass java/util/OptionalDouble
instanceKlass java/util/stream/LongStream
instanceKlass java/util/stream/DoubleStream
instanceKlass java/net/ServerSocket
instanceKlass java/net/Socket
instanceKlass java/lang/Process
instanceKlass java/util/Timer
instanceKlass java/util/TimerTask
instanceKlass groovy/lang/Buildable
instanceKlass groovy/lang/Writable
instanceKlass groovy/lang/MetaProperty
instanceKlass groovy/lang/groovydoc/Groovydoc
instanceKlass groovy/lang/ListWithDefault
instanceKlass groovy/lang/Range
instanceKlass groovy/util/BufferedIterator
instanceKlass java/util/BitSet
instanceKlass groovy/lang/GroovyObjectSupport
instanceKlass groovy/lang/GroovyCallable
instanceKlass org/codehaus/groovy/reflection/GeneratedMetaMethod$DgmMethodRecord
instanceKlass groovy/lang/MetaClassRegistry$MetaClassCreationHandle
instanceKlass org/codehaus/groovy/runtime/m12n/ExtensionModuleRegistry
instanceKlass org/codehaus/groovy/util/FastArray
instanceKlass groovy/lang/MetaClassRegistryChangeEventListener
instanceKlass java/util/EventListener
instanceKlass groovy/lang/MetaClass
instanceKlass groovy/lang/MetaObjectProtocol
instanceKlass org/codehaus/groovy/runtime/m12n/ExtensionModuleScanner$ExtensionModuleListener
instanceKlass org/codehaus/groovy/runtime/metaclass/MetaClassRegistryImpl
instanceKlass groovy/lang/MetaClassRegistry
instanceKlass groovy/lang/GroovySystem
instanceKlass org/codehaus/groovy/util/ReferenceType$HardRef
instanceKlass org/codehaus/groovy/util/ManagedReference
instanceKlass org/codehaus/groovy/reflection/ParameterTypes
instanceKlass org/codehaus/groovy/reflection/ClassInfo$GlobalClassSet
instanceKlass org/apache/groovy/util/SystemUtil
instanceKlass org/codehaus/groovy/reflection/GroovyClassValue
instanceKlass org/codehaus/groovy/reflection/GroovyClassValueFactory
instanceKlass org/codehaus/groovy/reflection/ClassInfo$1
instanceKlass org/codehaus/groovy/util/ManagedConcurrentLinkedQueue
instanceKlass org/codehaus/groovy/util/Reference
instanceKlass org/codehaus/groovy/util/ReferenceManager
instanceKlass org/codehaus/groovy/util/ReferenceBundle
instanceKlass org/codehaus/groovy/reflection/CachedClass
instanceKlass org/codehaus/groovy/reflection/GroovyClassValue$ComputeValue
instanceKlass org/codehaus/groovy/reflection/ClassInfo
instanceKlass org/codehaus/groovy/util/Finalizable
instanceKlass java/util/stream/Sink$ChainedInt
instanceKlass java/util/stream/Sink$OfInt
instanceKlass org/codehaus/groovy/runtime/callsite/CallSiteArray$$Lambda$273
instanceKlass org/codehaus/groovy/runtime/callsite/CallSiteArray$$Lambda$272
instanceKlass org/codehaus/groovy/runtime/callsite/AbstractCallSite
instanceKlass org/codehaus/groovy/runtime/callsite/CallSite
instanceKlass org/codehaus/groovy/runtime/callsite/CallSiteArray
instanceKlass io/restassured/authentication/NoAuthScheme
instanceKlass groovy/lang/GroovyObject
instanceKlass io/restassured/internal/ResponseParserRegistrar
instanceKlass io/restassured/specification/RequestSpecification
instanceKlass io/restassured/specification/ResponseSpecification
instanceKlass io/restassured/specification/RequestSender
instanceKlass io/restassured/specification/RequestSenderOptions
instanceKlass io/restassured/authentication/AuthenticationScheme
instanceKlass io/restassured/RestAssured
instanceKlass org/junit/rules/MethodRule
instanceKlass org/junit/runners/BlockJUnit4ClassRunner$RuleCollector
instanceKlass io/restassured/filter/Filter
instanceKlass org/junit/internal/runners/model/ReflectiveCallable
instanceKlass io/qameta/allure/listener/LifecycleNotifier$$Lambda$271
instanceKlass io/qameta/allure/listener/LifecycleNotifier$$Lambda$270
instanceKlass io/qameta/allure/internal/AllureStorage$$Lambda$269
instanceKlass io/qameta/allure/internal/AllureStorage$$Lambda$268
instanceKlass io/qameta/allure/listener/LifecycleNotifier$$Lambda$267
instanceKlass io/qameta/allure/listener/LifecycleNotifier$$Lambda$266
instanceKlass java/lang/invoke/LambdaForm$DMH
instanceKlass io/qameta/allure/listener/LifecycleNotifier$$Lambda$265
instanceKlass io/qameta/allure/junit4/AllureJunit4$$Lambda$264
instanceKlass io/qameta/allure/junit4/AllureJunit4$$Lambda$263
instanceKlass io/qameta/allure/junit4/AllureJunit4$$Lambda$262
instanceKlass io/qameta/allure/junit4/AllureJunit4$$Lambda$261
instanceKlass io/qameta/allure/junit4/AllureJunit4$$Lambda$260
instanceKlass io/qameta/allure/junit4/AllureJunit4$$Lambda$259
instanceKlass io/qameta/allure/junit4/AllureJunit4$$Lambda$258
instanceKlass io/qameta/allure/LinkAnnotations
instanceKlass io/qameta/allure/util/AnnotationUtils$$Lambda$257
instanceKlass io/qameta/allure/LinkAnnotation
instanceKlass io/qameta/allure/junit4/AllureJunit4$$Lambda$256
instanceKlass io/qameta/allure/junit4/AllureJunit4$$Lambda$255
instanceKlass io/qameta/allure/junit4/AllureJunit4$$Lambda$254
instanceKlass java/util/stream/StreamSpliterators$WrappingSpliterator$$Lambda$253
instanceKlass java/util/stream/StreamSpliterators$AbstractWrappingSpliterator
instanceKlass java/util/stream/AbstractPipeline$$Lambda$252
instanceKlass io/qameta/allure/util/AnnotationUtils$$Lambda$251
instanceKlass io/qameta/allure/LabelAnnotations
instanceKlass java/lang/annotation/Repeatable
instanceKlass sun/reflect/annotation/AnnotationSupport
instanceKlass io/qameta/allure/util/AnnotationUtils$$Lambda$250
instanceKlass io/qameta/allure/util/AnnotationUtils$$Lambda$249
instanceKlass io/qameta/allure/util/AnnotationUtils$$Lambda$248
instanceKlass io/qameta/allure/util/AnnotationUtils$$Lambda$247
instanceKlass io/qameta/allure/util/AnnotationUtils$$Lambda$246
instanceKlass io/qameta/allure/util/AnnotationUtils$$Lambda$245
instanceKlass io/qameta/allure/util/AnnotationUtils$$Lambda$244
instanceKlass io/qameta/allure/util/AnnotationUtils$$Lambda$243
instanceKlass io/qameta/allure/LabelAnnotation
instanceKlass io/qameta/allure/util/AnnotationUtils
instanceKlass java/lang/invoke/LambdaForm$MH
instanceKlass java/lang/invoke/LambdaForm$MH
instanceKlass java/lang/invoke/LambdaForm$MH
instanceKlass java/lang/invoke/LambdaForm$MH
instanceKlass java/lang/invoke/LambdaForm$MH
instanceKlass java/lang/invoke/LambdaForm$MH
instanceKlass java/lang/invoke/LambdaForm$MH
instanceKlass java/lang/invoke/LambdaForm$MH
instanceKlass java/lang/invoke/LambdaForm$MH
instanceKlass java/lang/invoke/LambdaForm$MH
instanceKlass java/lang/invoke/LambdaForm$MH
instanceKlass java/lang/invoke/LambdaForm$MH
instanceKlass java/lang/invoke/LambdaForm$MH
instanceKlass java/lang/invoke/LambdaForm$MH
instanceKlass java/lang/invoke/LambdaForm$MH
instanceKlass java/lang/invoke/LambdaForm$MH
instanceKlass java/lang/invoke/LambdaForm$MH
instanceKlass io/qameta/allure/util/ResultsUtils$$Lambda$242
instanceKlass io/qameta/allure/util/ResultsUtils$$Lambda$241
instanceKlass java/net/InetAddress$CachedLocalHost
instanceKlass java/util/concurrent/atomic/Striped64$1
instanceKlass java/net/InetAddress$CachedAddresses
instanceKlass sun/net/InetAddressCachePolicy$2
instanceKlass sun/net/InetAddressCachePolicy$1
instanceKlass sun/net/InetAddressCachePolicy
instanceKlass java/net/InetAddress$NameServiceAddresses
instanceKlass java/net/InetAddress$Addresses
instanceKlass java/util/concurrent/ConcurrentSkipListMap$Iter
instanceKlass io/qameta/allure/util/ResultsUtils$$Lambda$240
instanceKlass io/qameta/allure/util/ResultsUtils$$Lambda$239
instanceKlass io/qameta/allure/junit4/AllureJunit4$$Lambda$238
instanceKlass java/lang/ClassLoader$$Lambda$237
instanceKlass io/qameta/allure/junit4/AllureJunit4$$Lambda$236
instanceKlass io/qameta/allure/util/ResultsUtils$$Lambda$235
instanceKlass io/qameta/allure/util/ResultsUtils$$Lambda$234
instanceKlass io/qameta/allure/model/Label
instanceKlass io/qameta/allure/util/ResultsUtils$$Lambda$233
instanceKlass java/math/MutableBigInteger
instanceKlass io/qameta/allure/util/ResultsUtils
instanceKlass io/qameta/allure/model/TestResult
instanceKlass io/qameta/allure/model/WithLinks
instanceKlass io/qameta/allure/model/ExecutableItem
instanceKlass io/qameta/allure/model/WithSteps
instanceKlass io/qameta/allure/model/WithStatusDetails
instanceKlass io/qameta/allure/model/WithStatus
instanceKlass io/qameta/allure/model/WithParameters
instanceKlass io/qameta/allure/model/WithAttachments
instanceKlass io/qameta/allure/junit4/AllureJunit4$$Lambda$232
instanceKlass io/qameta/allure/junit4/AllureJunit4$$Lambda$231
instanceKlass sun/nio/fs/WindowsUriSupport
instanceKlass io/qameta/allure/junit4/AllureJunit4Utils$CucumberCheck
instanceKlass io/qameta/allure/junit4/AllureJunit4Utils
instanceKlass sun/security/provider/AbstractDrbg$NonceProvider
instanceKlass sun/security/provider/AbstractDrbg$SeederHolder$$Lambda$230
instanceKlass java/lang/invoke/LambdaForm$DMH
instanceKlass java/lang/invoke/LambdaForm$DMH
instanceKlass sun/nio/fs/BasicFileAttributesHolder
instanceKlass sun/nio/fs/WindowsDirectoryStream$WindowsDirectoryIterator
instanceKlass sun/nio/fs/WindowsDirectoryStream
instanceKlass java/nio/file/DirectoryStream
instanceKlass java/nio/file/Files$AcceptAllFilter
instanceKlass java/nio/file/DirectoryStream$Filter
instanceKlass java/net/NetworkInterface$2
instanceKlass java/net/DefaultInterface
instanceKlass java/net/Inet6Address$Inet6AddressHolder
instanceKlass java/net/InetAddress$PlatformNameService
instanceKlass java/net/InetAddress$NameService
instanceKlass java/net/Inet6AddressImpl
instanceKlass java/net/InetAddressImpl
instanceKlass java/net/InetAddressImplFactory
instanceKlass java/util/concurrent/ConcurrentSkipListMap$Node
instanceKlass java/util/concurrent/ConcurrentSkipListMap$Index
instanceKlass java/util/concurrent/ConcurrentNavigableMap
instanceKlass java/net/InetAddress$InetAddressHolder
instanceKlass java/net/InetAddress$2
instanceKlass jdk/internal/misc/JavaNetInetAddressAccess
instanceKlass java/net/InetAddress$1
instanceKlass java/net/InetAddress
instanceKlass java/net/InterfaceAddress
instanceKlass java/net/NetworkInterface$1
instanceKlass java/net/NetworkInterface
instanceKlass sun/security/provider/SeedGenerator$1
instanceKlass sun/security/provider/SeedGenerator
instanceKlass sun/security/provider/AbstractDrbg$SeederHolder
instanceKlass java/security/DrbgParameters$NextBytes
instanceKlass java/util/UUID$Holder
instanceKlass org/apache/maven/surefire/api/util/internal/TestClassMethodNameUtils
instanceKlass org/junit/runners/ParentRunner$4
instanceKlass org/junit/runners/RuleContainer$1
instanceKlass org/junit/runners/RuleContainer
instanceKlass org/junit/rules/TestRule
instanceKlass org/junit/runners/ParentRunner$ClassRuleCollector
instanceKlass org/junit/internal/runners/model/EachTestNotifier
instanceKlass org/apache/maven/surefire/common/junit4/JUnit4ProviderUtil
instanceKlass org/junit/runner/OrderWith
instanceKlass org/junit/After
instanceKlass org/junit/Assert
instanceKlass org/junit/validator/ValidateWith
instanceKlass org/junit/internal/runners/rules/RuleMemberValidator$MethodMustBeARule
instanceKlass org/junit/internal/runners/rules/RuleMemberValidator$MethodMustBeATestRule
instanceKlass org/junit/internal/runners/rules/RuleMemberValidator$FieldMustBeARule
instanceKlass org/junit/internal/runners/rules/RuleMemberValidator$MemberMustBeNonStaticOrAlsoClassRule
instanceKlass org/junit/Rule
instanceKlass org/junit/internal/runners/rules/RuleMemberValidator$FieldMustBeATestRule
instanceKlass org/junit/internal/runners/rules/RuleMemberValidator$MemberMustBePublic
instanceKlass org/junit/internal/runners/rules/RuleMemberValidator$MemberMustBeStatic
instanceKlass org/junit/internal/runners/rules/RuleMemberValidator$DeclaringClassMustBePublic
instanceKlass org/junit/ClassRule
instanceKlass org/junit/internal/runners/rules/RuleMemberValidator$Builder
instanceKlass org/junit/internal/runners/rules/RuleMemberValidator$RuleValidator
instanceKlass org/junit/internal/runners/rules/RuleMemberValidator
instanceKlass org/junit/AfterClass
instanceKlass org/junit/internal/Checks
instanceKlass org/junit/runners/ParentRunner$1
instanceKlass CourierSteps
instanceKlass org/junit/BeforeClass
instanceKlass org/junit/FixMethodOrder
instanceKlass org/junit/internal/MethodSorter$2
instanceKlass org/junit/internal/MethodSorter$1
instanceKlass org/junit/internal/MethodSorter
instanceKlass org/junit/runners/model/TestClass$MethodComparator
instanceKlass org/junit/runners/model/TestClass$FieldComparator
instanceKlass org/junit/runners/model/FrameworkMember
instanceKlass org/junit/runners/model/TestClass
instanceKlass org/junit/runners/model/Annotatable
instanceKlass org/junit/validator/PublicClassValidator
instanceKlass org/junit/validator/AnnotationValidatorFactory
instanceKlass org/junit/validator/AnnotationsValidator$AnnotatableValidator
instanceKlass org/junit/validator/AnnotationsValidator
instanceKlass org/junit/validator/TestClassValidator
instanceKlass org/junit/runners/model/RunnerScheduler
instanceKlass org/hamcrest/SelfDescribing
instanceKlass org/junit/runners/model/Statement
instanceKlass org/junit/runners/model/MemberValueConsumer
instanceKlass junit/framework/Assert
instanceKlass org/junit/runners/model/RunnerBuilder
instanceKlass org/junit/runner/Request
instanceKlass org/apache/maven/surefire/shared/utils/logging/PlainMessageBuilder
instanceKlass org/apache/maven/surefire/shared/utils/logging/LoggerLevelRenderer
instanceKlass org/apache/maven/surefire/shared/utils/logging/MessageBuilder
instanceKlass org/apache/maven/surefire/shared/utils/logging/MessageUtils
instanceKlass org/apache/maven/surefire/api/util/internal/ImmutableMap$Node
instanceKlass sun/management/spi/PlatformMBeanProvider$PlatformComponent$$Lambda$229
instanceKlass sun/management/spi/PlatformMBeanProvider$PlatformComponent$$Lambda$228
instanceKlass sun/management/RuntimeImpl
instanceKlass java/util/stream/ReduceOps$2ReducingSink
instanceKlass java/lang/management/ManagementFactory$PlatformMBeanFinder$$Lambda$227
instanceKlass java/lang/management/ManagementFactory$PlatformMBeanFinder$$Lambda$226
instanceKlass java/lang/management/ManagementFactory$PlatformMBeanFinder$$Lambda$225
instanceKlass java/lang/management/ManagementFactory$PlatformMBeanFinder$$Lambda$224
instanceKlass java/util/Collections$2
instanceKlass jdk/management/jfr/internal/FlightRecorderMXBeanProvider$SingleMBeanComponent
instanceKlass jdk/management/jfr/FlightRecorderMXBean
instanceKlass java/lang/management/ManagementFactory$PlatformMBeanFinder$$Lambda$223
instanceKlass java/lang/invoke/LambdaForm$DMH
instanceKlass java/lang/management/ManagementFactory$PlatformMBeanFinder$$Lambda$222
instanceKlass java/lang/management/ManagementFactory$PlatformMBeanFinder$$Lambda$221
instanceKlass java/lang/management/DefaultPlatformMBeanProvider$11
instanceKlass java/lang/management/DefaultPlatformMBeanProvider$10
instanceKlass java/lang/management/DefaultPlatformMBeanProvider$9
instanceKlass sun/management/ManagementFactoryHelper$LoggingMXBeanAccess$1
instanceKlass sun/management/ManagementFactoryHelper$LoggingMXBeanAccess
instanceKlass java/lang/management/DefaultPlatformMBeanProvider$8
instanceKlass java/lang/management/DefaultPlatformMBeanProvider$7
instanceKlass java/lang/management/DefaultPlatformMBeanProvider$6
instanceKlass java/lang/management/DefaultPlatformMBeanProvider$5
instanceKlass java/lang/management/DefaultPlatformMBeanProvider$4
instanceKlass java/lang/management/DefaultPlatformMBeanProvider$3
instanceKlass java/lang/management/DefaultPlatformMBeanProvider$2
instanceKlass java/lang/management/DefaultPlatformMBeanProvider$1
instanceKlass com/sun/management/internal/PlatformMBeanProviderImpl$5
instanceKlass sun/management/VMManagementImpl
instanceKlass sun/management/VMManagement
instanceKlass sun/management/ManagementFactoryHelper
instanceKlass sun/management/NotificationEmitterSupport
instanceKlass javax/management/NotificationEmitter
instanceKlass javax/management/NotificationBroadcaster
instanceKlass com/sun/management/DiagnosticCommandMBean
instanceKlass javax/management/DynamicMBean
instanceKlass com/sun/management/internal/PlatformMBeanProviderImpl$4
instanceKlass com/sun/management/internal/PlatformMBeanProviderImpl$3
instanceKlass com/sun/management/internal/PlatformMBeanProviderImpl$2
instanceKlass com/sun/management/internal/PlatformMBeanProviderImpl$1
instanceKlass sun/management/spi/PlatformMBeanProvider$PlatformComponent
instanceKlass com/sun/management/internal/PlatformMBeanProviderImpl$$Lambda$220
instanceKlass java/lang/management/ManagementFactory$PlatformMBeanFinder$$Lambda$219
instanceKlass sun/management/spi/PlatformMBeanProvider
instanceKlass java/lang/management/ManagementFactory$PlatformMBeanFinder$$Lambda$218
instanceKlass java/lang/management/ManagementFactory$PlatformMBeanFinder
instanceKlass java/lang/management/RuntimeMXBean
instanceKlass java/lang/management/PlatformManagedObject
instanceKlass java/lang/management/ManagementFactory$$Lambda$217
instanceKlass java/lang/management/ManagementFactory
instanceKlass org/apache/maven/surefire/api/report/SimpleReportEntry
instanceKlass org/apache/maven/surefire/report/ClassMethodIndexer$$Lambda$216
instanceKlass org/apache/maven/surefire/api/util/internal/ClassMethod
instanceKlass org/junit/runner/notification/RunNotifier$SafeNotifier
instanceKlass org/junit/runner/Description
instanceKlass org/junit/Ignore
instanceKlass org/apache/maven/surefire/common/junit4/JUnit4Reflector
instanceKlass io/qameta/allure/internal/AllureThreadContext
instanceKlass io/qameta/allure/internal/AllureStorage
instanceKlass io/qameta/allure/util/ServiceLoaderUtils
instanceKlass io/qameta/allure/listener/LifecycleNotifier
instanceKlass io/qameta/allure/listener/StepLifecycleListener
instanceKlass io/qameta/allure/listener/FixtureLifecycleListener
instanceKlass io/qameta/allure/listener/TestLifecycleListener
instanceKlass io/qameta/allure/listener/ContainerLifecycleListener
instanceKlass io/qameta/allure/listener/LifecycleListener
instanceKlass io/qameta/allure/internal/shadowed/jackson/databind/util/ArrayBuilders
instanceKlass io/qameta/allure/internal/shadowed/jackson/databind/ObjectMapper$1
instanceKlass io/qameta/allure/internal/shadowed/jackson/databind/type/ClassKey
instanceKlass io/qameta/allure/internal/shadowed/jackson/databind/ser/Serializers$Base
instanceKlass io/qameta/allure/internal/shadowed/jackson/core/Version
instanceKlass io/qameta/allure/internal/shadowed/jackson/databind/ser/BeanSerializerModifier
instanceKlass io/qameta/allure/internal/shadowed/jackson/databind/ser/Serializers
instanceKlass io/qameta/allure/internal/shadowed/jackson/databind/cfg/SerializerFactoryConfig
instanceKlass java/util/UUID
instanceKlass java/util/Currency
instanceKlass io/qameta/allure/internal/shadowed/jackson/databind/ser/std/StdJdkSerializers
instanceKlass io/qameta/allure/internal/shadowed/jackson/databind/ser/std/NumberSerializers
instanceKlass io/qameta/allure/internal/shadowed/jackson/databind/deser/DeserializerCache
instanceKlass io/qameta/allure/internal/shadowed/jackson/databind/KeyDeserializer
instanceKlass io/qameta/allure/internal/shadowed/jackson/databind/deser/std/StdKeyDeserializers
instanceKlass io/qameta/allure/internal/shadowed/jackson/databind/deser/KeyDeserializers
instanceKlass io/qameta/allure/internal/shadowed/jackson/databind/deser/ValueInstantiators
instanceKlass io/qameta/allure/internal/shadowed/jackson/databind/AbstractTypeResolver
instanceKlass io/qameta/allure/internal/shadowed/jackson/databind/deser/BeanDeserializerModifier
instanceKlass io/qameta/allure/internal/shadowed/jackson/databind/cfg/DeserializerFactoryConfig
instanceKlass io/qameta/allure/internal/shadowed/jackson/databind/PropertyName
instanceKlass io/qameta/allure/internal/shadowed/jackson/databind/deser/Deserializers
instanceKlass io/qameta/allure/internal/shadowed/jackson/annotation/ObjectIdGenerator
instanceKlass io/qameta/allure/internal/shadowed/jackson/databind/deser/ResolvableDeserializer
instanceKlass io/qameta/allure/internal/shadowed/jackson/databind/deser/ValueInstantiator$Gettable
instanceKlass io/qameta/allure/internal/shadowed/jackson/databind/deser/ContextualDeserializer
instanceKlass io/qameta/allure/internal/shadowed/jackson/databind/JsonDeserializer
instanceKlass io/qameta/allure/internal/shadowed/jackson/databind/deser/NullValueProvider
instanceKlass io/qameta/allure/internal/shadowed/jackson/databind/ser/SerializerCache
instanceKlass io/qameta/allure/internal/shadowed/jackson/databind/ser/ResolvableSerializer
instanceKlass io/qameta/allure/internal/shadowed/jackson/databind/ser/ContextualSerializer
instanceKlass io/qameta/allure/internal/shadowed/jackson/databind/node/JsonNodeFactory
instanceKlass io/qameta/allure/internal/shadowed/jackson/databind/node/JsonNodeCreator
instanceKlass io/qameta/allure/internal/shadowed/jackson/databind/cfg/ContextAttributes
instanceKlass io/qameta/allure/internal/shadowed/jackson/databind/cfg/DatatypeFeature
instanceKlass io/qameta/allure/internal/shadowed/jackson/databind/cfg/DatatypeFeatures$DefaultHolder
instanceKlass io/qameta/allure/internal/shadowed/jackson/databind/cfg/DatatypeFeatures
instanceKlass io/qameta/allure/internal/shadowed/jackson/core/util/Separators
instanceKlass io/qameta/allure/internal/shadowed/jackson/core/util/DefaultPrettyPrinter$NopIndenter
instanceKlass io/qameta/allure/internal/shadowed/jackson/databind/cfg/ConfigFeature
instanceKlass io/qameta/allure/internal/shadowed/jackson/databind/cfg/ConfigOverride
instanceKlass io/qameta/allure/internal/shadowed/jackson/annotation/JsonFormat$Features
instanceKlass io/qameta/allure/internal/shadowed/jackson/annotation/JsonFormat$Value
instanceKlass io/qameta/allure/internal/shadowed/jackson/databind/cfg/CoercionConfig
instanceKlass io/qameta/allure/internal/shadowed/jackson/databind/cfg/CoercionConfigs
instanceKlass io/qameta/allure/internal/shadowed/jackson/databind/introspect/VisibilityChecker$Std
instanceKlass io/qameta/allure/internal/shadowed/jackson/annotation/JsonSetter$Value
instanceKlass io/qameta/allure/internal/shadowed/jackson/annotation/JsonInclude$Value
instanceKlass io/qameta/allure/internal/shadowed/jackson/annotation/JacksonAnnotationValue
instanceKlass io/qameta/allure/internal/shadowed/jackson/databind/cfg/ConfigOverrides
instanceKlass io/qameta/allure/internal/shadowed/jackson/databind/introspect/AnnotatedClass$Creators
instanceKlass io/qameta/allure/internal/shadowed/jackson/databind/introspect/AnnotationCollector$NoAnnotations
instanceKlass io/qameta/allure/internal/shadowed/jackson/databind/util/Annotations
instanceKlass io/qameta/allure/internal/shadowed/jackson/databind/introspect/AnnotationCollector
instanceKlass io/qameta/allure/internal/shadowed/jackson/databind/introspect/AnnotatedClassResolver
instanceKlass io/qameta/allure/internal/shadowed/jackson/databind/BeanDescription
instanceKlass io/qameta/allure/internal/shadowed/jackson/databind/cfg/MapperConfig
instanceKlass io/qameta/allure/internal/shadowed/jackson/databind/introspect/SimpleMixInResolver
instanceKlass io/qameta/allure/internal/shadowed/jackson/databind/introspect/ClassIntrospector$MixInResolver
instanceKlass io/qameta/allure/internal/shadowed/jackson/databind/util/RootNameLookup
instanceKlass io/qameta/allure/internal/shadowed/jackson/core/sym/ByteQuadsCanonicalizer$TableInfo
instanceKlass io/qameta/allure/internal/shadowed/jackson/core/sym/ByteQuadsCanonicalizer
instanceKlass io/qameta/allure/internal/shadowed/jackson/core/sym/CharsToNameCanonicalizer$Bucket
instanceKlass io/qameta/allure/internal/shadowed/jackson/core/sym/CharsToNameCanonicalizer$TableInfo
instanceKlass io/qameta/allure/internal/shadowed/jackson/core/sym/CharsToNameCanonicalizer
instanceKlass io/qameta/allure/internal/shadowed/jackson/core/io/CharTypes
instanceKlass io/qameta/allure/internal/shadowed/jackson/core/io/JsonStringEncoder
instanceKlass io/qameta/allure/internal/shadowed/jackson/core/io/SerializedString
instanceKlass io/qameta/allure/internal/shadowed/jackson/core/util/DefaultPrettyPrinter$Indenter
instanceKlass io/qameta/allure/internal/shadowed/jackson/core/util/DefaultPrettyPrinter
instanceKlass io/qameta/allure/internal/shadowed/jackson/core/util/Instantiatable
instanceKlass io/qameta/allure/internal/shadowed/jackson/core/PrettyPrinter
instanceKlass io/qameta/allure/internal/shadowed/jackson/core/util/JacksonFeature
instanceKlass io/qameta/allure/internal/shadowed/jackson/core/async/ByteBufferFeeder
instanceKlass io/qameta/allure/internal/shadowed/jackson/core/async/ByteArrayFeeder
instanceKlass io/qameta/allure/internal/shadowed/jackson/core/async/NonBlockingInputFeeder
instanceKlass io/qameta/allure/internal/shadowed/jackson/core/TSFBuilder
instanceKlass io/qameta/allure/internal/shadowed/jackson/core/SerializableString
instanceKlass io/qameta/allure/internal/shadowed/jackson/databind/cfg/MapperBuilder
instanceKlass io/qameta/allure/internal/shadowed/jackson/databind/introspect/AccessorNamingStrategy
instanceKlass io/qameta/allure/internal/shadowed/jackson/core/Base64Variant
instanceKlass io/qameta/allure/internal/shadowed/jackson/core/Base64Variants
instanceKlass io/qameta/allure/internal/shadowed/jackson/databind/type/TypeBindings
instanceKlass io/qameta/allure/internal/shadowed/jackson/databind/type/TypeParser
instanceKlass io/qameta/allure/internal/shadowed/jackson/databind/type/TypeFactory
instanceKlass io/qameta/allure/internal/shadowed/jackson/databind/cfg/BaseSettings
instanceKlass java/util/concurrent/atomic/AtomicLongArray
instanceKlass io/qameta/allure/internal/shadowed/jackson/databind/util/internal/Linked
instanceKlass io/qameta/allure/internal/shadowed/jackson/databind/util/internal/PrivateMaxEntriesMap$Builder
instanceKlass io/qameta/allure/internal/shadowed/jackson/databind/util/LRUMap
instanceKlass io/qameta/allure/internal/shadowed/jackson/databind/util/LookupCache
instanceKlass java/beans/ConstructorProperties
instanceKlass java/beans/Transient
instanceKlass io/qameta/allure/internal/shadowed/jackson/databind/util/ClassUtil$Ctor
instanceKlass io/qameta/allure/internal/shadowed/jackson/databind/util/ClassUtil
instanceKlass io/qameta/allure/internal/shadowed/jackson/databind/ext/Java7Support
instanceKlass io/qameta/allure/internal/shadowed/jackson/annotation/JsonMerge
instanceKlass io/qameta/allure/internal/shadowed/jackson/databind/annotation/JsonDeserialize
instanceKlass io/qameta/allure/internal/shadowed/jackson/annotation/JsonManagedReference
instanceKlass io/qameta/allure/internal/shadowed/jackson/annotation/JsonBackReference
instanceKlass io/qameta/allure/internal/shadowed/jackson/annotation/JsonUnwrapped
instanceKlass io/qameta/allure/internal/shadowed/jackson/annotation/JsonRawValue
instanceKlass io/qameta/allure/internal/shadowed/jackson/annotation/JsonTypeInfo
instanceKlass io/qameta/allure/internal/shadowed/jackson/annotation/JsonFormat
instanceKlass io/qameta/allure/internal/shadowed/jackson/annotation/JsonView
instanceKlass io/qameta/allure/internal/shadowed/jackson/databind/annotation/JsonSerialize
instanceKlass io/qameta/allure/internal/shadowed/jackson/databind/introspect/ConcreteBeanPropertyBase
instanceKlass io/qameta/allure/internal/shadowed/jackson/databind/BeanProperty
instanceKlass io/qameta/allure/internal/shadowed/jackson/databind/introspect/BeanPropertyDefinition
instanceKlass io/qameta/allure/internal/shadowed/jackson/databind/util/Named
instanceKlass io/qameta/allure/internal/shadowed/jackson/databind/introspect/TypeResolutionContext
instanceKlass io/qameta/allure/internal/shadowed/jackson/databind/introspect/Annotated
instanceKlass io/qameta/allure/internal/shadowed/jackson/core/type/ResolvedType
instanceKlass io/qameta/allure/internal/shadowed/jackson/core/JsonParser
instanceKlass io/qameta/allure/internal/shadowed/jackson/core/JsonGenerator
instanceKlass io/qameta/allure/internal/shadowed/jackson/databind/JsonSerializable$Base
instanceKlass io/qameta/allure/internal/shadowed/jackson/databind/JsonSerializable
instanceKlass io/qameta/allure/internal/shadowed/jackson/core/TreeNode
instanceKlass io/qameta/allure/internal/shadowed/jackson/databind/Module$SetupContext
instanceKlass io/qameta/allure/internal/shadowed/jackson/databind/introspect/VisibilityChecker
instanceKlass io/qameta/allure/internal/shadowed/jackson/databind/introspect/ClassIntrospector
instanceKlass io/qameta/allure/internal/shadowed/jackson/databind/jsontype/TypeResolverBuilder
instanceKlass io/qameta/allure/internal/shadowed/jackson/databind/jsontype/PolymorphicTypeValidator
instanceKlass io/qameta/allure/internal/shadowed/jackson/databind/introspect/AccessorNamingStrategy$Provider
instanceKlass io/qameta/allure/internal/shadowed/jackson/databind/AnnotationIntrospector
instanceKlass io/qameta/allure/internal/shadowed/jackson/databind/ser/SerializerFactory
instanceKlass io/qameta/allure/internal/shadowed/jackson/databind/deser/DeserializerFactory
instanceKlass io/qameta/allure/internal/shadowed/jackson/databind/DatabindContext
instanceKlass io/qameta/allure/internal/shadowed/jackson/databind/jsontype/SubtypeResolver
instanceKlass io/qameta/allure/internal/shadowed/jackson/core/TokenStreamFactory
instanceKlass io/qameta/allure/internal/shadowed/jackson/core/TreeCodec
instanceKlass io/qameta/allure/internal/shadowed/jackson/databind/Module
instanceKlass io/qameta/allure/internal/shadowed/jackson/core/Versioned
instanceKlass io/qameta/allure/internal/shadowed/jackson/databind/jsonschema/SchemaAware
instanceKlass io/qameta/allure/internal/shadowed/jackson/databind/JsonSerializer
instanceKlass io/qameta/allure/internal/shadowed/jackson/databind/jsonFormatVisitors/JsonFormatVisitable
instanceKlass io/qameta/allure/internal/Allure2ModelJackson
instanceKlass io/qameta/allure/FileSystemResultsWriter
instanceKlass io/qameta/allure/util/PropertiesUtils
instanceKlass org/slf4j/helpers/NamedLoggerBase
instanceKlass java/time/LocalTime$1
instanceKlass java/time/format/DateTimeFormatterBuilder$3
instanceKlass java/time/LocalDate$1
instanceKlass java/time/format/DateTimePrintContext
instanceKlass java/time/Instant
instanceKlass java/time/Clock
instanceKlass org/apache/maven/surefire/api/util/TempFileManager$$Lambda$215
instanceKlass org/apache/maven/surefire/api/util/TempFileManager$$Lambda$214
instanceKlass org/apache/maven/surefire/api/util/TempFileManager
instanceKlass org/apache/maven/surefire/api/util/SureFireFileManager$$Lambda$213
instanceKlass org/apache/maven/surefire/api/util/SureFireFileManager$$Lambda$212
instanceKlass org/apache/maven/surefire/api/util/SureFireFileManager$$Lambda$211
instanceKlass org/apache/maven/surefire/api/util/SureFireFileManager$$Lambda$210
instanceKlass org/apache/maven/surefire/api/util/SureFireFileManager
instanceKlass org/apache/maven/surefire/api/report/TestOutputReportEntry
instanceKlass org/slf4j/helpers/Util
instanceKlass org/slf4j/helpers/NOPLoggerFactory
instanceKlass org/slf4j/Logger
instanceKlass org/slf4j/helpers/SubstituteLoggerFactory
instanceKlass org/slf4j/ILoggerFactory
instanceKlass org/slf4j/event/LoggingEvent
instanceKlass org/slf4j/LoggerFactory
instanceKlass io/qameta/allure/AllureResultsWriter
instanceKlass io/qameta/allure/Allure
instanceKlass io/qameta/allure/AllureLifecycle
instanceKlass org/apache/maven/surefire/common/junit4/JUnit4RunListenerFactory
instanceKlass java/io/ObjectStreamClass$FieldReflector
instanceKlass java/io/ObjectStreamClass$FieldReflectorKey
instanceKlass java/io/ObjectInput
instanceKlass java/io/ObjectStreamConstants
instanceKlass java/io/ObjectOutput
instanceKlass java/util/ComparableTimSort
instanceKlass java/io/ObjectStreamClass$2
instanceKlass java/io/ClassCache
instanceKlass java/io/ObjectStreamClass$Caches
instanceKlass java/io/ObjectStreamClass
instanceKlass org/junit/runner/Result$SerializedForm
instanceKlass org/junit/runner/Result
instanceKlass org/junit/runner/notification/RunListener$ThreadSafe
instanceKlass org/apache/maven/surefire/api/util/CloseableIterator
instanceKlass org/apache/maven/surefire/api/util/TestsToRun
instanceKlass org/junit/runner/Runner
instanceKlass org/junit/runner/Describable
instanceKlass org/junit/runner/manipulation/Orderable
instanceKlass org/junit/runner/manipulation/Sortable
instanceKlass org/junit/runner/manipulation/Filterable
instanceKlass io/qameta/allure/Description
instanceKlass io/qameta/allure/junit4/DisplayName
instanceKlass jdk/internal/HotSpotIntrinsicCandidate
instanceKlass org/junit/Test
instanceKlass org/junit/Before
instanceKlass BaseTest
instanceKlass org/apache/maven/surefire/api/report/ConsoleOutputCapture
instanceKlass org/apache/maven/surefire/api/report/OutputReportEntry
instanceKlass org/apache/maven/plugin/surefire/report/TestSetStats
instanceKlass org/apache/maven/surefire/api/util/internal/StringUtils
instanceKlass org/apache/maven/plugin/surefire/report/Utf8RecodingDeferredFileOutputStream
instanceKlass org/apache/maven/plugin/surefire/runorder/StatisticsReporter
instanceKlass org/apache/maven/plugin/surefire/report/NullConsoleOutputReceiver
instanceKlass org/apache/maven/plugin/surefire/report/DirectConsoleOutput
instanceKlass org/apache/maven/plugin/surefire/report/TestcycleConsoleOutputReceiver
instanceKlass org/apache/maven/surefire/shared/utils/xml/XMLWriter
instanceKlass org/apache/maven/plugin/surefire/report/StatelessXmlReporter
instanceKlass org/apache/maven/surefire/api/util/internal/ObjectUtils
instanceKlass org/apache/maven/plugin/surefire/log/api/NullConsoleLogger
instanceKlass org/apache/maven/plugin/surefire/report/TestSetRunListener
instanceKlass org/apache/maven/surefire/booter/ProviderFactory$ProviderProxy
instanceKlass org/junit/runner/RunWith
instanceKlass junit/framework/Test
instanceKlass org/apache/maven/surefire/api/util/ReflectionUtils
instanceKlass org/apache/maven/surefire/api/filter/NonAbstractClassFilter
instanceKlass org/apache/maven/surefire/common/junit3/JUnit3TestChecker
instanceKlass org/apache/maven/surefire/common/junit4/JUnit4TestChecker
instanceKlass org/apache/maven/surefire/api/util/DefaultRunOrderCalculator
instanceKlass org/apache/maven/surefire/api/util/DefaultScanResult
instanceKlass org/apache/maven/surefire/report/ClassMethodIndexer
instanceKlass org/apache/maven/surefire/api/provider/CommandListener
instanceKlass org/junit/runner/manipulation/Filter
instanceKlass org/apache/maven/surefire/api/util/ScannerFilter
instanceKlass org/junit/runner/notification/RunListener
instanceKlass org/apache/maven/surefire/api/report/StackTraceWriter
instanceKlass org/apache/maven/surefire/api/report/TestSetReportEntry
instanceKlass org/apache/maven/surefire/api/report/ReportEntry
instanceKlass org/junit/runner/notification/RunNotifier
instanceKlass org/apache/maven/surefire/report/RunModeSetter
instanceKlass org/apache/maven/surefire/api/provider/AbstractProvider
instanceKlass org/apache/maven/surefire/api/provider/SurefireProvider
instanceKlass java/util/Collections$CheckedCollection
instanceKlass org/apache/maven/surefire/api/util/RunOrder
instanceKlass org/apache/maven/surefire/api/testset/ResolvedTest$MethodMatcher
instanceKlass org/apache/maven/surefire/api/testset/ResolvedTest$ClassMatcher
instanceKlass org/apache/maven/surefire/api/testset/ResolvedTest
instanceKlass org/apache/maven/surefire/shared/utils/StringUtils
instanceKlass org/apache/maven/surefire/api/testset/IncludedExcludedPatterns
instanceKlass org/apache/maven/surefire/api/provider/CommandChainReader
instanceKlass org/apache/maven/surefire/api/util/RunOrderCalculator
instanceKlass org/apache/maven/surefire/api/util/ScanResult
instanceKlass org/apache/maven/surefire/api/util/DirectoryScanner
instanceKlass org/apache/maven/surefire/api/testset/TestListResolver
instanceKlass org/apache/maven/surefire/api/testset/GenericTestPattern
instanceKlass org/apache/maven/surefire/api/testset/TestFilter
instanceKlass org/apache/maven/surefire/api/suite/RunResult
instanceKlass org/apache/maven/surefire/api/booter/BaseProviderFactory
instanceKlass org/apache/maven/surefire/api/provider/ProviderParameters
instanceKlass org/apache/maven/surefire/api/booter/BaseProviderFactory
instanceKlass org/apache/maven/surefire/api/provider/ProviderParameters
instanceKlass org/apache/maven/surefire/api/testset/RunOrderParameters
instanceKlass org/apache/maven/surefire/api/testset/DirectoryScannerParameters
instanceKlass org/apache/maven/surefire/api/testset/TestArtifactInfo
instanceKlass org/apache/maven/surefire/api/testset/TestArtifactInfo
instanceKlass org/apache/maven/surefire/api/testset/TestRequest
instanceKlass org/apache/maven/surefire/api/report/ReporterConfiguration
instanceKlass org/apache/maven/surefire/booter/SurefireReflector
instanceKlass org/apache/maven/surefire/booter/ProviderFactory
instanceKlass org/apache/maven/surefire/report/RunStatistics
instanceKlass org/apache/maven/surefire/api/report/TestReportListener
instanceKlass org/apache/maven/surefire/api/report/TestOutputReceiver
instanceKlass org/apache/maven/surefire/api/report/RunListener
instanceKlass org/apache/maven/plugin/surefire/report/DefaultReporterFactory
instanceKlass org/apache/maven/plugin/surefire/report/ReportsMerger
instanceKlass org/apache/maven/surefire/api/report/ReporterFactory
instanceKlass org/apache/maven/plugin/surefire/report/DefaultReporterFactory
instanceKlass org/apache/maven/plugin/surefire/report/ReportsMerger
instanceKlass org/apache/maven/surefire/api/report/ReporterFactory
instanceKlass org/apache/maven/plugin/surefire/log/api/ConsoleLoggerDecorator
instanceKlass org/apache/maven/plugin/surefire/log/api/ConsoleLoggerDecorator
instanceKlass org/apache/maven/surefire/shared/lang3/StringUtils
instanceKlass org/apache/maven/surefire/extensions/StatelessTestsetInfoFileReportEventListener
instanceKlass org/apache/maven/surefire/extensions/StatelessTestsetInfoConsoleReportEventListener
instanceKlass org/apache/maven/surefire/extensions/ConsoleOutputReportEventListener
instanceKlass org/apache/maven/surefire/extensions/StatelessReportMojoConfiguration
instanceKlass org/apache/maven/surefire/extensions/StatelessReportEventListener
instanceKlass org/apache/maven/surefire/extensions/StatelessTestsetInfoReporter
instanceKlass org/apache/maven/surefire/extensions/ConsoleOutputReporter
instanceKlass org/apache/maven/surefire/extensions/StatelessReporter
instanceKlass org/apache/maven/plugin/surefire/log/api/ConsoleLogger
instanceKlass org/apache/maven/plugin/surefire/StartupReportConfiguration
instanceKlass org/apache/maven/plugin/surefire/CommonReflector
instanceKlass org/apache/maven/surefire/api/testset/DirectoryScannerParameters
instanceKlass org/apache/maven/surefire/api/testset/TestRequest
instanceKlass org/apache/maven/surefire/api/report/ReporterConfiguration
instanceKlass org/apache/maven/surefire/shared/lang3/StringUtils
instanceKlass org/apache/maven/surefire/extensions/StatelessTestsetInfoFileReportEventListener
instanceKlass org/apache/maven/surefire/extensions/StatelessTestsetInfoConsoleReportEventListener
instanceKlass org/apache/maven/surefire/extensions/ConsoleOutputReportEventListener
instanceKlass org/apache/maven/surefire/extensions/StatelessReportEventListener
instanceKlass org/apache/maven/surefire/providerapi/ProviderRequirements
instanceKlass org/apache/maven/plugin/surefire/SurefireDependencyResolver$$Lambda$209
instanceKlass org/apache/maven/plugin/surefire/SurefireDependencyResolver$$Lambda$208
instanceKlass org/eclipse/aether/util/filter/DependencyFilterUtils
instanceKlass org/apache/maven/surefire/providerapi/ProviderDetector$$Lambda$207
instanceKlass org/apache/maven/surefire/providerapi/ProviderDetector$$Lambda$206
instanceKlass org/apache/maven/surefire/providerapi/ProviderDetector$$Lambda$205
instanceKlass java/lang/invoke/LambdaForm$DMH
instanceKlass org/apache/maven/surefire/providerapi/ProviderDetector$$Lambda$204
instanceKlass org/apache/maven/surefire/providerapi/ProviderDetector$$Lambda$203
instanceKlass org/apache/maven/surefire/api/provider/SurefireProvider
instanceKlass org/apache/maven/plugin/surefire/AbstractSurefireMojo$JUnit3ProviderInfo
instanceKlass org/apache/maven/plugin/surefire/AbstractSurefireMojo$JUnit4ProviderInfo
instanceKlass org/apache/maven/plugin/surefire/AbstractSurefireMojo$JUnitCoreProviderInfo
instanceKlass org/apache/maven/plugin/surefire/AbstractSurefireMojo$TestNgProviderInfo
instanceKlass org/apache/maven/plugin/surefire/AbstractSurefireMojo$JUnitPlatformProviderInfo
instanceKlass org/apache/maven/plugin/surefire/AbstractSurefireMojo$DynamicProviderInfo
instanceKlass org/apache/maven/shared/artifact/filter/PatternIncludesArtifactFilter
instanceKlass org/apache/maven/shared/artifact/filter/StatisticsReportingArtifactFilter
instanceKlass org/apache/maven/plugin/surefire/util/DependencyScanner
instanceKlass org/apache/maven/surefire/shared/utils/io/SelectorUtils
instanceKlass org/apache/maven/surefire/shared/utils/io/MatchPattern
instanceKlass org/apache/maven/surefire/shared/utils/io/MatchPatterns
instanceKlass org/apache/maven/plugin/surefire/util/FileScanner
instanceKlass org/apache/maven/surefire/api/testset/ResolvedTest$MethodMatcher
instanceKlass org/apache/maven/surefire/api/testset/ResolvedTest$ClassMatcher
instanceKlass org/apache/maven/surefire/api/testset/ResolvedTest
instanceKlass org/apache/maven/surefire/api/testset/IncludedExcludedPatterns
instanceKlass org/apache/maven/plugin/surefire/util/DirectoryScanner
instanceKlass sun/security/provider/ByteArrayAccess
instanceKlass sun/security/util/MessageDigestSpi2
instanceKlass sun/security/jca/GetInstance$Instance
instanceKlass sun/security/jca/GetInstance
instanceKlass java/security/MessageDigestSpi
instanceKlass org/apache/maven/plugin/surefire/AbstractSurefireMojo$$Lambda$202
instanceKlass java/util/concurrent/SynchronousQueue$TransferStack$SNode
instanceKlass java/util/concurrent/SynchronousQueue$Transferer
instanceKlass org/apache/maven/surefire/api/util/RunOrder
instanceKlass java/lang/invoke/LambdaForm$MH
instanceKlass java/lang/invoke/LambdaForm$DMH
instanceKlass java/lang/invoke/LambdaForm$DMH
instanceKlass java/lang/ProcessHandleImpl$$Lambda$201
instanceKlass java/lang/invoke/LambdaForm$DMH
instanceKlass java/lang/invoke/LambdaForm$DMH
instanceKlass java/lang/ProcessHandleImpl$$Lambda$200
instanceKlass java/lang/ProcessHandleImpl
instanceKlass java/util/concurrent/CompletableFuture
instanceKlass java/util/concurrent/CompletionStage
instanceKlass java/lang/ProcessHandle$Info
instanceKlass java/lang/ProcessHandle
instanceKlass org/apache/maven/surefire/api/util/ReflectionUtils
instanceKlass org/apache/maven/surefire/shared/utils/cli/ShutdownHookUtils
instanceKlass org/apache/maven/plugin/surefire/AbstractSurefireMojo$$Lambda$199
instanceKlass org/apache/maven/surefire/shared/utils/StringUtils
instanceKlass java/lang/Short$ShortCache
instanceKlass org/apache/maven/surefire/shared/lang3/math/NumberUtils
instanceKlass org/apache/maven/surefire/api/util/internal/DumpFileUtils
instanceKlass org/apache/maven/plugin/surefire/SurefireHelper
instanceKlass org/apache/maven/plugin/lifecycle/Lifecycle
instanceKlass org/codehaus/plexus/util/introspection/ClassMap$MethodInfo
instanceKlass org/apache/maven/surefire/booter/SystemUtils
instanceKlass java/util/concurrent/Executors$DefaultThreadFactory
instanceKlass java/util/concurrent/Executors
instanceKlass org/apache/maven/surefire/api/util/internal/DaemonThreadFactory
instanceKlass org/apache/maven/plugin/surefire/booterclient/Platform$1
instanceKlass java/util/concurrent/FutureTask$WaitNode
instanceKlass java/util/concurrent/FutureTask
instanceKlass java/util/concurrent/RunnableFuture
instanceKlass org/apache/maven/plugin/surefire/SurefirePlugin$$FastClassByGuice$$220923536
instanceKlass org/codehaus/plexus/languages/java/jpms/LocationManager$$FastClassByGuice$$219493994
instanceKlass org/apache/maven/plugin/surefire/SurefireDependencyResolver$$FastClassByGuice$$218639887
instanceKlass org/apache/maven/surefire/providerapi/ProviderDetector$$FastClassByGuice$$217934756
instanceKlass org/apache/maven/surefire/providerapi/ServiceLoader$$FastClassByGuice$$216676188
instanceKlass org/codehaus/plexus/languages/java/jpms/JavaModuleDescriptor
instanceKlass org/codehaus/plexus/languages/java/jpms/ResolvePathsResult
instanceKlass org/codehaus/plexus/languages/java/jpms/ResolvePathsRequest
instanceKlass org/codehaus/plexus/languages/java/jpms/ResolvePathResult
instanceKlass org/codehaus/plexus/languages/java/jpms/ResolvePathRequest
instanceKlass org/codehaus/plexus/languages/java/jpms/ManifestModuleNameExtractor
instanceKlass org/codehaus/plexus/languages/java/jpms/SourceModuleInfoParser
instanceKlass org/codehaus/plexus/languages/java/jpms/ModuleInfoParser
instanceKlass org/codehaus/plexus/languages/java/jpms/ModuleNameExtractor
instanceKlass org/apache/maven/plugin/surefire/InPluginVMSurefireStarter
instanceKlass org/apache/maven/surefire/booter/ProviderConfiguration
instanceKlass org/apache/maven/surefire/booter/Classpath
instanceKlass org/apache/maven/plugin/surefire/StartupReportConfiguration
instanceKlass org/apache/maven/surefire/booter/StartupConfiguration
instanceKlass org/apache/maven/plugin/surefire/booterclient/ForkStarter
instanceKlass org/apache/maven/surefire/api/testset/RunOrderParameters
instanceKlass org/apache/maven/surefire/booter/ClassLoaderConfiguration
instanceKlass org/apache/maven/plugin/surefire/JdkAttributes
instanceKlass org/apache/maven/plugin/surefire/ResolvePathResultWrapper
instanceKlass org/apache/maven/plugin/surefire/TestClassPath
instanceKlass org/apache/maven/surefire/api/suite/RunResult
instanceKlass org/apache/maven/plugin/surefire/booterclient/ChecksumCalculator
instanceKlass org/apache/maven/surefire/api/util/DefaultScanResult
instanceKlass org/apache/maven/surefire/api/util/ScanResult
instanceKlass org/apache/maven/plugin/surefire/log/PluginConsoleLogger
instanceKlass org/apache/maven/surefire/api/testset/TestListResolver
instanceKlass org/apache/maven/surefire/api/testset/GenericTestPattern
instanceKlass org/apache/maven/surefire/api/testset/TestFilter
instanceKlass org/apache/maven/surefire/extensions/StatelessTestsetInfoReporter
instanceKlass org/apache/maven/surefire/extensions/ConsoleOutputReporter
instanceKlass org/apache/maven/surefire/extensions/StatelessReporter
instanceKlass org/apache/maven/plugin/surefire/AbstractSurefireMojo$ClasspathCache
instanceKlass org/apache/maven/plugin/surefire/booterclient/Platform
instanceKlass org/apache/maven/surefire/booter/AbstractPathConfiguration
instanceKlass org/apache/maven/plugin/surefire/booterclient/ForkConfiguration
instanceKlass org/apache/maven/surefire/extensions/ForkNodeFactory
instanceKlass org/apache/maven/surefire/providerapi/ConfigurableProviderInfo
instanceKlass org/apache/maven/surefire/providerapi/ProviderInfo
instanceKlass org/apache/maven/plugin/surefire/log/api/ConsoleLogger
instanceKlass org/apache/maven/surefire/booter/KeyValueSource
instanceKlass org/codehaus/plexus/languages/java/jpms/LocationManager
instanceKlass org/apache/maven/plugin/surefire/SurefireDependencyResolver
instanceKlass org/apache/maven/surefire/providerapi/ServiceLoader
instanceKlass org/apache/maven/surefire/providerapi/ProviderDetector
instanceKlass org/apache/maven/plugin/surefire/SurefireExecutionParameters
instanceKlass org/apache/maven/plugin/surefire/SurefireReportParameters
instanceKlass org/eclipse/aether/util/graph/manager/ClassicDependencyManager$$Lambda$198
instanceKlass org/apache/maven/RepositoryUtils$$Lambda$197
instanceKlass org/apache/maven/plugin/compiler/TestCompilerMojo$$FastClassByGuice$$215665589
instanceKlass org/apache/maven/plugins/resources/TestResourcesMojo$$FastClassByGuice$$214919171
instanceKlass java/io/FileOutputStream$1
instanceKlass org/apache/maven/shared/utils/io/DirectoryScanResult
instanceKlass org/apache/maven/shared/utils/io/DirectoryScanner
instanceKlass org/apache/maven/shared/utils/io/IOUtil
instanceKlass org/apache/maven/shared/utils/io/FileUtils
instanceKlass org/apache/maven/monitor/event/EventDispatcher
instanceKlass org/apache/maven/artifact/repository/RepositoryCache
instanceKlass org/apache/maven/shared/incremental/IncrementalBuildHelperRequest
instanceKlass org/codehaus/plexus/util/SelectorUtils
instanceKlass org/codehaus/plexus/util/AbstractScanner
instanceKlass org/codehaus/plexus/util/Scanner
instanceKlass org/codehaus/plexus/compiler/util/scan/mapping/SuffixMapping
instanceKlass org/codehaus/plexus/compiler/util/scan/AbstractSourceInclusionScanner
instanceKlass org/apache/maven/shared/incremental/IncrementalBuildHelper
instanceKlass org/apache/maven/shared/utils/StringUtils
instanceKlass org/codehaus/plexus/compiler/javac/JavacCompiler$$FastClassByGuice$$213083813
instanceKlass org/apache/maven/plugin/internal/AbstractMavenPluginDescriptorSourcedParametersValidator$$Lambda$196
instanceKlass org/codehaus/plexus/languages/java/jpms/AbstractBinaryModuleInfoParser
instanceKlass org/codehaus/plexus/compiler/manager/DefaultCompilerManager$$FastClassByGuice$$212274411
instanceKlass org/apache/maven/toolchain/DefaultToolchainManager$$FastClassByGuice$$211634065
instanceKlass org/apache/maven/plugin/compiler/CompilerMojo$$FastClassByGuice$$210429846
instanceKlass org/codehaus/plexus/languages/java/jpms/LocationManager$$FastClassByGuice$$209122916
instanceKlass org/sonatype/plexus/components/sec/dispatcher/model/SettingsSecurity
instanceKlass org/sonatype/plexus/components/cipher/PBECipher
instanceKlass org/codehaus/plexus/compiler/CompilerMessage
instanceKlass org/codehaus/plexus/util/cli/StreamConsumer
instanceKlass org/codehaus/plexus/compiler/CompilerOutputStyle
instanceKlass org/codehaus/plexus/languages/java/jpms/ResolvePathsRequest
instanceKlass org/codehaus/plexus/languages/java/jpms/SourceModuleInfoParser
instanceKlass org/codehaus/plexus/languages/java/jpms/ModuleInfoParser
instanceKlass org/codehaus/plexus/languages/java/jpms/JavaModuleDescriptor
instanceKlass org/codehaus/plexus/languages/java/jpms/ResolvePathsResult
instanceKlass org/codehaus/plexus/compiler/CompilerResult
instanceKlass org/codehaus/plexus/compiler/util/scan/SourceInclusionScanner
instanceKlass org/apache/maven/shared/utils/logging/MessageBuilder
instanceKlass org/codehaus/plexus/compiler/CompilerConfiguration
instanceKlass org/codehaus/plexus/compiler/util/scan/mapping/SourceMapping
instanceKlass org/codehaus/plexus/compiler/Compiler
instanceKlass org/codehaus/plexus/compiler/manager/CompilerManager
instanceKlass org/codehaus/plexus/languages/java/jpms/LocationManager
instanceKlass org/sonatype/plexus/components/cipher/PlexusCipher
instanceKlass org/sonatype/plexus/components/sec/dispatcher/SecDispatcher
instanceKlass org/apache/maven/utils/Os$$Lambda$195
instanceKlass org/apache/maven/utils/Os
instanceKlass org/apache/maven/model/building/DefaultModelBuilder$$Lambda$194
instanceKlass org/apache/maven/model/building/DefaultModelBuilder$$Lambda$193
instanceKlass org/apache/maven/model/building/DefaultModelBuilder$$Lambda$192
instanceKlass org/apache/maven/model/building/DefaultModelBuilder$$Lambda$191
instanceKlass org/apache/maven/model/building/DefaultModelBuilder$$Lambda$190
instanceKlass org/apache/maven/artifact/handler/DefaultArtifactHandler$__sisu12$$FastClassByGuice$$207938572
instanceKlass org/eclipse/aether/util/graph/selector/ExclusionDependencySelector$ExclusionComparator
instanceKlass org/apache/maven/artifact/resolver/filter/AbstractScopeArtifactFilter
instanceKlass org/sonatype/plexus/build/incremental/EmptyScanner
instanceKlass org/codehaus/plexus/util/SelectorUtils
instanceKlass org/codehaus/plexus/util/MatchPatterns
instanceKlass org/codehaus/plexus/util/MatchPattern
instanceKlass org/codehaus/plexus/util/AbstractScanner
instanceKlass org/codehaus/plexus/interpolation/RecursionInterceptor
instanceKlass org/codehaus/plexus/interpolation/AbstractValueSource
instanceKlass org/apache/maven/plugins/resources/MavenBuildTimestamp
instanceKlass org/apache/maven/shared/filtering/FilterWrapper
instanceKlass java/util/regex/CharPredicates$$Lambda$189
instanceKlass java/lang/Character$Subset
instanceKlass org/apache/commons/lang3/StringUtils
instanceKlass org/codehaus/plexus/util/introspection/MethodMap
instanceKlass org/codehaus/plexus/util/introspection/ClassMap$CacheMiss
instanceKlass org/codehaus/plexus/util/introspection/ClassMap
instanceKlass org/codehaus/plexus/util/introspection/ReflectionValueExtractor$Tokenizer
instanceKlass org/codehaus/plexus/util/introspection/ReflectionValueExtractor
instanceKlass org/eclipse/sisu/plexus/TypeArguments
instanceKlass org/eclipse/sisu/plexus/CompositeBeanHelper$1
instanceKlass org/eclipse/sisu/plexus/CompositeBeanHelper
instanceKlass org/apache/maven/plugin/internal/ValidatingConfigurationListener
instanceKlass org/apache/maven/plugin/DebugConfigurationListener
instanceKlass org/eclipse/sisu/inject/MildKeys
instanceKlass java/time/LocalTime
instanceKlass java/time/LocalDate
instanceKlass java/time/chrono/ChronoLocalDate
instanceKlass java/time/zone/ZoneOffsetTransition
instanceKlass java/time/LocalDateTime
instanceKlass java/time/chrono/ChronoLocalDateTime
instanceKlass java/time/temporal/TemporalAdjuster
instanceKlass java/time/zone/ZoneOffsetTransitionRule
instanceKlass java/time/zone/ZoneRules
instanceKlass java/time/zone/Ser
instanceKlass java/io/Externalizable
instanceKlass java/time/zone/ZoneRulesProvider$1
instanceKlass java/time/zone/ZoneRulesProvider
instanceKlass java/time/format/DateTimeFormatter$$Lambda$188
instanceKlass java/time/format/DateTimeFormatter$$Lambda$187
instanceKlass java/time/Period
instanceKlass java/time/chrono/ChronoPeriod
instanceKlass java/time/format/DateTimeFormatterBuilder$TextPrinterParser
instanceKlass java/time/format/DateTimeTextProvider$1
instanceKlass java/time/format/DateTimeTextProvider
instanceKlass java/time/format/DateTimeTextProvider$LocaleStore
instanceKlass java/time/format/DateTimeFormatterBuilder$InstantPrinterParser
instanceKlass java/time/format/DateTimeFormatterBuilder$StringLiteralPrinterParser
instanceKlass java/time/format/DateTimeFormatterBuilder$ZoneIdPrinterParser
instanceKlass java/time/format/DateTimeFormatterBuilder$OffsetIdPrinterParser
instanceKlass java/time/format/DecimalStyle
instanceKlass java/time/format/DateTimeFormatterBuilder$CompositePrinterParser
instanceKlass java/time/chrono/AbstractChronology
instanceKlass java/time/chrono/Chronology
instanceKlass java/time/format/DateTimeFormatterBuilder$CharLiteralPrinterParser
instanceKlass java/time/format/DateTimeFormatterBuilder$NumberPrinterParser
instanceKlass java/time/format/DateTimeFormatterBuilder$DateTimePrinterParser
instanceKlass java/time/format/DateTimeFormatterBuilder$2
instanceKlass java/time/temporal/JulianFields
instanceKlass java/time/temporal/IsoFields
instanceKlass java/time/temporal/ValueRange
instanceKlass java/time/temporal/TemporalField
instanceKlass java/time/format/DateTimeFormatterBuilder$$Lambda$186
instanceKlass java/time/temporal/TemporalQuery
instanceKlass java/time/ZoneId
instanceKlass java/time/format/DateTimeFormatterBuilder
instanceKlass java/time/format/DateTimeFormatter
instanceKlass java/time/temporal/Temporal
instanceKlass java/time/temporal/TemporalAccessor
instanceKlass org/codehaus/plexus/component/configurator/converters/ParameterizedConfigurationConverter
instanceKlass org/codehaus/plexus/component/configurator/converters/AbstractConfigurationConverter
instanceKlass org/codehaus/plexus/component/configurator/converters/ConfigurationConverter
instanceKlass org/codehaus/plexus/component/configurator/converters/lookup/DefaultConverterLookup
instanceKlass org/codehaus/plexus/component/configurator/expression/DefaultExpressionEvaluator
instanceKlass org/apache/maven/plugin/internal/ReadOnlyPluginParametersValidator$$Lambda$185
instanceKlass org/apache/maven/plugin/internal/ReadOnlyPluginParametersValidator$$Lambda$184
instanceKlass org/apache/maven/plugin/internal/DeprecatedPluginValidator$$Lambda$183
instanceKlass java/lang/invoke/LambdaForm$DMH
instanceKlass org/apache/maven/plugin/internal/DeprecatedPluginValidator$$Lambda$182
instanceKlass java/lang/invoke/LambdaForm$DMH
instanceKlass org/apache/maven/plugin/internal/DeprecatedPluginValidator$$Lambda$181
instanceKlass org/apache/maven/plugin/internal/DeprecatedCoreExpressionValidator$$Lambda$180
instanceKlass org/apache/maven/plugin/internal/DeprecatedCoreExpressionValidator$$Lambda$179
instanceKlass org/apache/maven/plugin/internal/DeprecatedCoreExpressionValidator$$Lambda$178
instanceKlass org/apache/maven/plugin/PluginParameterExpressionEvaluator
instanceKlass org/codehaus/plexus/component/configurator/expression/TypeAwareExpressionEvaluator
instanceKlass org/apache/maven/monitor/logging/DefaultLog
instanceKlass org/sonatype/plexus/build/incremental/DefaultBuildContext$$FastClassByGuice$$207424518
instanceKlass org/apache/maven/plugins/resources/ResourcesMojo$$FastClassByGuice$$206244150
instanceKlass org/apache/maven/shared/filtering/DefaultMavenResourcesFiltering$$FastClassByGuice$$205487222
instanceKlass org/apache/maven/shared/filtering/DefaultMavenReaderFilter$$FastClassByGuice$$204361025
instanceKlass org/apache/maven/shared/filtering/DefaultMavenFileFilter$$FastClassByGuice$$202899975
instanceKlass com/google/inject/internal/Messages$Converter
instanceKlass com/google/inject/internal/Messages
instanceKlass java/util/StringJoiner
instanceKlass org/codehaus/plexus/interpolation/Interpolator
instanceKlass org/codehaus/plexus/interpolation/BasicInterpolator
instanceKlass org/codehaus/plexus/interpolation/ValueSource
instanceKlass org/codehaus/plexus/util/Scanner
instanceKlass org/w3c/dom/Element
instanceKlass org/w3c/dom/Document
instanceKlass org/w3c/dom/Node
instanceKlass org/apache/maven/shared/filtering/AbstractMavenFilteringRequest
instanceKlass org/apache/maven/shared/filtering/DefaultMavenResourcesFiltering
instanceKlass org/apache/maven/shared/filtering/MavenResourcesFiltering
instanceKlass org/apache/maven/shared/filtering/MavenReaderFilter
instanceKlass org/apache/maven/shared/filtering/BaseFilter
instanceKlass org/apache/maven/shared/filtering/MavenFileFilter
instanceKlass org/apache/maven/shared/filtering/DefaultFilterInfo
instanceKlass org/sonatype/plexus/build/incremental/BuildContext
instanceKlass java/security/CodeSigner
instanceKlass java/util/jar/JarVerifier
instanceKlass org/eclipse/sisu/space/FileEntryIterator
instanceKlass org/eclipse/sisu/space/ResourceEnumeration
instanceKlass org/eclipse/sisu/plexus/ComponentDescriptorBeanModule$PlexusDescriptorBeanSource
instanceKlass org/eclipse/sisu/plexus/ComponentDescriptorBeanModule$ComponentMetadata
instanceKlass org/apache/maven/plugin/AbstractMojo
instanceKlass org/apache/maven/plugin/ContextEnabled
instanceKlass org/apache/maven/plugin/Mojo
instanceKlass org/eclipse/sisu/plexus/ComponentDescriptorBeanModule
instanceKlass org/apache/maven/classrealm/ArtifactClassRealmConstituent
instanceKlass org/apache/maven/RepositoryUtils$$Lambda$177
instanceKlass org/eclipse/aether/collection/DependencyManagement
instanceKlass org/apache/maven/plugin/internal/WagonExcluder
instanceKlass org/apache/maven/plugin/DefaultPluginRealmCache$$Lambda$176
instanceKlass java/lang/invoke/LambdaForm$MH
instanceKlass org/apache/maven/plugin/internal/DefaultMavenPluginManager$$Lambda$175
instanceKlass org/apache/maven/plugin/CacheUtils
instanceKlass org/apache/maven/plugin/DefaultPluginRealmCache$CacheKey
instanceKlass java/lang/Character$CharacterCache
instanceKlass org/apache/maven/lifecycle/internal/MojoExecutor$ProjectLock
instanceKlass org/eclipse/aether/util/graph/visitor/TreeDependencyVisitor
instanceKlass org/eclipse/aether/util/graph/visitor/FilteringDependencyVisitor
instanceKlass org/eclipse/aether/internal/impl/ArtifactRequestBuilder
instanceKlass org/eclipse/aether/util/graph/transformer/NearestVersionSelector$ConflictGroup
instanceKlass org/eclipse/aether/util/graph/transformer/ConflictResolver$ConflictItem
instanceKlass org/eclipse/aether/util/graph/transformer/ConflictResolver$NodeInfo
instanceKlass org/eclipse/aether/util/graph/transformer/ConflictResolver$ScopeContext
instanceKlass org/eclipse/aether/util/graph/transformer/ConflictResolver$ConflictContext
instanceKlass org/eclipse/aether/util/graph/transformer/ConflictResolver$State
instanceKlass org/eclipse/aether/util/graph/transformer/ConflictIdSorter$RootQueue
instanceKlass org/eclipse/aether/util/graph/transformer/ConflictIdSorter$ConflictId
instanceKlass org/eclipse/aether/util/graph/transformer/ConflictMarker$ConflictGroup
instanceKlass org/eclipse/aether/util/graph/transformer/ConflictMarker$Key
instanceKlass org/eclipse/aether/util/graph/transformer/ConflictMarker
instanceKlass org/eclipse/aether/util/graph/transformer/ConflictIdSorter
instanceKlass org/eclipse/aether/util/graph/transformer/TransformationContextKeys
instanceKlass org/eclipse/aether/internal/impl/collect/DefaultDependencyGraphTransformationContext
instanceKlass org/eclipse/aether/graph/Dependency$Exclusions$1
instanceKlass java/util/Collections$UnmodifiableList$1
instanceKlass org/apache/maven/model/building/DefaultModelBuilder$$Lambda$174
instanceKlass org/apache/maven/model/building/DefaultModelBuilder$$Lambda$173
instanceKlass org/apache/maven/model/building/DefaultModelBuilder$$Lambda$172
instanceKlass org/eclipse/aether/internal/impl/collect/DataPool$GraphKey
instanceKlass org/eclipse/aether/internal/impl/collect/DefaultDependencyCycle
instanceKlass org/eclipse/aether/internal/impl/collect/DataPool$Descriptor
instanceKlass org/eclipse/aether/internal/impl/collect/DataPool$HardInternPool$$Lambda$171
instanceKlass org/eclipse/aether/internal/impl/collect/DataPool$DescriptorKey
instanceKlass org/eclipse/aether/internal/impl/collect/DataPool$Constraint$VersionRepo
instanceKlass org/eclipse/aether/internal/impl/collect/DataPool$Constraint
instanceKlass org/eclipse/aether/internal/impl/collect/DataPool$ConstraintKey
instanceKlass org/eclipse/aether/util/graph/manager/ClassicDependencyManager$Key
instanceKlass org/eclipse/aether/internal/impl/collect/CollectStepDataImpl
instanceKlass org/eclipse/aether/collection/CollectStepData
instanceKlass org/eclipse/aether/internal/impl/collect/df/NodeStack
instanceKlass org/eclipse/aether/graph/DependencyCycle
instanceKlass org/eclipse/aether/internal/impl/collect/DataPool$HardInternPool
instanceKlass org/eclipse/aether/internal/impl/collect/DataPool$WeakInternPool
instanceKlass org/eclipse/aether/internal/impl/collect/DataPool$InternPool
instanceKlass org/eclipse/aether/internal/impl/collect/CachingArtifactTypeRegistry
instanceKlass org/apache/maven/RepositoryUtils$$Lambda$170
instanceKlass org/eclipse/aether/util/artifact/ArtifactIdUtils
instanceKlass org/apache/maven/project/DefaultDependencyResolutionRequest
instanceKlass org/apache/maven/lifecycle/internal/LifecycleDependencyResolver$ReactorDependencyFilter
instanceKlass org/eclipse/aether/util/filter/AndDependencyFilter
instanceKlass org/eclipse/aether/util/filter/ScopeDependencyFilter
instanceKlass org/apache/maven/project/artifact/DefaultProjectArtifactsCache$CacheKey
instanceKlass org/apache/maven/lifecycle/internal/MojoExecutor$1
instanceKlass org/apache/maven/lifecycle/internal/ExecutionPlanItem
instanceKlass org/apache/maven/lifecycle/internal/DefaultMojoExecutionConfigurator$$Lambda$169
instanceKlass org/apache/maven/lifecycle/internal/DefaultMojoExecutionConfigurator$$Lambda$168
instanceKlass org/apache/maven/lifecycle/internal/DefaultMojoExecutionConfigurator$$Lambda$167
instanceKlass org/apache/maven/lifecycle/internal/DefaultMojoExecutionConfigurator$$Lambda$166
instanceKlass org/apache/maven/model/merge/ModelMerger$NotifierKeyComputer
instanceKlass org/apache/maven/model/building/DefaultModelBuilder$$Lambda$165
instanceKlass org/apache/maven/model/building/DefaultModelBuilder$$Lambda$164
instanceKlass org/apache/maven/plugin/internal/DefaultPluginValidationManager$PluginValidationIssues$$Lambda$163
instanceKlass org/apache/maven/plugin/internal/DefaultPluginValidationManager$$Lambda$162
instanceKlass org/apache/maven/plugin/internal/DefaultPluginValidationManager$$Lambda$161
instanceKlass org/apache/maven/model/Exclusion
instanceKlass org/apache/maven/lifecycle/internal/DefaultMojoExecutionConfigurator$$FastClassByGuice$$202041270
instanceKlass org/apache/maven/plugin/MavenPluginValidator
instanceKlass java/io/RandomAccessFile$1
instanceKlass org/codehaus/plexus/component/repository/ComponentDependency
instanceKlass org/codehaus/plexus/component/repository/ComponentRequirement
instanceKlass org/codehaus/plexus/configuration/DefaultPlexusConfiguration
instanceKlass java/util/stream/MatchOps$$Lambda$160
instanceKlass java/util/stream/MatchOps$BooleanTerminalSink
instanceKlass java/util/stream/MatchOps$MatchOp
instanceKlass java/util/stream/MatchOps
instanceKlass org/apache/maven/plugin/internal/PlexusContainerDefaultDependenciesValidator$$Lambda$159
instanceKlass org/apache/maven/plugin/internal/PlexusContainerDefaultDependenciesValidator$$Lambda$158
instanceKlass org/apache/maven/plugin/internal/MavenScopeDependenciesValidator$$Lambda$157
instanceKlass org/apache/maven/plugin/internal/MavenScopeDependenciesValidator$$Lambda$156
instanceKlass org/apache/maven/plugin/internal/MavenScopeDependenciesValidator$$Lambda$155
instanceKlass org/apache/maven/plugin/internal/MavenScopeDependenciesValidator$$Lambda$154
instanceKlass org/apache/maven/plugin/internal/MavenScopeDependenciesValidator$$Lambda$153
instanceKlass org/apache/maven/plugin/internal/MavenScopeDependenciesValidator$$Lambda$152
instanceKlass org/apache/maven/plugin/internal/MavenMixedDependenciesValidator$$Lambda$151
instanceKlass org/apache/maven/plugin/internal/MavenMixedDependenciesValidator$$Lambda$150
instanceKlass org/apache/maven/plugin/internal/MavenMixedDependenciesValidator$$Lambda$149
instanceKlass org/apache/maven/plugin/internal/MavenMixedDependenciesValidator$$Lambda$148
instanceKlass java/util/stream/Collectors$$Lambda$147
instanceKlass java/util/stream/Collectors$$Lambda$146
instanceKlass java/util/stream/Collectors$$Lambda$145
instanceKlass org/apache/maven/plugin/internal/Maven2DependenciesValidator$$Lambda$144
instanceKlass org/apache/maven/plugin/internal/Maven2DependenciesValidator$$Lambda$143
instanceKlass org/apache/maven/plugin/internal/Maven2DependenciesValidator$$Lambda$142
instanceKlass org/apache/maven/plugin/internal/Maven2DependenciesValidator$$Lambda$141
instanceKlass org/apache/maven/plugin/internal/Maven2DependenciesValidator$$Lambda$140
instanceKlass java/util/stream/Streams$RangeIntSpliterator
instanceKlass org/apache/maven/model/Notifier
instanceKlass org/eclipse/aether/util/version/GenericVersion$Item
instanceKlass org/eclipse/aether/util/version/GenericVersion$Tokenizer
instanceKlass org/eclipse/aether/util/version/GenericVersion
instanceKlass org/eclipse/aether/util/version/GenericVersionConstraint
instanceKlass org/eclipse/aether/version/VersionConstraint
instanceKlass org/eclipse/aether/version/VersionRange
instanceKlass org/eclipse/aether/util/version/GenericVersionScheme
instanceKlass java/util/Formattable
instanceKlass java/util/Formatter$Conversion
instanceKlass java/util/Formatter$Flags
instanceKlass java/util/Formatter$FormatSpecifier
instanceKlass java/util/Formatter$FixedString
instanceKlass java/util/Formatter$FormatString
instanceKlass java/util/Formatter
instanceKlass org/apache/maven/repository/internal/DefaultModelCache$Key
instanceKlass org/apache/maven/model/building/ModelCacheTag$2
instanceKlass org/apache/maven/model/building/ModelCacheTag$1
instanceKlass org/apache/maven/model/Site
instanceKlass org/apache/maven/model/io/xpp3/MavenXpp3Reader$1
instanceKlass org/apache/maven/model/io/xpp3/MavenXpp3Reader$ContentTransformer
instanceKlass org/apache/maven/model/io/xpp3/MavenXpp3Reader
instanceKlass org/apache/maven/repository/internal/DefaultModelResolver
instanceKlass org/eclipse/aether/named/support/NamedLockFactorySupport$$Lambda$139
instanceKlass java/util/AbstractMap$2$1
instanceKlass java/nio/channels/spi/AbstractInterruptibleChannel$1
instanceKlass sun/nio/ch/Interruptible
instanceKlass sun/nio/ch/FileKey
instanceKlass sun/nio/ch/FileLockTable
instanceKlass sun/nio/fs/WindowsFileSystemProvider$1
instanceKlass org/eclipse/aether/repository/LocalArtifactRequest
instanceKlass org/eclipse/aether/internal/impl/DefaultRepositoryEventDispatcher$1
instanceKlass org/eclipse/aether/RepositoryEvent$Builder
instanceKlass org/eclipse/aether/internal/impl/filter/RemoteRepositoryFilterSourceSupport$SimpleResult
instanceKlass org/eclipse/aether/internal/impl/filter/DefaultRemoteRepositoryFilterManager$$Lambda$138
instanceKlass org/eclipse/aether/named/support/ReadWriteLockNamedLock$$Lambda$137
instanceKlass org/eclipse/aether/named/support/Retry$DoNotRetry
instanceKlass org/eclipse/aether/named/support/NamedLockFactorySupport$$Lambda$136
instanceKlass org/eclipse/aether/internal/impl/synccontext/named/NamedLockFactoryAdapter$AdaptedLockSyncContext
instanceKlass org/eclipse/aether/internal/impl/synccontext/named/GAVNameMapper
instanceKlass org/eclipse/aether/internal/impl/synccontext/named/NameMappers
instanceKlass org/eclipse/sisu/wire/NamedIterableAdapter$NamedEntry
instanceKlass org/eclipse/sisu/wire/NamedIterableAdapter$NamedIterator
instanceKlass org/eclipse/aether/internal/impl/synccontext/DefaultSyncContextFactory$$Lambda$135
instanceKlass org/apache/maven/repository/internal/DefaultVersionResolver$Key
instanceKlass org/eclipse/aether/artifact/AbstractArtifact
instanceKlass org/apache/maven/plugin/DefaultPluginDescriptorCache$$Lambda$134
instanceKlass org/apache/maven/plugin/internal/DefaultMavenPluginManager$$Lambda$133
instanceKlass org/apache/maven/plugin/DefaultPluginDescriptorCache$CacheKey
instanceKlass org/apache/maven/lifecycle/internal/GoalTask
instanceKlass org/apache/maven/execution/ProjectExecutionEvent
instanceKlass org/apache/maven/lifecycle/internal/CompoundProjectExecutionListener
instanceKlass org/apache/maven/lifecycle/internal/DefaultLifecycleMappingDelegate$$FastClassByGuice$$200687035
instanceKlass org/apache/maven/lifecycle/internal/DefaultLifecycleExecutionPlanCalculator$$FastClassByGuice$$200081333
instanceKlass org/apache/maven/project/artifact/DefaultProjectArtifactsCache$$FastClassByGuice$$198784545
instanceKlass org/apache/maven/lifecycle/internal/builder/singlethreaded/SingleThreadedBuilder$$FastClassByGuice$$197136831
instanceKlass org/apache/maven/graph/DefaultProjectDependencyGraph$MavenProjectComparator
instanceKlass org/apache/maven/lifecycle/internal/LifecycleTask
instanceKlass org/apache/maven/plugin/internal/DefaultPluginValidationManager$$Lambda$132
instanceKlass org/eclipse/aether/DefaultSessionData$$Lambda$131
instanceKlass java/lang/invoke/LambdaForm$DMH
instanceKlass org/apache/maven/plugin/internal/DefaultPluginValidationManager$$Lambda$130
instanceKlass org/apache/maven/internal/aether/MavenChainedWorkspaceReader
instanceKlass java/util/stream/Collectors$$Lambda$129
instanceKlass java/util/stream/Collectors$$Lambda$128
instanceKlass java/util/stream/Collectors$$Lambda$127
instanceKlass org/apache/maven/ReactorReader$$Lambda$126
instanceKlass org/apache/maven/ReactorReader$$Lambda$125
instanceKlass org/apache/maven/session/scope/internal/SessionScope$ScopeState$$Lambda$124
instanceKlass org/apache/maven/execution/MavenSession$$Lambda$123
instanceKlass org/apache/maven/execution/MavenSession$$Lambda$122
instanceKlass org/codehaus/plexus/util/dag/TopologicalSorter
instanceKlass org/codehaus/plexus/util/dag/Vertex
instanceKlass org/codehaus/plexus/util/dag/DAG
instanceKlass org/apache/maven/project/ProjectSorter
instanceKlass org/apache/maven/graph/DefaultProjectDependencyGraph
instanceKlass org/apache/maven/project/DefaultProjectBuildingResult
instanceKlass org/apache/maven/lifecycle/Lifecycle$__sisu8$$FastClassByGuice$$196419475
instanceKlass org/apache/maven/lifecycle/Lifecycle$__sisu7$$FastClassByGuice$$195408021
instanceKlass org/apache/maven/lifecycle/mapping/LifecycleMojo
instanceKlass org/apache/maven/lifecycle/mapping/DefaultLifecycleMapping$__sisu1$$FastClassByGuice$$194932613
instanceKlass org/apache/maven/lifecycle/mapping/Lifecycle
instanceKlass org/apache/maven/model/building/DefaultModelBuildingEvent
instanceKlass org/apache/maven/model/building/ModelBuildingEventCatapult$1
instanceKlass org/apache/maven/project/ReactorModelPool$CacheKey
instanceKlass org/apache/maven/project/DefaultProjectBuilder$InterimResult
instanceKlass org/apache/maven/artifact/handler/DefaultArtifactHandler$__sisu13$$FastClassByGuice$$193773566
instanceKlass org/apache/maven/artifact/versioning/Restriction
instanceKlass org/apache/maven/artifact/ArtifactUtils
instanceKlass org/apache/maven/artifact/DefaultArtifact
instanceKlass org/apache/maven/artifact/handler/DefaultArtifactHandler$__sisu9$$FastClassByGuice$$192282973
instanceKlass org/apache/maven/artifact/versioning/ComparableVersion$StringItem
instanceKlass org/apache/maven/artifact/versioning/ComparableVersion$IntItem
instanceKlass org/apache/maven/artifact/versioning/ComparableVersion$Item
instanceKlass org/apache/maven/artifact/versioning/ComparableVersion
instanceKlass org/apache/maven/artifact/versioning/DefaultArtifactVersion
instanceKlass org/apache/maven/repository/internal/ArtifactDescriptorUtils
instanceKlass org/apache/maven/model/building/DefaultModelBuilder$$Lambda$121
instanceKlass java/util/function/IntConsumer
instanceKlass java/lang/invoke/LambdaForm$DMH
instanceKlass java/util/stream/IntStream
instanceKlass org/apache/maven/model/Extension
instanceKlass org/codehaus/plexus/interpolation/util/StringUtils
instanceKlass org/apache/maven/model/DependencyManagement
instanceKlass org/apache/maven/model/DistributionManagement
instanceKlass org/apache/maven/model/MailingList
instanceKlass org/apache/maven/model/License
instanceKlass org/apache/maven/model/Organization
instanceKlass org/apache/maven/model/Scm
instanceKlass org/apache/maven/model/CiManagement
instanceKlass org/apache/maven/model/IssueManagement
instanceKlass org/apache/maven/model/Prerequisites
instanceKlass org/apache/maven/model/Parent
instanceKlass org/codehaus/plexus/interpolation/reflection/MethodMap
instanceKlass org/codehaus/plexus/interpolation/reflection/ClassMap$CacheMiss
instanceKlass org/codehaus/plexus/interpolation/reflection/ClassMap
instanceKlass org/codehaus/plexus/interpolation/reflection/ReflectionValueExtractor$Tokenizer
instanceKlass org/codehaus/plexus/interpolation/reflection/ReflectionValueExtractor
instanceKlass org/codehaus/plexus/interpolation/util/ValueSourceUtils
instanceKlass org/apache/maven/model/interpolation/StringVisitorModelInterpolator$ModelVisitor
instanceKlass org/apache/maven/model/interpolation/StringVisitorModelInterpolator$1
instanceKlass org/codehaus/plexus/interpolation/PrefixAwareRecursionInterceptor
instanceKlass org/apache/maven/model/interpolation/UrlNormalizingPostProcessor
instanceKlass org/apache/maven/model/interpolation/PathTranslatingPostProcessor
instanceKlass java/text/DontCareFieldPosition$1
instanceKlass java/text/Format$FieldDelegate
instanceKlass sun/util/resources/Bundles$2
instanceKlass sun/util/resources/LocaleData$LocaleDataResourceBundleProvider
instanceKlass java/util/spi/ResourceBundleProvider
instanceKlass org/apache/maven/model/interpolation/MavenBuildTimestamp
instanceKlass org/apache/maven/model/interpolation/ProblemDetectingValueSource
instanceKlass org/codehaus/plexus/interpolation/PrefixedValueSourceWrapper
instanceKlass org/codehaus/plexus/interpolation/FeedbackEnabledValueSource
instanceKlass org/codehaus/plexus/interpolation/AbstractDelegatingValueSource
instanceKlass org/codehaus/plexus/interpolation/QueryEnabledValueSource
instanceKlass org/apache/maven/model/merge/ModelMerger$ExtensionKeyComputer
instanceKlass org/apache/maven/model/merge/ModelMerger$ResourceKeyComputer
instanceKlass org/apache/maven/model/merge/ModelMerger$SourceDominant
instanceKlass org/apache/maven/model/merge/ModelMerger$DependencyKeyComputer
instanceKlass org/apache/maven/model/building/DefaultModelBuilder$$Lambda$120
instanceKlass java/lang/invoke/LambdaForm$DMH
instanceKlass org/apache/maven/model/building/DefaultModelBuilder$$Lambda$119
instanceKlass org/apache/maven/model/building/DefaultModelBuilder$$Lambda$118
instanceKlass org/apache/maven/model/building/DefaultModelBuilder$$Lambda$117
instanceKlass org/apache/maven/model/building/DefaultModelBuilder$$Lambda$116
instanceKlass org/apache/maven/model/building/DefaultModelBuilder$InterpolateString
instanceKlass java/lang/invoke/LambdaForm$DMH
instanceKlass org/apache/maven/model/building/DefaultModelBuilder$1Interpolation
instanceKlass org/apache/maven/model/building/DefaultModelBuilder$$Lambda$115
instanceKlass org/apache/maven/model/building/DefaultModelBuilder$$Lambda$114
instanceKlass org/apache/maven/model/building/DefaultModelBuilder$$Lambda$113
instanceKlass org/apache/maven/model/building/DefaultModelBuilder$$Lambda$112
instanceKlass org/apache/maven/model/building/DefaultModelBuilder$$Lambda$111
instanceKlass java/lang/invoke/LambdaForm$DMH
instanceKlass org/apache/maven/model/building/DefaultModelBuilder$$Lambda$110
instanceKlass org/apache/maven/model/profile/DefaultProfileActivationContext$$Lambda$109
instanceKlass org/apache/maven/model/profile/DefaultProfileActivationContext$$Lambda$108
instanceKlass org/apache/maven/model/profile/DefaultProfileActivationContext$$Lambda$107
instanceKlass java/util/Spliterators$IteratorSpliterator
instanceKlass org/apache/maven/model/building/DefaultModelBuilder$$Lambda$106
instanceKlass org/apache/maven/model/building/ModelProblemUtils
instanceKlass org/apache/maven/model/io/xpp3/MavenXpp3ReaderEx$Xpp3DomBuilderInputLocationBuilder
instanceKlass org/apache/maven/model/io/xpp3/MavenXpp3ReaderEx$1
instanceKlass org/codehaus/plexus/util/xml/Xpp3DomBuilder$InputLocationBuilder
instanceKlass org/apache/maven/model/io/xpp3/MavenXpp3ReaderEx$ContentTransformer
instanceKlass org/apache/maven/model/io/xpp3/MavenXpp3ReaderEx
instanceKlass org/apache/maven/model/building/ModelSource2
instanceKlass org/apache/maven/model/building/DefaultModelBuildingResult
instanceKlass org/apache/maven/model/building/AbstractModelBuildingListener
instanceKlass org/apache/maven/project/ProjectModelResolver
instanceKlass org/apache/maven/model/building/DefaultModelBuildingRequest
instanceKlass org/apache/maven/artifact/repository/LegacyLocalRepositoryManager
instanceKlass org/apache/maven/repository/internal/DefaultModelCache
instanceKlass org/apache/maven/project/DefaultProjectBuildingRequest
instanceKlass org/apache/maven/shared/utils/logging/AnsiMessageBuilder
instanceKlass org/apache/maven/lifecycle/internal/DefaultExecutionEventCatapult$1
instanceKlass org/apache/maven/lifecycle/internal/DefaultExecutionEvent
instanceKlass org/apache/maven/AbstractMavenLifecycleParticipant
instanceKlass java/util/concurrent/atomic/AtomicReference
instanceKlass org/apache/maven/session/scope/internal/SessionScope$CachingProvider
instanceKlass org/apache/maven/session/scope/internal/SessionScope$$Lambda$105
instanceKlass org/apache/maven/settings/RuntimeInfo
instanceKlass org/eclipse/aether/internal/impl/LocalPathPrefixComposerFactorySupport$LocalPathPrefixComposerSupport
instanceKlass org/eclipse/aether/internal/impl/SimpleLocalRepositoryManager
instanceKlass java/util/ArrayList$SubList$1
instanceKlass org/eclipse/aether/internal/impl/PrioritizedComponent
instanceKlass org/eclipse/sisu/wire/EntrySetAdapter$ValueIterator
instanceKlass org/eclipse/aether/internal/impl/PrioritizedComponents
instanceKlass org/apache/maven/RepositoryUtils$$Lambda$104
instanceKlass org/eclipse/aether/repository/RemoteRepository$Builder
instanceKlass java/net/spi/URLStreamHandlerProvider
instanceKlass java/net/URL$1
instanceKlass java/net/URL$2
instanceKlass org/eclipse/aether/util/ConfigUtils
instanceKlass org/eclipse/aether/AbstractRepositoryListener
instanceKlass org/eclipse/aether/util/repository/DefaultAuthenticationSelector
instanceKlass org/eclipse/aether/util/repository/DefaultProxySelector
instanceKlass org/eclipse/aether/util/repository/DefaultMirrorSelector$MirrorDef
instanceKlass org/eclipse/aether/util/repository/DefaultMirrorSelector
instanceKlass org/apache/maven/settings/crypto/DefaultSettingsDecryptionResult
instanceKlass org/apache/maven/settings/crypto/DefaultSettingsDecryptionRequest
instanceKlass org/apache/maven/RepositoryUtils$MavenArtifactTypeRegistry
instanceKlass org/apache/maven/RepositoryUtils
instanceKlass org/eclipse/aether/util/repository/SimpleResolutionErrorPolicy
instanceKlass java/util/stream/Collectors$$Lambda$103
instanceKlass java/util/stream/Collectors$$Lambda$102
instanceKlass java/lang/invoke/LambdaForm$DMH
instanceKlass java/util/stream/Collectors$$Lambda$101
instanceKlass org/apache/maven/internal/aether/DefaultRepositorySystemSessionFactory$$Lambda$100
instanceKlass org/apache/maven/internal/aether/DefaultRepositorySystemSessionFactory$$Lambda$99
instanceKlass org/apache/maven/internal/aether/DefaultRepositorySystemSessionFactory$$Lambda$98
instanceKlass org/apache/maven/internal/aether/DefaultRepositorySystemSessionFactory$$Lambda$97
instanceKlass org/apache/maven/internal/aether/DefaultRepositorySystemSessionFactory$$Lambda$96
instanceKlass org/apache/maven/internal/aether/DefaultRepositorySystemSessionFactory$$Lambda$95
instanceKlass org/eclipse/aether/util/repository/SimpleArtifactDescriptorPolicy
instanceKlass org/eclipse/aether/artifact/DefaultArtifactType
instanceKlass org/eclipse/aether/util/artifact/SimpleArtifactTypeRegistry
instanceKlass org/eclipse/aether/util/graph/transformer/JavaDependencyContextRefiner
instanceKlass org/eclipse/aether/util/graph/transformer/ChainedDependencyGraphTransformer
instanceKlass org/eclipse/aether/util/graph/transformer/ConflictResolver
instanceKlass org/eclipse/aether/graph/Exclusion
instanceKlass org/eclipse/aether/util/graph/selector/ExclusionDependencySelector
instanceKlass org/eclipse/aether/util/graph/selector/OptionalDependencySelector
instanceKlass org/eclipse/aether/util/graph/selector/ScopeDependencySelector
instanceKlass org/eclipse/aether/util/graph/selector/AndDependencySelector
instanceKlass org/eclipse/aether/util/graph/manager/ClassicDependencyManager
instanceKlass org/eclipse/aether/util/graph/traverser/FatArtifactTraverser
instanceKlass org/eclipse/aether/DefaultSessionData
instanceKlass org/eclipse/aether/DefaultRepositorySystemSession$NullFileTransformerManager
instanceKlass org/eclipse/aether/transform/FileTransformerManager
instanceKlass org/eclipse/aether/DefaultRepositorySystemSession$NullArtifactTypeRegistry
instanceKlass org/eclipse/aether/DefaultRepositorySystemSession$NullAuthenticationSelector
instanceKlass org/eclipse/aether/DefaultRepositorySystemSession$NullProxySelector
instanceKlass org/eclipse/aether/DefaultRepositorySystemSession$NullMirrorSelector
instanceKlass org/eclipse/aether/SessionData
instanceKlass org/eclipse/aether/artifact/ArtifactTypeRegistry
instanceKlass org/eclipse/aether/collection/DependencyGraphTransformer
instanceKlass org/eclipse/aether/util/graph/transformer/ConflictResolver$VersionSelector
instanceKlass org/eclipse/aether/util/graph/transformer/ConflictResolver$ScopeSelector
instanceKlass org/eclipse/aether/util/graph/transformer/ConflictResolver$OptionalitySelector
instanceKlass org/eclipse/aether/util/graph/transformer/ConflictResolver$ScopeDeriver
instanceKlass org/apache/maven/repository/internal/MavenRepositorySystemUtils
instanceKlass org/apache/maven/execution/DefaultMavenExecutionResult
instanceKlass org/apache/maven/artifact/repository/MavenArtifactRepository
instanceKlass org/apache/maven/artifact/repository/layout/ArtifactRepositoryLayout2
instanceKlass org/apache/maven/artifact/repository/layout/DefaultRepositoryLayout$$FastClassByGuice$$191157729
instanceKlass org/apache/maven/execution/AbstractExecutionListener
instanceKlass org/apache/maven/cli/transfer/SimplexTransferListener$$Lambda$94
instanceKlass java/lang/invoke/LambdaForm$DMH
instanceKlass org/apache/maven/cli/transfer/SimplexTransferListener$Exchange
instanceKlass org/eclipse/aether/transfer/AbstractTransferListener
instanceKlass org/apache/maven/toolchain/building/DefaultToolchainsBuildingResult
instanceKlass org/apache/maven/toolchain/building/DefaultToolchainsBuilder$1
instanceKlass org/apache/maven/toolchain/model/io/xpp3/MavenToolchainsXpp3Writer
instanceKlass org/apache/maven/toolchain/model/io/xpp3/MavenToolchainsXpp3Reader$1
instanceKlass org/apache/maven/toolchain/model/io/xpp3/MavenToolchainsXpp3Reader$ContentTransformer
instanceKlass org/apache/maven/toolchain/model/io/xpp3/MavenToolchainsXpp3Reader
instanceKlass org/apache/maven/building/DefaultProblemCollector
instanceKlass org/apache/maven/building/ProblemCollectorFactory
instanceKlass org/apache/maven/toolchain/building/DefaultToolchainsBuildingRequest
instanceKlass org/apache/maven/settings/building/DefaultSettingsBuildingResult
instanceKlass org/apache/maven/settings/building/DefaultSettingsBuilder$1
instanceKlass org/codehaus/plexus/interpolation/os/OperatingSystemUtils$DefaultEnvVarSource
instanceKlass org/codehaus/plexus/interpolation/os/OperatingSystemUtils$EnvVarSource
instanceKlass org/codehaus/plexus/interpolation/os/OperatingSystemUtils
instanceKlass org/codehaus/plexus/util/xml/pull/MXSerializer
instanceKlass org/codehaus/plexus/util/xml/pull/XmlSerializer
instanceKlass org/apache/maven/settings/io/xpp3/SettingsXpp3Writer
instanceKlass org/codehaus/plexus/util/xml/pull/EntityReplacementMap
instanceKlass org/apache/maven/settings/io/xpp3/SettingsXpp3Reader$1
instanceKlass org/apache/maven/settings/io/xpp3/SettingsXpp3Reader$ContentTransformer
instanceKlass org/apache/maven/settings/io/xpp3/SettingsXpp3Reader
instanceKlass org/apache/maven/building/FileSource
instanceKlass org/apache/maven/settings/building/DefaultSettingsBuildingRequest
instanceKlass java/util/regex/CharPredicates$$Lambda$93
instanceKlass org/apache/maven/graph/DefaultGraphBuilder$$FastClassByGuice$$190308012
instanceKlass jdk/internal/math/FDBigInteger
instanceKlass org/apache/maven/plugin/prefix/internal/DefaultPluginPrefixResolver$$FastClassByGuice$$189577494
instanceKlass org/apache/maven/plugin/CompoundMojoExecutionListener
instanceKlass org/apache/maven/plugin/DefaultBuildPluginManager$$FastClassByGuice$$188426000
instanceKlass org/apache/maven/lifecycle/internal/DefaultLifecycleTaskSegmentCalculator$$FastClassByGuice$$186931835
instanceKlass org/apache/maven/lifecycle/internal/DefaultExecutionEventCatapult$$FastClassByGuice$$186610050
instanceKlass org/apache/maven/project/DefaultProjectDependenciesResolver$$FastClassByGuice$$185012598
instanceKlass org/apache/maven/project/RepositorySessionDecorator
instanceKlass org/apache/maven/plugin/DefaultPluginArtifactsCache$$FastClassByGuice$$184517543
instanceKlass com/google/inject/internal/DelegatingInvocationHandler
instanceKlass org/apache/maven/artifact/repository/metadata/io/DefaultMetadataReader$$FastClassByGuice$$183347585
instanceKlass org/apache/maven/plugin/version/internal/DefaultPluginVersionResolver$$FastClassByGuice$$182421944
instanceKlass org/apache/maven/plugin/DefaultExtensionRealmCache$$FastClassByGuice$$180950723
instanceKlass org/apache/maven/rtinfo/internal/DefaultRuntimeInformation$$FastClassByGuice$$179817268
instanceKlass org/apache/maven/plugin/DefaultPluginRealmCache$$FastClassByGuice$$179060558
instanceKlass org/apache/maven/plugin/DefaultPluginDescriptorCache$$FastClassByGuice$$177702621
instanceKlass org/apache/maven/plugin/internal/DefaultMavenPluginManager$$FastClassByGuice$$176527679
instanceKlass sun/security/provider/AbstractDrbg$$Lambda$92
instanceKlass sun/security/provider/EntropySource
instanceKlass java/lang/invoke/LambdaForm$DMH
instanceKlass java/lang/invoke/LambdaForm$DMH
instanceKlass sun/security/provider/AbstractDrbg
instanceKlass java/security/DrbgParameters$Instantiation
instanceKlass java/security/DrbgParameters
instanceKlass sun/security/provider/MoreDrbgParameters
instanceKlass sun/security/provider/DRBG$$Lambda$91
instanceKlass java/security/SecureRandomSpi
instanceKlass java/security/SecureRandomParameters
instanceKlass jdk/internal/event/Event
instanceKlass sun/security/util/KnownOIDs$11
instanceKlass sun/security/util/SecurityProviderConstants
instanceKlass java/security/Provider$UString
instanceKlass java/security/Provider$Service
instanceKlass sun/security/provider/NativePRNG$NonBlocking
instanceKlass sun/security/provider/NativePRNG$Blocking
instanceKlass sun/security/provider/NativePRNG
instanceKlass sun/security/provider/SunEntries$1
instanceKlass sun/security/provider/SunEntries
instanceKlass sun/security/jca/ProviderList$2
instanceKlass jdk/internal/math/FloatingDecimal$ASCIIToBinaryBuffer
instanceKlass jdk/internal/math/FloatingDecimal$PreparedASCIIToBinaryBuffer
instanceKlass jdk/internal/math/FloatingDecimal$ASCIIToBinaryConverter
instanceKlass jdk/internal/math/FloatingDecimal$BinaryToASCIIBuffer
instanceKlass jdk/internal/math/FloatingDecimal$ExceptionalBinaryToASCIIBuffer
instanceKlass jdk/internal/math/FloatingDecimal$BinaryToASCIIConverter
instanceKlass jdk/internal/math/FloatingDecimal
instanceKlass java/security/Provider$EngineDescription
instanceKlass java/security/Provider$ServiceKey
instanceKlass sun/security/jca/ProviderConfig
instanceKlass sun/security/jca/ProviderList
instanceKlass sun/security/jca/Providers
instanceKlass java/security/Key
instanceKlass java/security/spec/AlgorithmParameterSpec
instanceKlass org/apache/maven/repository/DefaultMirrorSelector$$FastClassByGuice$$176099082
instanceKlass org/apache/maven/repository/legacy/repository/DefaultArtifactRepositoryFactory$$FastClassByGuice$$174826788
instanceKlass org/eclipse/aether/artifact/ArtifactType
instanceKlass org/eclipse/aether/internal/impl/synccontext/named/NamedLockFactoryAdapterFactoryImpl$$Lambda$90
instanceKlass java/lang/invoke/LambdaForm$DMH
instanceKlass org/eclipse/sisu/wire/NamedIterableAdapter
instanceKlass org/eclipse/aether/internal/impl/DefaultUpdateCheckManager$1
instanceKlass org/apache/maven/project/artifact/DefaultMavenMetadataCache$$FastClassByGuice$$173730399
instanceKlass org/apache/maven/repository/legacy/DefaultUpdateCheckManager$$FastClassByGuice$$172294434
instanceKlass org/apache/maven/repository/legacy/DefaultWagonManager$$FastClassByGuice$$171082236
instanceKlass org/apache/maven/artifact/repository/metadata/DefaultRepositoryMetadataManager$$FastClassByGuice$$170878695
instanceKlass org/apache/maven/project/artifact/DefaultMetadataSource$$FastClassByGuice$$169546811
instanceKlass org/apache/maven/artifact/resolver/DefaultResolutionErrorHandler$$FastClassByGuice$$167802756
instanceKlass org/apache/maven/plugin/internal/DefaultLegacySupport$$FastClassByGuice$$167013875
instanceKlass org/apache/maven/repository/legacy/resolver/conflict/NearestConflictResolver$$FastClassByGuice$$166526693
instanceKlass org/apache/maven/artifact/resolver/DefaultArtifactCollector$$FastClassByGuice$$165532836
instanceKlass org/apache/maven/artifact/resolver/DefaultArtifactResolver$DaemonThreadCreator
instanceKlass java/util/concurrent/ThreadPoolExecutor$AbortPolicy
instanceKlass java/util/concurrent/RejectedExecutionHandler
instanceKlass java/util/concurrent/AbstractExecutorService
instanceKlass java/util/concurrent/ExecutorService
instanceKlass org/apache/maven/artifact/resolver/DefaultArtifactResolver$$FastClassByGuice$$163774812
instanceKlass org/apache/maven/artifact/handler/manager/DefaultArtifactHandlerManager$$FastClassByGuice$$163555754
instanceKlass org/apache/maven/artifact/factory/DefaultArtifactFactory$$FastClassByGuice$$162345731
instanceKlass org/apache/maven/repository/legacy/LegacyRepositorySystem$$FastClassByGuice$$160698320
instanceKlass org/apache/maven/project/DefaultProjectRealmCache$$FastClassByGuice$$159680192
instanceKlass org/codehaus/plexus/classworlds/realm/Entry
instanceKlass java/util/Random
instanceKlass org/eclipse/sisu/inject/Guice4$2
instanceKlass org/apache/maven/project/DefaultProjectBuildingHelper$$FastClassByGuice$$158352788
instanceKlass org/apache/maven/lifecycle/internal/DefaultLifecyclePluginAnalyzer$$FastClassByGuice$$157433158
instanceKlass org/apache/maven/model/plugin/DefaultLifecycleBindingsInjector$$FastClassByGuice$$156991222
instanceKlass org/apache/maven/model/merge/ModelMerger$KeyComputer
instanceKlass org/apache/maven/model/PatternSet
instanceKlass org/apache/maven/model/Contributor
instanceKlass org/apache/maven/model/merge/ModelMerger$Remapping
instanceKlass org/apache/maven/project/DefaultProjectBuilder$$FastClassByGuice$$155904379
instanceKlass org/apache/maven/DefaultMaven$$FastClassByGuice$$154242701
instanceKlass org/jetbrains/maven/server/IntellijMavenSpy$$Lambda$89
instanceKlass org/apache/maven/cli/event/DefaultEventSpyContext
instanceKlass org/eclipse/sisu/wire/EntryListAdapter$ValueIterator
instanceKlass org/apache/maven/cli/logging/Slf4jLogger
instanceKlass org/eclipse/sisu/inject/LazyBeanEntry$JsrNamed
instanceKlass org/eclipse/sisu/inject/LazyBeanEntry
instanceKlass javax/annotation/Priority
instanceKlass org/eclipse/sisu/inject/Implementations
instanceKlass org/eclipse/sisu/plexus/LazyPlexusBean
instanceKlass org/eclipse/sisu/inject/RankedSequence$Itr
instanceKlass org/eclipse/sisu/inject/RankedBindings$Itr
instanceKlass org/eclipse/sisu/inject/LocatedBeans$Itr
instanceKlass org/eclipse/sisu/plexus/RealmFilteredBeans$FilteredItr
instanceKlass org/eclipse/sisu/plexus/DefaultPlexusBeans$Itr
instanceKlass org/eclipse/sisu/plexus/DefaultPlexusBeans
instanceKlass org/eclipse/sisu/plexus/RealmFilteredBeans
instanceKlass org/eclipse/sisu/inject/BeanCache
instanceKlass org/eclipse/sisu/inject/LocatedBeans
instanceKlass org/eclipse/sisu/inject/MildElements$Indexable
instanceKlass com/google/inject/internal/ProviderInternalFactory$1
instanceKlass com/google/inject/internal/ConstructorInjector$1
instanceKlass org/eclipse/sisu/inject/WatchedBeans
instanceKlass org/eclipse/sisu/inject/MildValues$ValueItr
instanceKlass org/eclipse/sisu/inject/InjectorBindings
instanceKlass com/google/inject/spi/ProvisionListener$ProvisionInvocation
instanceKlass com/google/inject/internal/MembersInjectorImpl$1
instanceKlass com/google/inject/internal/InternalContext
instanceKlass com/google/inject/internal/Initializer$1
instanceKlass com/google/common/collect/AbstractMapBasedMultimap$AsMap$AsMapIterator
instanceKlass org/codehaus/plexus/DefaultPlexusContainer$$FastClassByGuice$$153227330
instanceKlass org/eclipse/sisu/wire/TypeConverterCache$$FastClassByGuice$$152803989
instanceKlass com/google/inject/internal/SingleMethodInjector$1
instanceKlass org/eclipse/sisu/inject/DefaultBeanLocator$$FastClassByGuice$$151068916
instanceKlass com/google/inject/internal/InjectorImpl$MethodInvoker
instanceKlass com/google/inject/internal/SingleMethodInjector
instanceKlass org/eclipse/sisu/plexus/PlexusXmlBeanConverter$$FastClassByGuice$$150758869
instanceKlass org/sonatype/plexus/components/sec/dispatcher/DefaultSecDispatcher$$FastClassByGuice$$149015907
instanceKlass org/sonatype/plexus/components/cipher/DefaultPlexusCipher$$FastClassByGuice$$148888789
instanceKlass org/codehaus/plexus/component/configurator/MapOrientedComponentConfigurator$$FastClassByGuice$$147720712
instanceKlass org/codehaus/plexus/component/configurator/BasicComponentConfigurator$$FastClassByGuice$$146724069
instanceKlass org/apache/maven/settings/validation/DefaultSettingsValidator$$FastClassByGuice$$145471550
instanceKlass org/apache/maven/settings/io/DefaultSettingsWriter$$FastClassByGuice$$143941440
instanceKlass org/apache/maven/settings/io/DefaultSettingsReader$$FastClassByGuice$$142928203
instanceKlass org/apache/maven/settings/crypto/DefaultSettingsDecrypter$$FastClassByGuice$$142142808
instanceKlass org/apache/maven/settings/building/DefaultSettingsBuilder$$FastClassByGuice$$141158059
instanceKlass org/eclipse/aether/transport/wagon/WagonTransporterFactory$$FastClassByGuice$$139641992
instanceKlass org/eclipse/aether/internal/transport/wagon/PlexusWagonProvider$$FastClassByGuice$$138807706
instanceKlass org/eclipse/aether/internal/transport/wagon/PlexusWagonConfigurator$$FastClassByGuice$$138141364
instanceKlass org/eclipse/aether/transport/http/XChecksumChecksumExtractor$$FastClassByGuice$$137291928
instanceKlass org/eclipse/aether/transport/http/Nexus2ChecksumExtractor$$FastClassByGuice$$135855349
instanceKlass org/eclipse/aether/transport/http/HttpTransporterFactory$$FastClassByGuice$$135164981
instanceKlass org/eclipse/aether/transport/file/FileTransporterFactory$$FastClassByGuice$$133778794
instanceKlass org/apache/maven/repository/internal/VersionsMetadataGeneratorFactory$$FastClassByGuice$$132121720
instanceKlass org/apache/maven/repository/internal/SnapshotMetadataGeneratorFactory$$FastClassByGuice$$131104483
instanceKlass org/apache/maven/repository/internal/PluginsMetadataGeneratorFactory$$FastClassByGuice$$130157966
instanceKlass org/apache/maven/repository/internal/DefaultVersionResolver$$FastClassByGuice$$129684126
instanceKlass org/apache/maven/repository/internal/DefaultVersionRangeResolver$$FastClassByGuice$$128973041
instanceKlass org/apache/maven/repository/internal/DefaultModelCacheFactory$$FastClassByGuice$$126884402
instanceKlass org/apache/maven/repository/internal/DefaultArtifactDescriptorReader$$FastClassByGuice$$126055824
instanceKlass org/eclipse/aether/named/providers/NoopNamedLockFactory$$FastClassByGuice$$125075033
instanceKlass org/eclipse/aether/named/providers/LocalSemaphoreNamedLockFactory$$FastClassByGuice$$124588065
instanceKlass org/eclipse/aether/named/providers/LocalReadWriteLockNamedLockFactory$$FastClassByGuice$$122821691
instanceKlass org/eclipse/aether/named/providers/FileLockNamedLockFactory$$FastClassByGuice$$122231216
instanceKlass org/eclipse/aether/internal/impl/synccontext/named/providers/StaticNameMapperProvider$$FastClassByGuice$$121217486
instanceKlass org/eclipse/aether/internal/impl/synccontext/named/providers/GAVNameMapperProvider$$FastClassByGuice$$119894267
instanceKlass org/eclipse/aether/internal/impl/synccontext/named/providers/FileStaticNameMapperProvider$$FastClassByGuice$$118662800
instanceKlass org/eclipse/aether/internal/impl/synccontext/named/providers/FileHashingGAVNameMapperProvider$$FastClassByGuice$$118323464
instanceKlass org/eclipse/aether/internal/impl/synccontext/named/providers/FileGAVNameMapperProvider$$FastClassByGuice$$117090619
instanceKlass org/eclipse/aether/internal/impl/synccontext/named/providers/DiscriminatingNameMapperProvider$$FastClassByGuice$$115404342
instanceKlass org/eclipse/aether/internal/impl/synccontext/named/NamedLockFactoryAdapterFactoryImpl$$FastClassByGuice$$114854460
instanceKlass org/eclipse/aether/internal/impl/synccontext/legacy/DefaultSyncContextFactory$$FastClassByGuice$$113457911
instanceKlass org/eclipse/aether/internal/impl/synccontext/DefaultSyncContextFactory$$FastClassByGuice$$112960666
instanceKlass org/eclipse/aether/internal/impl/slf4j/Slf4jLoggerFactory$$FastClassByGuice$$111813756
instanceKlass org/eclipse/aether/internal/impl/resolution/TrustedChecksumsArtifactResolverPostProcessor$$FastClassByGuice$$110707393
instanceKlass org/eclipse/aether/internal/impl/filter/PrefixesRemoteRepositoryFilterSource$$FastClassByGuice$$109677556
instanceKlass org/eclipse/aether/internal/impl/filter/GroupIdRemoteRepositoryFilterSource$$FastClassByGuice$$108582494
instanceKlass org/eclipse/aether/internal/impl/filter/DefaultRemoteRepositoryFilterManager$$FastClassByGuice$$107086545
instanceKlass org/eclipse/aether/internal/impl/collect/df/DfDependencyCollector$$FastClassByGuice$$106710614
instanceKlass org/eclipse/aether/internal/impl/collect/bf/BfDependencyCollector$$FastClassByGuice$$105268451
instanceKlass org/eclipse/aether/internal/impl/collect/DefaultDependencyCollector$$FastClassByGuice$$104598499
instanceKlass org/eclipse/aether/internal/impl/checksum/TrustedToProvidedChecksumsSourceAdapter$$FastClassByGuice$$103478649
instanceKlass org/eclipse/aether/internal/impl/checksum/SummaryFileTrustedChecksumsSource$$FastClassByGuice$$101840217
instanceKlass org/eclipse/aether/internal/impl/checksum/SparseDirectoryTrustedChecksumsSource$$FastClassByGuice$$101264569
instanceKlass org/eclipse/aether/internal/impl/checksum/Sha512ChecksumAlgorithmFactory$$FastClassByGuice$$100273210
instanceKlass org/eclipse/aether/internal/impl/checksum/Sha256ChecksumAlgorithmFactory$$FastClassByGuice$$99146529
instanceKlass org/eclipse/aether/internal/impl/checksum/Sha1ChecksumAlgorithmFactory$$FastClassByGuice$$97709193
instanceKlass com/google/inject/internal/aop/ImmutableStringTrie$$Lambda$88
instanceKlass org/eclipse/aether/internal/impl/checksum/Md5ChecksumAlgorithmFactory$$FastClassByGuice$$96874746
instanceKlass org/eclipse/aether/internal/impl/checksum/DefaultChecksumAlgorithmFactorySelector$$FastClassByGuice$$95834765
instanceKlass org/eclipse/aether/internal/impl/SimpleLocalRepositoryManagerFactory$$FastClassByGuice$$94710236
instanceKlass org/eclipse/aether/internal/impl/Maven2RepositoryLayoutFactory$$FastClassByGuice$$93627738
instanceKlass org/eclipse/aether/internal/impl/LoggerFactoryProvider$$FastClassByGuice$$93191765
instanceKlass org/eclipse/aether/internal/impl/EnhancedLocalRepositoryManagerFactory$$FastClassByGuice$$91964255
instanceKlass org/eclipse/aether/internal/impl/DefaultUpdatePolicyAnalyzer$$FastClassByGuice$$90183685
instanceKlass org/eclipse/aether/internal/impl/DefaultUpdateCheckManager$$FastClassByGuice$$90147671
instanceKlass org/eclipse/aether/internal/impl/DefaultTransporterProvider$$FastClassByGuice$$88730694
instanceKlass org/eclipse/aether/internal/impl/DefaultTrackingFileManager$$FastClassByGuice$$87101779
instanceKlass org/eclipse/aether/internal/impl/DefaultRepositorySystemLifecycle$$FastClassByGuice$$86164554
instanceKlass org/eclipse/aether/internal/impl/DefaultRepositorySystem$$FastClassByGuice$$85009441
instanceKlass org/eclipse/aether/internal/impl/DefaultRepositoryLayoutProvider$$FastClassByGuice$$84794454
instanceKlass org/eclipse/aether/internal/impl/DefaultRepositoryEventDispatcher$$FastClassByGuice$$83674409
instanceKlass org/eclipse/aether/internal/impl/DefaultRepositoryConnectorProvider$$FastClassByGuice$$82088812
instanceKlass org/eclipse/aether/internal/impl/DefaultRemoteRepositoryManager$$FastClassByGuice$$81341793
instanceKlass org/eclipse/aether/internal/impl/DefaultOfflineController$$FastClassByGuice$$80222256
instanceKlass org/eclipse/aether/internal/impl/DefaultMetadataResolver$$FastClassByGuice$$79555648
instanceKlass org/eclipse/aether/internal/impl/DefaultLocalRepositoryProvider$$FastClassByGuice$$78145037
instanceKlass org/eclipse/aether/internal/impl/DefaultLocalPathPrefixComposerFactory$$FastClassByGuice$$76664335
instanceKlass org/eclipse/aether/internal/impl/DefaultLocalPathComposer$$FastClassByGuice$$75569492
instanceKlass org/eclipse/aether/internal/impl/DefaultInstaller$$FastClassByGuice$$75134017
instanceKlass org/eclipse/aether/internal/impl/DefaultFileProcessor$$FastClassByGuice$$74131346
instanceKlass org/eclipse/aether/internal/impl/DefaultDeployer$$FastClassByGuice$$72910336
instanceKlass org/eclipse/aether/internal/impl/DefaultChecksumPolicyProvider$$FastClassByGuice$$71985345
instanceKlass org/eclipse/aether/internal/impl/DefaultArtifactResolver$$FastClassByGuice$$70420401
instanceKlass org/eclipse/aether/connector/basic/BasicRepositoryConnectorFactory$$FastClassByGuice$$70029821
instanceKlass org/apache/maven/model/validation/DefaultModelValidator$$FastClassByGuice$$68636231
instanceKlass org/apache/maven/model/superpom/DefaultSuperPomProvider$$FastClassByGuice$$67389140
instanceKlass org/apache/maven/model/profile/activation/PropertyProfileActivator$$FastClassByGuice$$67096761
instanceKlass org/apache/maven/model/profile/activation/OperatingSystemProfileActivator$$FastClassByGuice$$65084801
instanceKlass org/apache/maven/model/profile/activation/JdkVersionProfileActivator$$FastClassByGuice$$64572998
instanceKlass org/apache/maven/model/profile/activation/FileProfileActivator$$FastClassByGuice$$63606832
instanceKlass org/apache/maven/model/profile/DefaultProfileSelector$$FastClassByGuice$$62014436
instanceKlass org/apache/maven/model/profile/DefaultProfileInjector$$FastClassByGuice$$61257300
instanceKlass org/apache/maven/model/plugin/DefaultReportingConverter$$FastClassByGuice$$60156328
instanceKlass org/apache/maven/model/plugin/DefaultReportConfigurationExpander$$FastClassByGuice$$59339479
instanceKlass org/apache/maven/model/plugin/DefaultPluginConfigurationExpander$$FastClassByGuice$$57695964
instanceKlass org/apache/maven/model/path/ProfileActivationFilePathInterpolator$$FastClassByGuice$$57157122
instanceKlass org/apache/maven/model/path/DefaultUrlNormalizer$$FastClassByGuice$$56295010
instanceKlass org/apache/maven/model/path/DefaultPathTranslator$$FastClassByGuice$$54776115
instanceKlass org/apache/maven/model/path/DefaultModelUrlNormalizer$$FastClassByGuice$$53867765
instanceKlass org/apache/maven/model/path/DefaultModelPathTranslator$$FastClassByGuice$$53081701
instanceKlass org/apache/maven/model/normalization/DefaultModelNormalizer$$FastClassByGuice$$51643015
instanceKlass org/apache/maven/model/management/DefaultPluginManagementInjector$$FastClassByGuice$$50345965
instanceKlass org/apache/maven/model/management/DefaultDependencyManagementInjector$$FastClassByGuice$$49898674
instanceKlass org/apache/maven/model/locator/DefaultModelLocator$$FastClassByGuice$$48885054
instanceKlass org/apache/maven/model/io/DefaultModelWriter$$FastClassByGuice$$48144573
instanceKlass org/apache/maven/model/io/DefaultModelReader$$FastClassByGuice$$46817779
instanceKlass org/apache/maven/model/interpolation/StringVisitorModelInterpolator$$FastClassByGuice$$45439177
instanceKlass org/apache/maven/model/interpolation/DefaultModelVersionProcessor$$FastClassByGuice$$44979265
instanceKlass org/apache/maven/model/inheritance/DefaultInheritanceAssembler$$FastClassByGuice$$43753242
instanceKlass org/apache/maven/model/composition/DefaultDependencyManagementImporter$$FastClassByGuice$$42032767
instanceKlass org/apache/maven/model/building/DefaultModelProcessor$$FastClassByGuice$$41228163
instanceKlass org/apache/maven/model/building/DefaultModelBuilder$$FastClassByGuice$$40690438
instanceKlass org/apache/maven/cli/internal/BootstrapCoreExtensionManager$$FastClassByGuice$$39444284
instanceKlass org/apache/maven/cli/configuration/SettingsXmlConfigurationProcessor$$FastClassByGuice$$38633872
instanceKlass org/apache/maven/toolchain/io/DefaultToolchainsWriter$$FastClassByGuice$$37658358
instanceKlass org/apache/maven/toolchain/io/DefaultToolchainsReader$$FastClassByGuice$$36614639
instanceKlass org/apache/maven/toolchain/building/DefaultToolchainsBuilder$$FastClassByGuice$$35247509
instanceKlass org/apache/maven/plugin/internal/ReadOnlyPluginParametersValidator$$FastClassByGuice$$34124430
instanceKlass org/apache/maven/plugin/internal/PlexusContainerDefaultDependenciesValidator$$FastClassByGuice$$32687641
instanceKlass org/apache/maven/plugin/internal/MavenScopeDependenciesValidator$$FastClassByGuice$$32062488
instanceKlass org/apache/maven/plugin/internal/MavenMixedDependenciesValidator$$FastClassByGuice$$31126222
instanceKlass org/apache/maven/plugin/internal/Maven3CompatDependenciesValidator$$FastClassByGuice$$30377806
instanceKlass org/apache/maven/plugin/internal/Maven2DependenciesValidator$$FastClassByGuice$$29336815
instanceKlass org/apache/maven/plugin/internal/DeprecatedPluginValidator$$FastClassByGuice$$28102898
instanceKlass org/apache/maven/plugin/internal/DeprecatedCoreExpressionValidator$$FastClassByGuice$$26748891
instanceKlass org/apache/maven/plugin/internal/DefaultPluginValidationManager$$FastClassByGuice$$25375457
instanceKlass org/apache/maven/plugin/DefaultMojosExecutionStrategy$$FastClassByGuice$$24767957
instanceKlass org/apache/maven/lifecycle/internal/LifecycleDependencyResolver$$FastClassByGuice$$23841276
instanceKlass org/apache/maven/lifecycle/internal/DefaultProjectArtifactFactory$$FastClassByGuice$$22540718
instanceKlass org/apache/maven/internal/aether/ResolverLifecycle$$FastClassByGuice$$21623522
instanceKlass com/google/inject/internal/InjectorImpl$SyntheticProviderBindingImpl$1
instanceKlass com/google/inject/internal/InjectorImpl$1
instanceKlass org/apache/maven/internal/aether/DefaultRepositorySystemSessionFactory$$FastClassByGuice$$20232448
instanceKlass com/google/inject/internal/SingleFieldInjector
instanceKlass org/apache/maven/extension/internal/CoreExportsProvider$$FastClassByGuice$$19437232
instanceKlass org/apache/maven/execution/DefaultMavenExecutionRequestPopulator$$FastClassByGuice$$17914961
instanceKlass org/apache/maven/classrealm/DefaultClassRealmManager$$FastClassByGuice$$17722995
instanceKlass org/apache/maven/ReactorReader$$FastClassByGuice$$16623104
instanceKlass org/apache/maven/DefaultArtifactFilterManager$$FastClassByGuice$$14906630
instanceKlass com/google/inject/internal/SingleParameterInjector
instanceKlass org/jetbrains/maven/server/IntellijMavenSpy$$FastClassByGuice$$14011729
instanceKlass org/apache/maven/eventspy/internal/EventSpyDispatcher$$FastClassByGuice$$13569217
instanceKlass org/eclipse/sisu/PreDestroy
instanceKlass org/eclipse/sisu/PostConstruct
instanceKlass org/apache/maven/lifecycle/Lifecycle$$FastClassByGuice$$11839253
instanceKlass org/eclipse/sisu/plexus/PlexusConfigurations$ConfigurationProvider
instanceKlass org/apache/maven/lifecycle/internal/LifecycleStarter$$FastClassByGuice$$10791058
instanceKlass org/apache/maven/lifecycle/internal/MojoDescriptorCreator$$FastClassByGuice$$9882306
instanceKlass org/apache/maven/lifecycle/DefaultLifecycles$$FastClassByGuice$$8720212
instanceKlass org/apache/maven/lifecycle/internal/BuildListCalculator$$FastClassByGuice$$7386911
instanceKlass org/apache/maven/lifecycle/internal/builder/BuilderCommon$$FastClassByGuice$$6378191
instanceKlass org/apache/maven/lifecycle/internal/LifecyclePluginResolver$$FastClassByGuice$$5656414
instanceKlass org/apache/maven/lifecycle/internal/LifecycleModuleBuilder$$FastClassByGuice$$4349625
instanceKlass org/eclipse/sisu/bean/BeanPropertySetter
instanceKlass org/apache/maven/bridge/MavenRepositorySystem$$FastClassByGuice$$3462039
instanceKlass org/apache/maven/lifecycle/internal/LifecycleDebugLogger$$FastClassByGuice$$2257544
instanceKlass org/apache/maven/lifecycle/internal/MojoExecutor$$FastClassByGuice$$1130663
instanceKlass com/google/inject/internal/ProxyFactory
instanceKlass com/google/common/collect/TransformedIterator
instanceKlass com/google/inject/internal/ConstructorInjectorStore$$Lambda$87
instanceKlass com/google/inject/spi/InterceptorBinding
instanceKlass com/google/inject/internal/MethodAspect
instanceKlass com/google/inject/internal/MembersInjectorImpl
instanceKlass org/eclipse/sisu/bean/BeanInjector
instanceKlass org/eclipse/sisu/plexus/PlexusLifecycleManager$2
instanceKlass org/eclipse/sisu/bean/PropertyBinder$1
instanceKlass org/eclipse/sisu/plexus/ProvidedPropertyBinding
instanceKlass org/eclipse/sisu/plexus/PlexusRequirements$AbstractRequirementProvider
instanceKlass org/eclipse/sisu/bean/BeanPropertyField
instanceKlass org/eclipse/sisu/bean/DeclaredMembers$MemberIterator
instanceKlass org/eclipse/sisu/bean/BeanPropertyIterator
instanceKlass org/eclipse/sisu/bean/DeclaredMembers
instanceKlass org/eclipse/sisu/bean/IgnoreSetters
instanceKlass org/eclipse/sisu/bean/BeanProperties
instanceKlass org/eclipse/sisu/plexus/PlexusRequirements
instanceKlass org/eclipse/sisu/plexus/PlexusConfigurations
instanceKlass org/eclipse/sisu/plexus/PlexusPropertyBinder
instanceKlass org/eclipse/sisu/bean/BeanLifecycle
instanceKlass com/google/inject/internal/EncounterImpl
instanceKlass com/google/inject/internal/AbstractBindingProcessor$Processor$$Lambda$86
instanceKlass org/apache/maven/session/scope/internal/SessionScope$$Lambda$85
instanceKlass org/apache/maven/execution/scope/internal/MojoExecutionScope$2
instanceKlass com/google/inject/internal/ProviderInternalFactory
instanceKlass com/google/inject/internal/InternalProviderInstanceBindingImpl$Factory
instanceKlass com/google/inject/internal/FactoryProxy
instanceKlass com/google/inject/internal/InternalFactoryToProviderAdapter
instanceKlass com/google/inject/internal/ConstructionContext
instanceKlass com/google/inject/internal/SingletonScope$1
instanceKlass com/google/inject/internal/ProviderToInternalFactoryAdapter
instanceKlass com/google/inject/internal/CycleDetectingLock$CycleDetectingLockFactory$ReentrantCycleDetectingLock
instanceKlass com/google/inject/internal/Initializer$InjectableReference
instanceKlass com/google/inject/internal/ProvisionListenerStackCallback
instanceKlass com/google/common/cache/LocalCache$AbstractReferenceEntry
instanceKlass com/google/inject/internal/ProvisionListenerCallbackStore$KeyBinding
instanceKlass com/google/inject/internal/util/Classes
instanceKlass com/google/inject/spi/ExposedBinding
instanceKlass com/google/inject/internal/CreationListener
instanceKlass com/google/inject/internal/InjectorShell$LoggerFactory
instanceKlass com/google/inject/internal/InjectorShell$InjectorFactory
instanceKlass com/google/inject/internal/Initializables$1
instanceKlass com/google/inject/internal/Initializables
instanceKlass com/google/inject/internal/ConstantFactory
instanceKlass com/google/inject/internal/InjectorShell
instanceKlass com/google/inject/internal/ProvisionListenerCallbackStore
instanceKlass com/google/inject/internal/SingleMemberInjector
instanceKlass com/google/inject/spi/TypeEncounter
instanceKlass com/google/inject/internal/MembersInjectorStore
instanceKlass com/google/inject/internal/TypeConverterBindingProcessor$4
instanceKlass com/google/inject/internal/TypeConverterBindingProcessor$2
instanceKlass com/google/inject/internal/TypeConverterBindingProcessor$1
instanceKlass com/google/inject/internal/TypeConverterBindingProcessor$5
instanceKlass com/google/inject/internal/FailableCache
instanceKlass com/google/inject/internal/ConstructorInjectorStore
instanceKlass com/google/inject/internal/DeferredLookups
instanceKlass com/google/inject/spi/ConvertedConstantBinding
instanceKlass com/google/inject/spi/ProviderBinding
instanceKlass com/google/inject/internal/InjectorImpl
instanceKlass com/google/inject/internal/Lookups
instanceKlass com/google/inject/internal/InjectorImpl$InjectorOptions
instanceKlass com/google/inject/internal/AbstractProcessor$$Lambda$84
instanceKlass java/lang/invoke/LambdaForm$DMH
instanceKlass com/google/inject/spi/BindingSourceRestriction$$Lambda$83
instanceKlass org/eclipse/sisu/wire/BeanProviders$4
instanceKlass com/google/inject/internal/ProvisionListenerStackCallback$ProvisionCallback
instanceKlass com/google/inject/internal/ConstructorInjector
instanceKlass com/google/inject/internal/DefaultConstructionProxyFactory$FastClassProxy
instanceKlass java/lang/invoke/LambdaForm$MH
instanceKlass com/google/inject/internal/aop/AbstractGlueGenerator$$Lambda$82
instanceKlass com/google/inject/internal/aop/ImmutableStringTrie
instanceKlass java/util/function/ToIntFunction
instanceKlass java/lang/invoke/LambdaForm$DMH
instanceKlass org/apache/maven/plugin/internal/DefaultPluginDependenciesResolver$$FastClassByGuice$$915559
instanceKlass com/google/inject/internal/aop/GeneratedClassDefiner
instanceKlass java/lang/ClassLoader$$DefineAccessByGuice$$
instanceKlass java/lang/WeakPairMap$$Lambda$81
instanceKlass java/lang/Module$$Lambda$80
instanceKlass java/lang/module/ModuleDescriptor$Builder$$Lambda$79
instanceKlass jdk/internal/module/Checks
instanceKlass java/lang/module/ModuleDescriptor$Builder
instanceKlass java/lang/reflect/Proxy$ProxyBuilder$$Lambda$78
instanceKlass jdk/internal/vm/annotation/ForceInline
instanceKlass java/lang/reflect/AccessibleObject$$Lambda$77
instanceKlass com/google/inject/internal/aop/UnsafeClassDefiner$ClassLoaderDefineClassHolder$$Lambda$76
instanceKlass com/google/inject/internal/aop/UnsafeClassDefiner$ClassLoaderDefineClassHolder
instanceKlass com/google/inject/internal/asm/$Handler
instanceKlass com/google/inject/internal/asm/$Attribute
instanceKlass com/google/inject/internal/aop/BytecodeTasks
instanceKlass com/google/inject/internal/aop/AbstractGlueGenerator$$Lambda$75
instanceKlass com/google/inject/internal/asm/$Handle
instanceKlass com/google/inject/internal/asm/$Label
instanceKlass com/google/inject/internal/asm/$Frame
instanceKlass com/google/inject/internal/asm/$ByteVector
instanceKlass com/google/inject/internal/asm/$Symbol
instanceKlass com/google/inject/internal/asm/$SymbolTable
instanceKlass com/google/inject/internal/asm/$MethodVisitor
instanceKlass com/google/inject/internal/asm/$ModuleVisitor
instanceKlass com/google/inject/internal/asm/$AnnotationVisitor
instanceKlass com/google/inject/internal/asm/$FieldVisitor
instanceKlass com/google/inject/internal/asm/$RecordComponentVisitor
instanceKlass com/google/inject/internal/asm/$ClassVisitor
instanceKlass com/google/inject/internal/aop/AbstractGlueGenerator
instanceKlass com/google/inject/internal/aop/ClassBuilding$$Lambda$74
instanceKlass com/google/inject/internal/aop/ClassBuilding$$Lambda$73
instanceKlass com/google/inject/internal/asm/$Type
instanceKlass com/google/inject/internal/aop/UnsafeClassDefiner$$Lambda$72
instanceKlass com/google/inject/internal/aop/AnonymousClassDefiner
instanceKlass com/google/inject/internal/aop/UnsafeClassDefiner
instanceKlass com/google/inject/internal/aop/ClassDefining$ClassDefinerHolder
instanceKlass com/google/inject/internal/aop/ClassDefiner
instanceKlass com/google/inject/internal/aop/ClassDefining
instanceKlass com/google/inject/internal/aop/ClassBuilding$$Lambda$71
instanceKlass java/lang/invoke/LambdaForm$DMH
instanceKlass com/google/inject/internal/BytecodeGen$$Lambda$70
instanceKlass com/google/inject/internal/BytecodeGen$EnhancerBuilder
instanceKlass com/google/inject/internal/aop/ClassBuilding
instanceKlass com/google/common/collect/MapMakerInternalMap$StrongValueEntry
instanceKlass com/google/common/collect/MapMakerInternalMap$WeakKeyStrongValueEntry$Helper
instanceKlass com/google/common/collect/MapMakerInternalMap$InternalEntry
instanceKlass com/google/common/collect/MapMakerInternalMap$1
instanceKlass com/google/common/collect/MapMakerInternalMap$InternalEntryHelper
instanceKlass com/google/common/collect/MapMakerInternalMap$WeakValueReference
instanceKlass com/google/common/collect/MapMaker
instanceKlass com/google/inject/internal/BytecodeGen
instanceKlass com/google/inject/internal/ConstructionProxy
instanceKlass com/google/inject/internal/DefaultConstructionProxyFactory
instanceKlass com/google/inject/internal/ConstructionProxyFactory
instanceKlass com/google/inject/internal/ConstructorBindingImpl$Factory
instanceKlass org/eclipse/sisu/inject/TypeArguments$Implicit
instanceKlass org/eclipse/sisu/wire/PlaceholderBeanProvider
instanceKlass org/eclipse/sisu/wire/BeanProviders$3
instanceKlass org/sonatype/inject/BeanEntry
instanceKlass org/eclipse/sisu/BeanEntry
instanceKlass org/eclipse/sisu/wire/BeanProviders$6
instanceKlass org/eclipse/sisu/wire/BeanProviders$7
instanceKlass org/eclipse/sisu/wire/BeanProviders$1
instanceKlass com/google/inject/spi/ProviderLookup$1
instanceKlass com/google/inject/spi/ProviderWithDependencies
instanceKlass com/google/inject/spi/ProviderLookup
instanceKlass org/eclipse/sisu/wire/BeanProviders
instanceKlass org/eclipse/sisu/inject/HiddenSource
instanceKlass org/eclipse/sisu/wire/LocatorWiring
instanceKlass com/google/inject/ProvidedBy
instanceKlass com/google/inject/ImplementedBy
instanceKlass org/sonatype/plexus/components/cipher/PBECipher
instanceKlass org/codehaus/classworlds/ClassRealm
instanceKlass org/apache/maven/settings/crypto/SettingsDecryptionResult
instanceKlass org/apache/maven/settings/building/DefaultSettingsProblemCollector
instanceKlass org/apache/maven/settings/merge/MavenSettingsMerger
instanceKlass org/apache/maven/settings/building/SettingsBuildingResult
instanceKlass org/apache/maven/settings/building/SettingsProblemCollector
instanceKlass org/eclipse/aether/impl/MetadataGenerator
instanceKlass org/apache/maven/model/Relocation
instanceKlass org/apache/maven/repository/internal/ArtifactDescriptorReaderDelegate
instanceKlass org/eclipse/aether/named/support/AdaptedSemaphoreNamedLock$AdaptedSemaphore
instanceKlass org/eclipse/aether/named/support/NamedLockFactorySupport$NamedLockHolder
instanceKlass org/eclipse/aether/named/support/NamedLockSupport
instanceKlass org/eclipse/aether/named/NamedLock
instanceKlass org/eclipse/aether/internal/impl/synccontext/named/NamedLockFactoryAdapter
instanceKlass org/eclipse/aether/spi/log/Logger
instanceKlass org/eclipse/aether/internal/impl/filter/PrefixesRemoteRepositoryFilterSource$Node
instanceKlass org/eclipse/aether/spi/connector/filter/RemoteRepositoryFilter$Result
instanceKlass org/eclipse/aether/spi/connector/filter/RemoteRepositoryFilter
instanceKlass org/eclipse/aether/collection/DependencyTraverser
instanceKlass org/eclipse/aether/collection/DependencyManager
instanceKlass org/eclipse/aether/internal/impl/collect/df/DfDependencyCollector$Args
instanceKlass org/eclipse/aether/internal/impl/collect/bf/BfDependencyCollector$DescriptorResolutionResult
instanceKlass org/eclipse/aether/internal/impl/collect/bf/BfDependencyCollector$Args
instanceKlass org/eclipse/aether/internal/impl/collect/bf/DependencyProcessingContext
instanceKlass org/eclipse/aether/internal/impl/collect/bf/DependencyResolutionSkipper
instanceKlass org/eclipse/aether/collection/VersionFilter
instanceKlass org/eclipse/aether/internal/impl/collect/DependencyCollectorDelegate$Results
instanceKlass org/eclipse/aether/internal/impl/collect/DefaultVersionFilterContext
instanceKlass org/eclipse/aether/internal/impl/collect/DefaultDependencyCollectionContext
instanceKlass org/eclipse/aether/collection/DependencyCollectionContext
instanceKlass org/eclipse/aether/internal/impl/collect/DataPool
instanceKlass org/eclipse/aether/graph/DefaultDependencyNode
instanceKlass org/eclipse/aether/version/Version
instanceKlass org/eclipse/aether/internal/impl/collect/PremanagedDependency
instanceKlass org/eclipse/aether/collection/VersionFilter$VersionFilterContext
instanceKlass org/eclipse/aether/collection/DependencyGraphTransformationContext
instanceKlass org/eclipse/aether/spi/connector/Transfer
instanceKlass org/eclipse/aether/internal/impl/checksum/SummaryFileTrustedChecksumsSource$SummaryFileWriter
instanceKlass org/eclipse/aether/internal/impl/checksum/SparseDirectoryTrustedChecksumsSource$SparseDirectoryWriter
instanceKlass org/eclipse/aether/spi/checksums/TrustedChecksumsSource$Writer
instanceKlass org/eclipse/aether/spi/connector/checksum/ChecksumAlgorithm
instanceKlass org/eclipse/aether/impl/UpdateCheck
instanceKlass org/eclipse/aether/spi/connector/transport/Transporter
instanceKlass java/nio/channels/FileLock
instanceKlass org/eclipse/aether/resolution/VersionRequest
instanceKlass org/eclipse/aether/resolution/DependencyResult
instanceKlass org/eclipse/aether/resolution/DependencyRequest
instanceKlass org/eclipse/aether/resolution/ArtifactDescriptorRequest
instanceKlass org/eclipse/aether/collection/CollectResult
instanceKlass org/eclipse/aether/collection/CollectRequest
instanceKlass org/eclipse/aether/resolution/VersionRangeResult
instanceKlass org/eclipse/aether/resolution/VersionRangeRequest
instanceKlass org/eclipse/aether/spi/connector/layout/RepositoryLayout
instanceKlass org/eclipse/aether/repository/LocalRepository
instanceKlass org/eclipse/aether/internal/impl/LocalPathPrefixComposer
instanceKlass org/eclipse/aether/transform/FileTransformer
instanceKlass org/eclipse/aether/installation/InstallResult
instanceKlass org/eclipse/aether/installation/InstallRequest
instanceKlass org/eclipse/aether/spi/io/FileProcessor$ProgressListener
instanceKlass org/eclipse/aether/internal/impl/DefaultDeployer$EventCatapult
instanceKlass org/eclipse/aether/deployment/DeployResult
instanceKlass org/eclipse/aether/deployment/DeployRequest
instanceKlass org/eclipse/aether/repository/RepositoryPolicy
instanceKlass org/eclipse/aether/transfer/TransferResource
instanceKlass org/eclipse/aether/spi/connector/checksum/ChecksumPolicy
instanceKlass org/eclipse/aether/resolution/ArtifactRequest
instanceKlass org/eclipse/aether/resolution/VersionResult
instanceKlass org/eclipse/aether/repository/LocalArtifactResult
instanceKlass org/eclipse/aether/internal/impl/DefaultArtifactResolver$ResolutionGroup
instanceKlass org/eclipse/aether/SyncContext
instanceKlass org/eclipse/aether/spi/locator/ServiceLocator
instanceKlass org/eclipse/aether/repository/RemoteRepository
instanceKlass org/eclipse/aether/spi/connector/RepositoryConnector
instanceKlass org/apache/maven/model/validation/DefaultModelValidator$1ActivationFrame
instanceKlass org/apache/maven/model/profile/activation/JdkVersionProfileActivator$RangeValue
instanceKlass org/apache/maven/model/InputLocation
instanceKlass org/apache/maven/model/InputSource
instanceKlass org/apache/maven/model/interpolation/StringVisitorModelInterpolator$InnerInterpolator
instanceKlass org/apache/maven/model/building/ModelBuildingEventCatapult
instanceKlass org/apache/maven/model/ActivationOS
instanceKlass org/apache/maven/model/Activation
instanceKlass org/apache/maven/model/ActivationProperty
instanceKlass org/codehaus/plexus/interpolation/RegexBasedInterpolator
instanceKlass org/apache/maven/model/ActivationFile
instanceKlass org/apache/maven/model/building/ModelData
instanceKlass org/apache/maven/model/building/DefaultModelProblemCollector
instanceKlass org/apache/maven/model/profile/DefaultProfileActivationContext
instanceKlass org/apache/maven/model/building/ModelCacheTag
instanceKlass org/apache/maven/model/building/ModelBuildingEvent
instanceKlass org/apache/maven/model/profile/ProfileActivationContext
instanceKlass org/apache/maven/model/building/ModelProblemCollectorExt
instanceKlass org/apache/maven/cli/internal/extension/model/CoreExtension
instanceKlass org/apache/maven/building/ProblemCollector
instanceKlass org/apache/maven/toolchain/merge/MavenToolchainMerger
instanceKlass org/codehaus/plexus/interpolation/InterpolationPostProcessor
instanceKlass org/apache/maven/toolchain/building/ToolchainsBuildingResult
instanceKlass org/eclipse/aether/graph/Dependency
instanceKlass org/eclipse/aether/resolution/ArtifactDescriptorResult
instanceKlass org/apache/maven/plugin/internal/DefaultPluginValidationManager$PluginValidationIssues
instanceKlass com/google/inject/util/Types
instanceKlass org/eclipse/sisu/Nullable
instanceKlass org/eclipse/aether/repository/AuthenticationSelector
instanceKlass org/eclipse/aether/repository/ProxySelector
instanceKlass org/eclipse/aether/repository/MirrorSelector
instanceKlass org/eclipse/aether/resolution/ResolutionErrorPolicy
instanceKlass org/eclipse/aether/repository/LocalRepositoryManager
instanceKlass org/apache/maven/classrealm/ClassRealmManagerDelegate
instanceKlass org/apache/maven/classrealm/ClassRealmConstituent
instanceKlass org/apache/maven/classrealm/ClassRealmRequest
instanceKlass org/eclipse/aether/repository/WorkspaceRepository
instanceKlass org/apache/maven/ArtifactFilterManagerDelegate
instanceKlass org/eclipse/aether/RepositoryEvent
instanceKlass org/jetbrains/maven/server/EventInfoPrinter
instanceKlass org/eclipse/aether/RepositoryListener
instanceKlass org/apache/maven/profiles/ProfilesRoot
instanceKlass org/apache/maven/DefaultProjectDependenciesResolver
instanceKlass org/apache/maven/repository/ArtifactTransferListener
instanceKlass org/apache/maven/repository/legacy/LegacyRepositorySystem
instanceKlass org/apache/maven/repository/metadata/ClasspathContainer
instanceKlass org/apache/maven/repository/metadata/DefaultClasspathTransformation
instanceKlass org/apache/maven/plugin/PluginDescriptorCache$PluginDescriptorSupplier
instanceKlass org/apache/maven/plugin/PluginDescriptorCache$Key
instanceKlass org/apache/maven/plugin/DefaultPluginDescriptorCache
instanceKlass org/apache/maven/plugin/prefix/PluginPrefixResult
instanceKlass org/apache/maven/plugin/prefix/internal/DefaultPluginPrefixResolver
instanceKlass org/apache/maven/profiles/ProfileManager
instanceKlass org/apache/maven/project/ProjectBuilderConfiguration
instanceKlass org/apache/maven/project/DefaultMavenProjectBuilder
instanceKlass org/apache/maven/lifecycle/internal/DefaultLifecycleMappingDelegate
instanceKlass org/apache/maven/exception/ExceptionSummary
instanceKlass org/apache/maven/exception/DefaultExceptionHandler
instanceKlass org/apache/maven/plugin/PluginArtifactsCache$CacheRecord
instanceKlass org/apache/maven/plugin/PluginArtifactsCache$Key
instanceKlass org/apache/maven/plugin/DefaultPluginArtifactsCache
instanceKlass org/apache/maven/artifact/resolver/DefaultResolutionErrorHandler
instanceKlass org/apache/maven/repository/legacy/resolver/conflict/DefaultConflictResolverFactory
instanceKlass org/apache/maven/plugin/PluginRealmCache$PluginRealmSupplier
instanceKlass org/apache/maven/plugin/PluginRealmCache$Key
instanceKlass org/apache/maven/plugin/DefaultPluginRealmCache
instanceKlass org/apache/maven/plugin/descriptor/Parameter
instanceKlass org/apache/maven/lifecycle/internal/DefaultMojoExecutionConfigurator
instanceKlass org/apache/maven/plugin/prefix/PluginPrefixRequest
instanceKlass org/apache/maven/plugin/internal/DefaultPluginManager
instanceKlass org/apache/maven/lifecycle/internal/ProjectSegment
instanceKlass org/apache/maven/lifecycle/internal/builder/multithreaded/ThreadOutputMuxer
instanceKlass org/apache/maven/lifecycle/internal/builder/multithreaded/ConcurrencyDependencyGraph
instanceKlass java/util/concurrent/CompletionService
instanceKlass org/apache/maven/lifecycle/internal/builder/multithreaded/MultiThreadedBuilder
instanceKlass org/apache/maven/repository/legacy/resolver/transform/DefaultArtifactTransformationManager
instanceKlass org/apache/maven/model/merge/ModelMerger
instanceKlass org/apache/maven/model/plugin/DefaultLifecycleBindingsInjector
instanceKlass org/apache/maven/rtinfo/internal/DefaultRuntimeInformation
instanceKlass org/apache/maven/settings/crypto/SettingsDecryptionRequest
instanceKlass org/apache/maven/lifecycle/internal/DefaultLifecycleTaskSegmentCalculator
instanceKlass org/apache/http/config/Registry
instanceKlass org/apache/http/impl/conn/PoolingHttpClientConnectionManager
instanceKlass org/apache/http/pool/ConnPoolControl
instanceKlass org/apache/http/client/methods/CloseableHttpResponse
instanceKlass org/apache/http/HttpResponse
instanceKlass org/apache/maven/wagon/shared/http/BasicAuthScope
instanceKlass org/apache/maven/wagon/shared/http/HttpConfiguration
instanceKlass org/apache/http/impl/client/CloseableHttpClient
instanceKlass org/apache/http/client/HttpClient
instanceKlass org/apache/http/auth/Credentials
instanceKlass org/apache/http/client/AuthCache
instanceKlass org/apache/http/client/CredentialsProvider
instanceKlass org/apache/http/client/ServiceUnavailableRetryStrategy
instanceKlass org/apache/http/client/HttpRequestRetryHandler
instanceKlass org/apache/http/Header
instanceKlass org/apache/http/NameValuePair
instanceKlass org/apache/http/conn/ssl/TrustStrategy
instanceKlass org/apache/http/ssl/TrustStrategy
instanceKlass org/apache/http/client/RedirectStrategy
instanceKlass org/apache/http/config/Lookup
instanceKlass org/apache/http/protocol/HttpContext
instanceKlass org/apache/http/client/methods/HttpUriRequest
instanceKlass org/apache/http/HttpRequest
instanceKlass org/apache/http/HttpMessage
instanceKlass org/apache/http/auth/AuthScheme
instanceKlass org/apache/http/HttpEntity
instanceKlass org/apache/http/conn/HttpClientConnectionManager
instanceKlass org/apache/maven/wagon/OutputData
instanceKlass org/apache/maven/wagon/InputData
instanceKlass java/util/EventObject
instanceKlass org/apache/maven/wagon/events/SessionListener
instanceKlass org/apache/maven/wagon/resource/Resource
instanceKlass org/apache/maven/wagon/repository/RepositoryPermissions
instanceKlass org/apache/maven/wagon/events/TransferEventSupport
instanceKlass org/apache/maven/wagon/events/SessionEventSupport
instanceKlass org/apache/maven/wagon/proxy/ProxyInfoProvider
instanceKlass org/apache/maven/wagon/AbstractWagon
instanceKlass org/apache/maven/wagon/StreamingWagon
instanceKlass org/apache/maven/toolchain/DefaultToolchain
instanceKlass org/apache/maven/toolchain/java/JavaToolchain
instanceKlass org/apache/maven/toolchain/java/JavaToolchainFactory
instanceKlass org/apache/maven/execution/ExecutionEvent
instanceKlass org/apache/maven/lifecycle/internal/DefaultExecutionEventCatapult
instanceKlass org/apache/maven/repository/legacy/resolver/conflict/OldestConflictResolver
instanceKlass org/apache/maven/execution/DefaultRuntimeInformation
instanceKlass org/apache/maven/project/ProjectRealmCache$Key
instanceKlass org/apache/maven/project/DefaultProjectRealmCache
instanceKlass org/apache/maven/plugin/version/internal/DefaultPluginVersionResult
instanceKlass org/eclipse/aether/RequestTrace
instanceKlass org/apache/maven/plugin/version/internal/DefaultPluginVersionResolver$Versions
instanceKlass org/apache/maven/plugin/version/internal/DefaultPluginVersionResolver$Key
instanceKlass org/eclipse/aether/version/VersionScheme
instanceKlass org/eclipse/aether/repository/ArtifactRepository
instanceKlass org/eclipse/aether/metadata/Metadata
instanceKlass org/apache/maven/plugin/version/PluginVersionResult
instanceKlass org/apache/maven/plugin/version/internal/DefaultPluginVersionResolver
instanceKlass org/apache/maven/project/ProjectRealmCache$CacheRecord
instanceKlass org/apache/maven/project/DefaultProjectBuildingHelper
instanceKlass org/apache/maven/project/path/DefaultPathTranslator
instanceKlass org/apache/maven/repository/legacy/resolver/conflict/NearestConflictResolver
instanceKlass org/apache/maven/lifecycle/mapping/LifecyclePhase
instanceKlass org/apache/maven/lifecycle/internal/DefaultLifecyclePluginAnalyzer$GoalSpec
instanceKlass org/apache/maven/lifecycle/internal/DefaultLifecyclePluginAnalyzer
instanceKlass org/apache/maven/artifact/repository/metadata/io/DefaultMetadataReader
instanceKlass org/apache/maven/plugin/internal/DefaultLegacySupport
instanceKlass org/apache/maven/artifact/repository/metadata/Versioning
instanceKlass org/apache/maven/artifact/repository/layout/DefaultRepositoryLayout
instanceKlass org/apache/maven/plugin/PluginRealmCache$CacheRecord
instanceKlass org/eclipse/aether/util/graph/visitor/AbstractDepthFirstNodeListGenerator
instanceKlass org/apache/maven/plugin/descriptor/PluginDescriptorBuilder
instanceKlass org/codehaus/plexus/component/configurator/ConfigurationListener
instanceKlass org/apache/maven/plugin/logging/Log
instanceKlass org/apache/maven/plugin/internal/DefaultMavenPluginManager
instanceKlass org/eclipse/aether/resolution/ArtifactResult
instanceKlass org/eclipse/aether/graph/DependencyNode
instanceKlass org/eclipse/aether/collection/DependencySelector
instanceKlass org/eclipse/aether/graph/DependencyFilter
instanceKlass org/eclipse/aether/artifact/Artifact
instanceKlass org/eclipse/aether/resolution/ArtifactDescriptorPolicy
instanceKlass org/apache/maven/plugin/internal/DefaultPluginDependenciesResolver
instanceKlass org/apache/maven/repository/legacy/repository/DefaultArtifactRepositoryFactory
instanceKlass org/apache/maven/plugin/version/PluginVersionRequest
instanceKlass org/apache/maven/configuration/BeanConfigurationRequest
instanceKlass org/codehaus/plexus/component/configurator/expression/ExpressionEvaluator
instanceKlass org/codehaus/plexus/configuration/PlexusConfiguration
instanceKlass org/codehaus/plexus/component/configurator/converters/lookup/ConverterLookup
instanceKlass org/apache/maven/configuration/internal/DefaultBeanConfigurator
instanceKlass org/apache/maven/model/Reporting
instanceKlass org/apache/maven/model/PluginContainer
instanceKlass org/apache/maven/project/inheritance/DefaultModelInheritanceAssembler
instanceKlass org/apache/maven/settings/building/SettingsBuildingRequest
instanceKlass org/apache/maven/model/building/ModelBuildingResult
instanceKlass org/apache/maven/project/ReactorModelPool
instanceKlass org/apache/maven/project/DefaultProjectBuilder$InternalConfig
instanceKlass org/apache/maven/model/resolution/ModelResolver
instanceKlass org/apache/maven/project/ProjectBuildingResult
instanceKlass org/apache/maven/model/building/ModelBuildingListener
instanceKlass org/apache/maven/model/building/ModelCache
instanceKlass org/apache/maven/project/DefaultProjectBuilder
instanceKlass org/apache/maven/toolchain/ToolchainPrivate
instanceKlass org/apache/maven/toolchain/Toolchain
instanceKlass org/apache/maven/toolchain/DefaultToolchainManager
instanceKlass org/sonatype/plexus/components/sec/dispatcher/PasswordDecryptor
instanceKlass sun/reflect/generics/tree/MethodTypeSignature
instanceKlass sun/reflect/generics/tree/VoidDescriptor
instanceKlass org/sonatype/plexus/components/sec/dispatcher/model/SettingsSecurity
instanceKlass org/apache/maven/artifact/factory/DefaultArtifactFactory
instanceKlass org/apache/maven/repository/metadata/MetadataGraph
instanceKlass org/apache/maven/repository/metadata/MetadataGraphVertex
instanceKlass org/apache/maven/repository/metadata/DefaultGraphConflictResolver
instanceKlass org/apache/maven/artifact/repository/layout/FlatRepositoryLayout
instanceKlass org/apache/maven/lifecycle/DefaultLifecycleExecutor
instanceKlass org/apache/maven/repository/legacy/resolver/conflict/FarthestConflictResolver
instanceKlass org/apache/maven/project/validation/ModelValidationResult
instanceKlass org/apache/maven/model/building/ModelBuildingRequest
instanceKlass org/apache/maven/model/building/ModelProblemCollector
instanceKlass org/apache/maven/project/validation/DefaultModelValidator
instanceKlass org/apache/maven/artifact/resolver/DefaultArtifactResolver
instanceKlass org/apache/maven/wagon/authentication/AuthenticationInfo
instanceKlass org/apache/maven/wagon/observers/ChecksumObserver
instanceKlass org/apache/maven/wagon/proxy/ProxyInfo
instanceKlass org/apache/maven/wagon/repository/Repository
instanceKlass org/apache/maven/wagon/events/TransferListener
instanceKlass org/apache/maven/repository/legacy/DefaultWagonManager
instanceKlass org/apache/maven/artifact/handler/manager/DefaultArtifactHandlerManager
instanceKlass org/apache/maven/artifact/resolver/ArtifactResolutionResult
instanceKlass org/apache/maven/artifact/resolver/ArtifactResolutionRequest
instanceKlass org/apache/maven/repository/legacy/resolver/DefaultLegacyArtifactCollector
instanceKlass org/apache/maven/lifecycle/internal/TaskSegment
instanceKlass org/apache/maven/execution/ProjectExecutionListener
instanceKlass org/apache/maven/execution/BuildSummary
instanceKlass org/apache/maven/artifact/repository/DefaultArtifactRepositoryFactory
instanceKlass org/codehaus/plexus/component/repository/ComponentSetDescriptor
instanceKlass org/apache/maven/plugin/DefaultBuildPluginManager
instanceKlass org/apache/maven/repository/metadata/MetadataGraphEdge
instanceKlass org/apache/maven/artifact/versioning/ArtifactVersion
instanceKlass org/apache/maven/repository/metadata/DefaultGraphConflictResolutionPolicy
instanceKlass org/apache/maven/lifecycle/internal/ReactorBuildStatus
instanceKlass org/apache/maven/lifecycle/internal/ReactorContext
instanceKlass org/apache/maven/lifecycle/internal/builder/singlethreaded/SingleThreadedBuilder
instanceKlass org/apache/maven/plugin/ExtensionRealmCache$CacheRecord
instanceKlass org/apache/maven/plugin/ExtensionRealmCache$Key
instanceKlass org/apache/maven/plugin/DefaultExtensionRealmCache
instanceKlass org/apache/maven/project/DefaultDependencyResolutionResult
instanceKlass org/apache/maven/project/DependencyResolutionRequest
instanceKlass org/eclipse/aether/graph/DependencyVisitor
instanceKlass org/apache/maven/project/DependencyResolutionResult
instanceKlass org/apache/maven/project/DefaultProjectDependenciesResolver
instanceKlass org/apache/maven/artifact/repository/Authentication
instanceKlass org/apache/maven/settings/RepositoryPolicy
instanceKlass org/apache/maven/model/RepositoryPolicy
instanceKlass org/apache/maven/artifact/versioning/VersionRange
instanceKlass org/apache/maven/settings/RepositoryBase
instanceKlass org/apache/maven/model/RepositoryBase
instanceKlass org/apache/maven/model/ConfigurationContainer
instanceKlass org/apache/maven/repository/Proxy
instanceKlass org/apache/maven/lifecycle/internal/ProjectBuildList
instanceKlass org/apache/maven/lifecycle/mapping/DefaultLifecycleMapping
instanceKlass org/apache/maven/toolchain/model/TrackableBase
instanceKlass org/apache/maven/toolchain/DefaultToolchainsBuilder
instanceKlass org/apache/maven/execution/ProjectDependencyGraph
instanceKlass org/apache/maven/model/building/ModelSource
instanceKlass org/apache/maven/graph/DefaultGraphBuilder
instanceKlass org/apache/maven/project/artifact/ProjectArtifactsCache$CacheRecord
instanceKlass org/apache/maven/project/artifact/ProjectArtifactsCache$Key
instanceKlass org/apache/maven/project/artifact/DefaultProjectArtifactsCache
instanceKlass org/apache/maven/artifact/resolver/ResolutionNode
instanceKlass org/apache/maven/repository/legacy/resolver/conflict/NewestConflictResolver
instanceKlass org/apache/maven/model/building/ModelProblem
instanceKlass org/apache/maven/project/artifact/MavenMetadataSource$ProjectRelocation
instanceKlass org/apache/maven/model/ModelBase
instanceKlass org/apache/maven/artifact/repository/metadata/Metadata
instanceKlass org/apache/maven/model/Dependency
instanceKlass org/apache/maven/model/InputLocationTracker
instanceKlass org/apache/maven/artifact/repository/metadata/RepositoryMetadata
instanceKlass org/apache/maven/artifact/metadata/ArtifactMetadata
instanceKlass org/apache/maven/repository/legacy/metadata/ArtifactMetadata
instanceKlass org/apache/maven/repository/legacy/metadata/MetadataResolutionRequest
instanceKlass org/apache/maven/artifact/repository/RepositoryRequest
instanceKlass org/apache/maven/project/artifact/MavenMetadataSource
instanceKlass org/apache/maven/model/building/Result
instanceKlass org/eclipse/aether/DefaultRepositorySystemSession
instanceKlass org/eclipse/aether/RepositorySystemSession
instanceKlass org/apache/maven/execution/MavenExecutionResult
instanceKlass org/apache/maven/DefaultMaven
instanceKlass org/apache/maven/artifact/repository/ArtifactRepositoryPolicy
instanceKlass org/apache/maven/project/artifact/DefaultMavenMetadataCache$CacheKey
instanceKlass org/apache/maven/repository/legacy/metadata/ResolutionGroup
instanceKlass org/apache/maven/project/artifact/DefaultMavenMetadataCache
instanceKlass org/apache/maven/settings/TrackableBase
instanceKlass org/apache/maven/artifact/repository/ArtifactRepository
instanceKlass org/apache/maven/repository/DefaultMirrorSelector
instanceKlass org/apache/maven/lifecycle/MavenExecutionPlan
instanceKlass org/apache/maven/lifecycle/internal/DefaultLifecycleExecutionPlanCalculator
instanceKlass org/apache/maven/lifecycle/internal/PhaseRecorder
instanceKlass org/apache/maven/lifecycle/internal/DependencyContext
instanceKlass org/apache/maven/lifecycle/internal/ProjectIndex
instanceKlass org/apache/maven/artifact/resolver/filter/ArtifactFilter
instanceKlass org/apache/maven/plugin/MojoExecutionRunner
instanceKlass org/apache/maven/artifact/handler/DefaultArtifactHandler
instanceKlass org/eclipse/sisu/space/asm/Handler
instanceKlass org/eclipse/sisu/space/asm/Frame
instanceKlass org/eclipse/sisu/space/asm/ByteVector
instanceKlass org/eclipse/sisu/space/asm/Symbol
instanceKlass org/eclipse/sisu/space/asm/SymbolTable
instanceKlass org/eclipse/sisu/space/asm/RecordComponentVisitor
instanceKlass org/eclipse/sisu/space/asm/FieldVisitor
instanceKlass org/eclipse/sisu/space/asm/ModuleVisitor
instanceKlass org/eclipse/sisu/space/asm/MethodVisitor
instanceKlass org/apache/maven/artifact/Artifact
instanceKlass org/codehaus/plexus/logging/AbstractLogEnabled
instanceKlass com/google/inject/spi/ProviderWithExtensionVisitor
instanceKlass com/google/common/collect/Iterables
instanceKlass java/util/stream/ForEachOps$ForEachOp
instanceKlass java/util/stream/ForEachOps
instanceKlass com/google/inject/spi/InjectionPoint$$Lambda$69
instanceKlass com/google/inject/spi/InjectionPoint$$Lambda$68
instanceKlass com/google/inject/spi/InjectionPoint$$Lambda$67
instanceKlass com/google/inject/spi/InjectionPoint$$Lambda$66
instanceKlass org/eclipse/sisu/plexus/PlexusBean
instanceKlass org/codehaus/plexus/component/repository/ComponentDescriptor
instanceKlass com/google/inject/spi/ProvidesMethodBinding
instanceKlass org/eclipse/sisu/inject/Guice4
instanceKlass com/google/inject/internal/GuiceInternal
instanceKlass org/sonatype/inject/Parameters
instanceKlass org/eclipse/sisu/plexus/PlexusXmlBeanConverter
instanceKlass org/eclipse/sisu/plexus/PlexusBeanConverter
instanceKlass com/google/inject/spi/TypeConverterBinding
instanceKlass java/lang/reflect/AnnotatedParameterizedType
instanceKlass sun/reflect/generics/tree/Wildcard
instanceKlass sun/reflect/generics/tree/BottomSignature
instanceKlass org/eclipse/sisu/inject/DefaultRankingFunction
instanceKlass com/google/inject/spi/ProvisionListenerBinding
instanceKlass com/google/inject/spi/TypeListenerBinding
instanceKlass org/eclipse/sisu/bean/BeanListener
instanceKlass com/google/inject/matcher/Matchers
instanceKlass org/eclipse/sisu/bean/PropertyBinder
instanceKlass org/eclipse/sisu/plexus/PlexusBeanBinder
instanceKlass com/google/inject/spi/InjectionListener
instanceKlass org/sonatype/plexus/components/sec/dispatcher/DefaultSecDispatcher
instanceKlass org/sonatype/plexus/components/cipher/DefaultPlexusCipher
instanceKlass org/sonatype/plexus/components/cipher/PlexusCipher
instanceKlass org/codehaus/plexus/component/configurator/AbstractComponentConfigurator
instanceKlass org/codehaus/plexus/component/configurator/ComponentConfigurator
instanceKlass org/apache/maven/settings/validation/DefaultSettingsValidator
instanceKlass org/apache/maven/settings/validation/SettingsValidator
instanceKlass org/apache/maven/settings/io/DefaultSettingsWriter
instanceKlass org/apache/maven/settings/io/SettingsWriter
instanceKlass org/apache/maven/settings/io/DefaultSettingsReader
instanceKlass org/apache/maven/settings/io/SettingsReader
instanceKlass org/apache/maven/settings/crypto/DefaultSettingsDecrypter
instanceKlass org/apache/maven/settings/crypto/SettingsDecrypter
instanceKlass org/apache/maven/settings/building/DefaultSettingsBuilder
instanceKlass org/apache/maven/settings/building/SettingsBuilder
instanceKlass org/eclipse/aether/transport/wagon/WagonTransporterFactory
instanceKlass org/eclipse/aether/internal/transport/wagon/PlexusWagonProvider
instanceKlass org/eclipse/aether/transport/wagon/WagonProvider
instanceKlass org/eclipse/aether/internal/transport/wagon/PlexusWagonConfigurator
instanceKlass org/eclipse/aether/transport/wagon/WagonConfigurator
instanceKlass org/eclipse/aether/transport/http/ChecksumExtractor
instanceKlass org/eclipse/aether/transport/http/HttpTransporterFactory
instanceKlass org/eclipse/aether/transport/file/FileTransporterFactory
instanceKlass org/eclipse/aether/spi/connector/transport/TransporterFactory
instanceKlass org/apache/maven/repository/internal/VersionsMetadataGeneratorFactory
instanceKlass org/apache/maven/repository/internal/SnapshotMetadataGeneratorFactory
instanceKlass org/apache/maven/repository/internal/PluginsMetadataGeneratorFactory
instanceKlass org/eclipse/aether/impl/MetadataGeneratorFactory
instanceKlass org/apache/maven/repository/internal/DefaultVersionResolver
instanceKlass org/eclipse/aether/impl/VersionResolver
instanceKlass org/apache/maven/repository/internal/DefaultVersionRangeResolver
instanceKlass org/eclipse/aether/impl/VersionRangeResolver
instanceKlass org/apache/maven/repository/internal/DefaultModelCacheFactory
instanceKlass org/apache/maven/repository/internal/ModelCacheFactory
instanceKlass org/apache/maven/repository/internal/DefaultArtifactDescriptorReader
instanceKlass org/eclipse/aether/impl/ArtifactDescriptorReader
instanceKlass org/eclipse/aether/named/support/NamedLockFactorySupport
instanceKlass org/eclipse/aether/named/NamedLockFactory
instanceKlass org/eclipse/aether/internal/impl/synccontext/named/providers/StaticNameMapperProvider
instanceKlass org/eclipse/aether/internal/impl/synccontext/named/providers/GAVNameMapperProvider
instanceKlass org/eclipse/aether/internal/impl/synccontext/named/providers/FileStaticNameMapperProvider
instanceKlass org/eclipse/aether/internal/impl/synccontext/named/providers/FileHashingGAVNameMapperProvider
instanceKlass org/eclipse/aether/internal/impl/synccontext/named/providers/FileGAVNameMapperProvider
instanceKlass org/eclipse/aether/internal/impl/synccontext/named/NameMapper
instanceKlass org/eclipse/aether/internal/impl/synccontext/named/providers/DiscriminatingNameMapperProvider
instanceKlass org/eclipse/aether/internal/impl/synccontext/named/NamedLockFactoryAdapterFactoryImpl
instanceKlass org/eclipse/aether/internal/impl/synccontext/named/NamedLockFactoryAdapterFactory
instanceKlass org/eclipse/aether/internal/impl/synccontext/legacy/DefaultSyncContextFactory
instanceKlass org/eclipse/aether/impl/SyncContextFactory
instanceKlass org/eclipse/aether/internal/impl/synccontext/DefaultSyncContextFactory
instanceKlass org/eclipse/aether/spi/synccontext/SyncContextFactory
instanceKlass java/lang/Deprecated
instanceKlass org/eclipse/aether/internal/impl/slf4j/Slf4jLoggerFactory
instanceKlass org/eclipse/aether/internal/impl/resolution/ArtifactResolverPostProcessorSupport
instanceKlass org/eclipse/aether/internal/impl/filter/RemoteRepositoryFilterSourceSupport
instanceKlass org/eclipse/aether/spi/connector/filter/RemoteRepositoryFilterSource
instanceKlass org/eclipse/aether/spi/resolution/ArtifactResolverPostProcessor
instanceKlass org/eclipse/aether/internal/impl/filter/DefaultRemoteRepositoryFilterManager
instanceKlass org/eclipse/aether/impl/RemoteRepositoryFilterManager
instanceKlass org/eclipse/aether/internal/impl/collect/DependencyCollectorDelegate
instanceKlass org/eclipse/aether/internal/impl/collect/DefaultDependencyCollector
instanceKlass org/eclipse/aether/impl/DependencyCollector
instanceKlass org/eclipse/aether/internal/impl/checksum/TrustedToProvidedChecksumsSourceAdapter
instanceKlass org/eclipse/aether/spi/checksums/ProvidedChecksumsSource
instanceKlass org/eclipse/aether/internal/impl/checksum/FileTrustedChecksumsSourceSupport
instanceKlass org/eclipse/aether/spi/checksums/TrustedChecksumsSource
instanceKlass org/eclipse/aether/spi/connector/checksum/ChecksumAlgorithmFactorySupport
instanceKlass org/eclipse/aether/spi/connector/checksum/ChecksumAlgorithmFactory
instanceKlass org/eclipse/aether/internal/impl/checksum/DefaultChecksumAlgorithmFactorySelector
instanceKlass org/eclipse/aether/spi/connector/checksum/ChecksumAlgorithmFactorySelector
instanceKlass org/eclipse/aether/internal/impl/SimpleLocalRepositoryManagerFactory
instanceKlass org/eclipse/aether/internal/impl/Maven2RepositoryLayoutFactory
instanceKlass org/eclipse/aether/spi/connector/layout/RepositoryLayoutFactory
instanceKlass org/eclipse/aether/spi/log/LoggerFactory
instanceKlass org/eclipse/aether/internal/impl/LoggerFactoryProvider
instanceKlass org/eclipse/aether/internal/impl/EnhancedLocalRepositoryManagerFactory
instanceKlass org/eclipse/aether/spi/localrepo/LocalRepositoryManagerFactory
instanceKlass org/eclipse/aether/internal/impl/DefaultUpdatePolicyAnalyzer
instanceKlass org/eclipse/aether/impl/UpdatePolicyAnalyzer
instanceKlass org/eclipse/aether/internal/impl/DefaultUpdateCheckManager
instanceKlass org/eclipse/aether/impl/UpdateCheckManager
instanceKlass java/lang/Long$LongCache
instanceKlass org/eclipse/aether/internal/impl/DefaultTransporterProvider
instanceKlass org/eclipse/aether/spi/connector/transport/TransporterProvider
instanceKlass org/eclipse/aether/internal/impl/DefaultTrackingFileManager
instanceKlass org/eclipse/aether/internal/impl/TrackingFileManager
instanceKlass org/eclipse/aether/internal/impl/DefaultRepositorySystemLifecycle
instanceKlass org/eclipse/aether/impl/RepositorySystemLifecycle
instanceKlass org/eclipse/aether/internal/impl/DefaultRepositorySystem
instanceKlass org/eclipse/aether/RepositorySystem
instanceKlass org/eclipse/aether/internal/impl/DefaultRepositoryLayoutProvider
instanceKlass org/eclipse/aether/spi/connector/layout/RepositoryLayoutProvider
instanceKlass org/eclipse/aether/internal/impl/DefaultRepositoryEventDispatcher
instanceKlass org/eclipse/aether/impl/RepositoryEventDispatcher
instanceKlass org/eclipse/aether/internal/impl/DefaultRepositoryConnectorProvider
instanceKlass org/eclipse/aether/impl/RepositoryConnectorProvider
instanceKlass org/eclipse/aether/internal/impl/DefaultRemoteRepositoryManager
instanceKlass org/eclipse/aether/impl/RemoteRepositoryManager
instanceKlass org/eclipse/aether/internal/impl/DefaultOfflineController
instanceKlass org/eclipse/aether/impl/OfflineController
instanceKlass org/eclipse/aether/internal/impl/DefaultMetadataResolver
instanceKlass org/eclipse/aether/impl/MetadataResolver
instanceKlass org/eclipse/aether/internal/impl/DefaultLocalRepositoryProvider
instanceKlass org/eclipse/aether/impl/LocalRepositoryProvider
instanceKlass org/eclipse/aether/internal/impl/LocalPathPrefixComposerFactorySupport
instanceKlass org/eclipse/aether/internal/impl/LocalPathPrefixComposerFactory
instanceKlass org/eclipse/aether/internal/impl/DefaultLocalPathComposer
instanceKlass org/eclipse/aether/internal/impl/LocalPathComposer
instanceKlass org/eclipse/aether/internal/impl/DefaultInstaller
instanceKlass org/eclipse/aether/impl/Installer
instanceKlass org/eclipse/aether/internal/impl/DefaultFileProcessor
instanceKlass org/eclipse/aether/spi/io/FileProcessor
instanceKlass org/eclipse/aether/internal/impl/DefaultDeployer
instanceKlass org/eclipse/aether/impl/Deployer
instanceKlass org/eclipse/aether/internal/impl/DefaultChecksumPolicyProvider
instanceKlass org/eclipse/aether/spi/connector/checksum/ChecksumPolicyProvider
instanceKlass org/eclipse/aether/internal/impl/DefaultArtifactResolver
instanceKlass org/eclipse/aether/impl/ArtifactResolver
instanceKlass org/eclipse/aether/connector/basic/BasicRepositoryConnectorFactory
instanceKlass org/eclipse/aether/spi/locator/Service
instanceKlass org/eclipse/aether/spi/connector/RepositoryConnectorFactory
instanceKlass org/apache/maven/model/validation/DefaultModelValidator
instanceKlass org/apache/maven/model/validation/ModelValidator
instanceKlass org/apache/maven/model/superpom/DefaultSuperPomProvider
instanceKlass org/apache/maven/model/superpom/SuperPomProvider
instanceKlass org/apache/maven/model/profile/activation/PropertyProfileActivator
instanceKlass org/apache/maven/model/profile/activation/OperatingSystemProfileActivator
instanceKlass org/apache/maven/model/profile/activation/JdkVersionProfileActivator
instanceKlass org/apache/maven/model/profile/activation/FileProfileActivator
instanceKlass org/apache/maven/model/profile/activation/ProfileActivator
instanceKlass org/apache/maven/model/profile/DefaultProfileSelector
instanceKlass org/apache/maven/model/profile/ProfileSelector
instanceKlass org/apache/maven/model/profile/DefaultProfileInjector
instanceKlass org/apache/maven/model/profile/ProfileInjector
instanceKlass org/apache/maven/model/plugin/DefaultReportingConverter
instanceKlass org/apache/maven/model/plugin/ReportingConverter
instanceKlass org/apache/maven/model/plugin/DefaultReportConfigurationExpander
instanceKlass org/apache/maven/model/plugin/ReportConfigurationExpander
instanceKlass org/apache/maven/model/plugin/DefaultPluginConfigurationExpander
instanceKlass org/apache/maven/model/plugin/PluginConfigurationExpander
instanceKlass org/apache/maven/model/path/ProfileActivationFilePathInterpolator
instanceKlass org/apache/maven/model/path/DefaultUrlNormalizer
instanceKlass org/apache/maven/model/path/UrlNormalizer
instanceKlass org/apache/maven/model/path/DefaultPathTranslator
instanceKlass org/apache/maven/model/path/PathTranslator
instanceKlass org/apache/maven/model/path/DefaultModelUrlNormalizer
instanceKlass org/apache/maven/model/path/ModelUrlNormalizer
instanceKlass org/apache/maven/model/path/DefaultModelPathTranslator
instanceKlass org/apache/maven/model/path/ModelPathTranslator
instanceKlass org/apache/maven/model/normalization/DefaultModelNormalizer
instanceKlass org/apache/maven/model/normalization/ModelNormalizer
instanceKlass org/apache/maven/model/management/DefaultPluginManagementInjector
instanceKlass org/apache/maven/model/management/PluginManagementInjector
instanceKlass org/apache/maven/model/management/DefaultDependencyManagementInjector
instanceKlass org/apache/maven/model/management/DependencyManagementInjector
instanceKlass org/apache/maven/model/locator/DefaultModelLocator
instanceKlass org/apache/maven/model/io/DefaultModelWriter
instanceKlass org/apache/maven/model/io/ModelWriter
instanceKlass org/apache/maven/model/io/DefaultModelReader
instanceKlass org/apache/maven/model/interpolation/AbstractStringBasedModelInterpolator
instanceKlass org/apache/maven/model/interpolation/ModelInterpolator
instanceKlass org/apache/maven/model/interpolation/DefaultModelVersionProcessor
instanceKlass org/apache/maven/model/interpolation/ModelVersionProcessor
instanceKlass org/apache/maven/model/inheritance/DefaultInheritanceAssembler
instanceKlass org/apache/maven/model/inheritance/InheritanceAssembler
instanceKlass org/apache/maven/model/composition/DefaultDependencyManagementImporter
instanceKlass org/apache/maven/model/composition/DependencyManagementImporter
instanceKlass sun/reflect/annotation/AnnotationParser$$Lambda$65
instanceKlass org/apache/maven/model/building/DefaultModelProcessor
instanceKlass org/apache/maven/model/building/ModelProcessor
instanceKlass org/apache/maven/model/io/ModelReader
instanceKlass org/apache/maven/model/locator/ModelLocator
instanceKlass org/apache/maven/model/building/DefaultModelBuilder
instanceKlass org/apache/maven/model/building/ModelBuilder
instanceKlass org/apache/maven/cli/internal/BootstrapCoreExtensionManager
instanceKlass org/apache/maven/cli/configuration/SettingsXmlConfigurationProcessor
instanceKlass org/apache/maven/cli/configuration/ConfigurationProcessor
instanceKlass org/apache/maven/toolchain/io/DefaultToolchainsWriter
instanceKlass org/apache/maven/toolchain/io/ToolchainsWriter
instanceKlass org/apache/maven/toolchain/io/DefaultToolchainsReader
instanceKlass org/apache/maven/toolchain/io/ToolchainsReader
instanceKlass org/apache/maven/toolchain/building/DefaultToolchainsBuilder
instanceKlass org/apache/maven/toolchain/building/ToolchainsBuilder
instanceKlass java/lang/invoke/LambdaForm$Hidden
instanceKlass org/apache/maven/execution/MavenSession
instanceKlass org/apache/maven/session/scope/internal/SessionScope$ScopeState
instanceKlass org/apache/maven/session/scope/internal/SessionScope$$Lambda$64
instanceKlass org/apache/maven/session/scope/internal/SessionScope
instanceKlass jdk/internal/reflect/ClassDefiner$1
instanceKlass jdk/internal/reflect/ClassDefiner
instanceKlass jdk/internal/reflect/MethodAccessorGenerator$1
instanceKlass jdk/internal/reflect/Label$PatchInfo
instanceKlass jdk/internal/reflect/Label
instanceKlass jdk/internal/reflect/UTF8
instanceKlass jdk/internal/reflect/ClassFileAssembler
instanceKlass jdk/internal/reflect/ByteVectorImpl
instanceKlass jdk/internal/reflect/ByteVector
instanceKlass jdk/internal/reflect/ByteVectorFactory
instanceKlass jdk/internal/reflect/AccessorGenerator
instanceKlass jdk/internal/reflect/ClassFileConstants
instanceKlass org/apache/maven/plugin/internal/AbstractMavenPluginDependenciesValidator
instanceKlass org/apache/maven/plugin/internal/MavenPluginDependenciesValidator
instanceKlass org/apache/maven/plugin/internal/AbstractMavenPluginParametersValidator
instanceKlass org/apache/maven/plugin/internal/MavenPluginConfigurationValidator
instanceKlass org/apache/maven/plugin/PluginValidationManager
instanceKlass org/apache/maven/plugin/DefaultMojosExecutionStrategy
instanceKlass org/apache/maven/plugin/MojosExecutionStrategy
instanceKlass org/apache/maven/lifecycle/internal/LifecycleDependencyResolver
instanceKlass org/apache/maven/lifecycle/internal/DefaultProjectArtifactFactory
instanceKlass org/apache/maven/lifecycle/internal/ProjectArtifactFactory
instanceKlass org/apache/maven/internal/aether/ResolverLifecycle
instanceKlass org/apache/maven/internal/aether/DefaultRepositorySystemSessionFactory
instanceKlass org/apache/maven/extension/internal/CoreExportsProvider
instanceKlass org/apache/maven/plugin/MojoExecution
instanceKlass org/apache/maven/project/MavenProject
instanceKlass org/apache/maven/execution/scope/internal/MojoExecutionScope$ScopeState
instanceKlass org/apache/maven/execution/MojoExecutionEvent
instanceKlass org/apache/maven/execution/scope/MojoExecutionScoped
instanceKlass com/google/inject/RestrictedBindingSource$Permit
instanceKlass org/apache/maven/execution/scope/internal/MojoExecutionScope$1
instanceKlass org/apache/maven/execution/scope/internal/MojoExecutionScope
instanceKlass org/apache/maven/execution/MojoExecutionListener
instanceKlass org/eclipse/sisu/space/QualifiedTypeBinder$1
instanceKlass org/apache/maven/execution/DefaultMavenExecutionRequestPopulator
instanceKlass org/apache/maven/execution/MavenExecutionRequestPopulator
instanceKlass org/apache/maven/classrealm/DefaultClassRealmManager
instanceKlass org/apache/maven/classrealm/ClassRealmManager
instanceKlass org/apache/maven/SessionScoped
instanceKlass org/apache/maven/ReactorReader
instanceKlass org/apache/maven/repository/internal/MavenWorkspaceReader
instanceKlass org/eclipse/aether/repository/WorkspaceReader
instanceKlass org/apache/maven/DefaultArtifactFilterManager
instanceKlass org/apache/maven/ArtifactFilterManager
instanceKlass org/eclipse/sisu/space/WildcardKey$QualifiedImpl
instanceKlass org/eclipse/sisu/space/WildcardKey$Qualified
instanceKlass org/eclipse/sisu/space/WildcardKey
instanceKlass org/eclipse/sisu/Typed
instanceKlass org/sonatype/inject/EagerSingleton
instanceKlass org/eclipse/sisu/EagerSingleton
instanceKlass org/sonatype/inject/Mediator
instanceKlass org/eclipse/sisu/inject/TypeArguments
instanceKlass org/apache/maven/eventspy/AbstractEventSpy
instanceKlass org/apache/maven/eventspy/EventSpy
instanceKlass org/eclipse/sisu/space/asm/Context
instanceKlass org/eclipse/sisu/space/asm/Attribute
instanceKlass org/eclipse/sisu/space/asm/AnnotationVisitor
instanceKlass org/eclipse/sisu/space/asm/ClassReader
instanceKlass org/eclipse/sisu/space/IndexedClassFinder$1
instanceKlass org/eclipse/sisu/inject/Logs$SLF4JSink
instanceKlass org/eclipse/sisu/inject/Logs$Sink
instanceKlass org/eclipse/sisu/inject/Logs
instanceKlass org/eclipse/sisu/space/QualifierCache
instanceKlass org/eclipse/sisu/space/QualifiedTypeVisitor
instanceKlass org/eclipse/sisu/plexus/PlexusTypeVisitor$ComponentAnnotationVisitor
instanceKlass org/eclipse/sisu/space/AnnotationVisitor
instanceKlass org/eclipse/sisu/plexus/PlexusTypeVisitor
instanceKlass org/eclipse/sisu/space/ClassVisitor
instanceKlass org/eclipse/sisu/plexus/PlexusXmlBeanModule$PlexusXmlBeanSource
instanceKlass org/eclipse/sisu/inject/DescriptionSource
instanceKlass org/eclipse/sisu/inject/AnnotatedSource
instanceKlass org/eclipse/sisu/Hidden
instanceKlass org/eclipse/sisu/Priority
instanceKlass org/eclipse/sisu/Description
instanceKlass org/eclipse/sisu/inject/Sources
instanceKlass com/google/inject/Key$AnnotationInstanceStrategy
instanceKlass com/google/inject/name/NamedImpl
instanceKlass com/google/inject/name/Named
instanceKlass com/google/inject/name/Names
instanceKlass com/google/inject/internal/MoreTypes$ParameterizedTypeImpl
instanceKlass sun/reflect/generics/reflectiveObjects/ParameterizedTypeImpl
instanceKlass sun/reflect/generics/reflectiveObjects/LazyReflectiveObjectGenerator
instanceKlass org/apache/maven/wagon/Wagon
instanceKlass org/apache/maven/toolchain/ToolchainsBuilder
instanceKlass org/apache/maven/toolchain/ToolchainManagerPrivate
instanceKlass org/apache/maven/toolchain/ToolchainManager
instanceKlass org/apache/maven/toolchain/ToolchainFactory
instanceKlass org/apache/maven/settings/MavenSettingsBuilder
instanceKlass org/apache/maven/rtinfo/RuntimeInformation
instanceKlass org/apache/maven/project/artifact/ProjectArtifactsCache
instanceKlass org/apache/maven/project/artifact/MavenMetadataCache
instanceKlass org/apache/maven/project/ProjectRealmCache
instanceKlass org/apache/maven/project/ProjectDependenciesResolver
instanceKlass org/apache/maven/project/ProjectBuildingHelper
instanceKlass org/apache/maven/project/ProjectBuilder
instanceKlass org/apache/maven/project/MavenProjectHelper
instanceKlass org/apache/maven/plugin/version/PluginVersionResolver
instanceKlass org/apache/maven/plugin/prefix/PluginPrefixResolver
instanceKlass org/apache/maven/plugin/internal/PluginDependenciesResolver
instanceKlass org/apache/maven/plugin/PluginRealmCache
instanceKlass org/apache/maven/plugin/PluginManager
instanceKlass org/apache/maven/plugin/PluginDescriptorCache
instanceKlass org/apache/maven/plugin/PluginArtifactsCache
instanceKlass org/apache/maven/plugin/MavenPluginManager
instanceKlass org/apache/maven/plugin/LegacySupport
instanceKlass org/apache/maven/plugin/ExtensionRealmCache
instanceKlass org/apache/maven/plugin/BuildPluginManager
instanceKlass org/apache/maven/model/plugin/LifecycleBindingsInjector
instanceKlass org/apache/maven/lifecycle/internal/builder/BuilderCommon
instanceKlass org/apache/maven/lifecycle/internal/builder/Builder
instanceKlass org/apache/maven/lifecycle/internal/MojoExecutor
instanceKlass org/apache/maven/lifecycle/internal/MojoDescriptorCreator
instanceKlass org/apache/maven/lifecycle/internal/LifecycleTaskSegmentCalculator
instanceKlass org/apache/maven/lifecycle/internal/LifecycleStarter
instanceKlass org/apache/maven/lifecycle/internal/LifecyclePluginResolver
instanceKlass org/apache/maven/lifecycle/internal/LifecycleModuleBuilder
instanceKlass org/apache/maven/lifecycle/internal/LifecycleExecutionPlanCalculator
instanceKlass org/apache/maven/lifecycle/internal/LifecycleDebugLogger
instanceKlass org/apache/maven/lifecycle/internal/ExecutionEventCatapult
instanceKlass org/apache/maven/lifecycle/internal/BuildListCalculator
instanceKlass org/apache/maven/lifecycle/MojoExecutionConfigurator
instanceKlass org/apache/maven/lifecycle/LifecycleMappingDelegate
instanceKlass org/apache/maven/lifecycle/LifecycleExecutor
instanceKlass org/apache/maven/lifecycle/LifeCyclePluginAnalyzer
instanceKlass org/apache/maven/lifecycle/DefaultLifecycles
instanceKlass org/apache/maven/graph/GraphBuilder
instanceKlass org/apache/maven/eventspy/internal/EventSpyDispatcher
instanceKlass org/apache/maven/configuration/BeanConfigurator
instanceKlass org/apache/maven/bridge/MavenRepositorySystem
instanceKlass org/apache/maven/artifact/resolver/ResolutionErrorHandler
instanceKlass org/apache/maven/artifact/repository/metadata/io/MetadataReader
instanceKlass org/apache/maven/artifact/metadata/ArtifactMetadataSource
instanceKlass org/apache/maven/repository/legacy/metadata/ArtifactMetadataSource
instanceKlass org/apache/maven/artifact/handler/manager/ArtifactHandlerManager
instanceKlass org/apache/maven/artifact/factory/ArtifactFactory
instanceKlass org/apache/maven/ProjectDependenciesResolver
instanceKlass org/apache/maven/Maven
instanceKlass org/apache/maven/artifact/handler/ArtifactHandler
instanceKlass org/sonatype/plexus/components/sec/dispatcher/SecDispatcher
instanceKlass org/apache/maven/lifecycle/Lifecycle
instanceKlass org/eclipse/sisu/space/CloningClassSpace$1
instanceKlass org/apache/maven/lifecycle/mapping/LifecycleMapping
instanceKlass org/apache/maven/repository/metadata/GraphConflictResolver
instanceKlass org/apache/maven/repository/metadata/GraphConflictResolutionPolicy
instanceKlass org/eclipse/sisu/plexus/ConfigurationImpl
instanceKlass org/apache/maven/repository/metadata/ClasspathTransformation
instanceKlass org/apache/maven/repository/legacy/resolver/transform/ArtifactTransformationManager
instanceKlass org/apache/maven/repository/legacy/resolver/transform/ArtifactTransformation
instanceKlass org/apache/maven/repository/legacy/resolver/conflict/ConflictResolverFactory
instanceKlass org/apache/maven/repository/legacy/resolver/conflict/ConflictResolver
instanceKlass org/apache/maven/repository/legacy/repository/ArtifactRepositoryFactory
instanceKlass org/apache/maven/repository/legacy/UpdateCheckManager
instanceKlass org/apache/maven/repository/RepositorySystem
instanceKlass org/apache/maven/repository/MirrorSelector
instanceKlass org/apache/maven/project/validation/ModelValidator
instanceKlass org/apache/maven/project/path/PathTranslator
instanceKlass org/apache/maven/project/interpolation/ModelInterpolator
instanceKlass org/apache/maven/project/inheritance/ModelInheritanceAssembler
instanceKlass org/apache/maven/project/MavenProjectBuilder
instanceKlass org/apache/maven/profiles/MavenProfilesBuilder
instanceKlass org/apache/maven/execution/RuntimeInformation
instanceKlass org/apache/maven/artifact/resolver/ArtifactResolver
instanceKlass org/apache/maven/artifact/resolver/ArtifactCollector
instanceKlass org/apache/maven/repository/legacy/resolver/LegacyArtifactCollector
instanceKlass org/apache/maven/artifact/repository/metadata/RepositoryMetadataManager
instanceKlass org/apache/maven/artifact/repository/layout/ArtifactRepositoryLayout
instanceKlass org/apache/maven/artifact/repository/ArtifactRepositoryFactory
instanceKlass org/apache/maven/artifact/manager/WagonManager
instanceKlass org/apache/maven/repository/legacy/WagonManager
instanceKlass org/apache/maven/artifact/installer/ArtifactInstaller
instanceKlass org/eclipse/sisu/plexus/PlexusXmlMetadata
instanceKlass org/eclipse/sisu/plexus/Roles
instanceKlass org/apache/maven/artifact/deployer/ArtifactDeployer
instanceKlass org/eclipse/sisu/plexus/Hints
instanceKlass org/eclipse/sisu/space/AbstractDeferredClass
instanceKlass org/eclipse/sisu/plexus/RequirementImpl
instanceKlass org/codehaus/plexus/component/annotations/Requirement
instanceKlass org/eclipse/sisu/space/Streams
instanceKlass org/eclipse/sisu/plexus/ComponentImpl
instanceKlass org/codehaus/plexus/component/annotations/Component
instanceKlass org/eclipse/sisu/plexus/PlexusTypeRegistry
instanceKlass org/eclipse/sisu/plexus/PlexusXmlScanner
instanceKlass org/eclipse/sisu/space/QualifiedTypeBinder
instanceKlass org/eclipse/sisu/plexus/PlexusTypeBinder
instanceKlass com/google/inject/spi/InjectionRequest
instanceKlass org/eclipse/sisu/bean/BeanProperty
instanceKlass com/google/common/collect/ObjectArrays
instanceKlass com/google/inject/internal/Nullability
instanceKlass com/google/inject/internal/KotlinSupport$KotlinUnsupported$$Lambda$63
instanceKlass java/lang/invoke/LambdaForm$DMH
instanceKlass com/google/inject/internal/KotlinSupport$KotlinUnsupported
instanceKlass com/google/inject/internal/KotlinSupport$KotlinSupportHolder
instanceKlass com/google/inject/internal/KotlinSupportInterface
instanceKlass com/google/inject/internal/KotlinSupport
instanceKlass com/google/inject/spi/InjectionPoint$OverrideIndex
instanceKlass org/eclipse/sisu/inject/RankedBindings
instanceKlass org/eclipse/sisu/Mediator
instanceKlass sun/reflect/generics/tree/TypeVariableSignature
instanceKlass com/google/inject/Inject
instanceKlass javax/inject/Inject
instanceKlass com/google/inject/internal/DeclaredMembers$$Lambda$62
instanceKlass com/google/inject/internal/DeclaredMembers$$Lambda$61
instanceKlass com/google/inject/internal/DeclaredMembers$$Lambda$60
instanceKlass com/google/inject/internal/DeclaredMembers$$Lambda$59
instanceKlass java/lang/reflect/WildcardType
instanceKlass java/lang/reflect/TypeVariable
instanceKlass com/google/inject/spi/InjectionPoint$InjectableMembers
instanceKlass com/google/inject/spi/InjectionPoint$InjectableMember
instanceKlass com/google/inject/spi/InjectionPoint
instanceKlass java/lang/reflect/ParameterizedType
instanceKlass com/google/inject/internal/MoreTypes$GenericArrayTypeImpl
instanceKlass com/google/inject/internal/MoreTypes$CompositeType
instanceKlass com/google/inject/Key$AnnotationTypeStrategy
instanceKlass com/google/common/cache/LocalCache$StrongValueReference
instanceKlass com/google/common/util/concurrent/AbstractFuture$Failure
instanceKlass com/google/common/util/concurrent/AbstractFuture$Cancellation
instanceKlass com/google/common/util/concurrent/AbstractFuture$SetFuture
instanceKlass com/google/common/util/concurrent/Uninterruptibles
instanceKlass com/google/common/util/concurrent/AbstractFuture$Waiter
instanceKlass com/google/common/util/concurrent/AbstractFuture$Listener
instanceKlass jdk/internal/reflect/UnsafeFieldAccessorFactory
instanceKlass java/lang/reflect/AccessibleObject$$Lambda$58
instanceKlass com/google/common/util/concurrent/AbstractFuture$UnsafeAtomicHelper$1
instanceKlass sun/misc/Unsafe
instanceKlass com/google/common/util/concurrent/LazyLogger
instanceKlass java/util/concurrent/Executor
instanceKlass com/google/common/util/concurrent/AbstractFuture$AtomicHelper
instanceKlass com/google/common/util/concurrent/internal/InternalFutureFailureAccess
instanceKlass com/google/common/util/concurrent/AbstractFuture$Trusted
instanceKlass com/google/common/util/concurrent/ListenableFuture
instanceKlass sun/reflect/annotation/AnnotationParser$$Lambda$57
instanceKlass java/lang/annotation/Documented
instanceKlass java/lang/annotation/Target
instanceKlass javax/inject/Named
instanceKlass javax/inject/Qualifier
instanceKlass com/google/inject/BindingAnnotation
instanceKlass javax/inject/Scope
instanceKlass com/google/inject/ScopeAnnotation
instanceKlass com/google/inject/internal/Annotations$AnnotationChecker
instanceKlass java/lang/reflect/Proxy$ProxyBuilder$1
instanceKlass java/lang/reflect/ProxyGenerator$ExceptionTableEntry
instanceKlass java/lang/reflect/ProxyGenerator$PrimitiveTypeInfo
instanceKlass java/lang/reflect/ProxyGenerator$FieldInfo
instanceKlass java/lang/reflect/ProxyGenerator$ConstantPool$Entry
instanceKlass java/lang/reflect/ProxyGenerator$MethodInfo
instanceKlass java/lang/reflect/ProxyGenerator$ProxyMethod
instanceKlass java/lang/reflect/ProxyGenerator$ConstantPool
instanceKlass java/lang/reflect/ProxyGenerator
instanceKlass java/lang/reflect/Proxy$$Lambda$56
instanceKlass java/lang/PublicMethods
instanceKlass java/util/Collections$1
instanceKlass java/lang/reflect/Proxy$ProxyBuilder
instanceKlass java/lang/reflect/Proxy$$Lambda$55
instanceKlass java/lang/reflect/Proxy
instanceKlass sun/reflect/annotation/AnnotationInvocationHandler
instanceKlass sun/reflect/annotation/AnnotationParser$1
instanceKlass sun/reflect/annotation/ExceptionProxy
instanceKlass java/lang/annotation/Inherited
instanceKlass java/lang/annotation/Retention
instanceKlass sun/reflect/annotation/AnnotationType$1
instanceKlass sun/reflect/annotation/AnnotationType
instanceKlass java/lang/reflect/GenericArrayType
instanceKlass sun/reflect/generics/visitor/Reifier
instanceKlass sun/reflect/generics/visitor/TypeTreeVisitor
instanceKlass sun/reflect/generics/factory/CoreReflectionFactory
instanceKlass sun/reflect/generics/factory/GenericsFactory
instanceKlass sun/reflect/generics/scope/AbstractScope
instanceKlass sun/reflect/generics/scope/Scope
instanceKlass com/google/inject/internal/Annotations$TestAnnotation
instanceKlass com/google/inject/internal/Annotations$AnnotationToStringConfig
instanceKlass com/google/common/base/Joiner$MapJoiner
instanceKlass com/google/common/base/Joiner
instanceKlass java/lang/reflect/InvocationHandler
instanceKlass com/google/inject/internal/Annotations
instanceKlass org/eclipse/sisu/Parameters
instanceKlass org/eclipse/sisu/wire/ParameterKeys
instanceKlass com/google/inject/internal/util/StackTraceElements$InMemoryStackTraceElement
instanceKlass com/google/inject/internal/util/StackTraceElements
instanceKlass org/eclipse/sisu/wire/TypeConverterCache
instanceKlass com/google/inject/internal/Scoping
instanceKlass com/google/inject/internal/InternalFactory
instanceKlass java/lang/StackTraceElement$HashedModules
instanceKlass com/google/inject/internal/InternalFlags$1
instanceKlass com/google/inject/internal/InternalFlags
instanceKlass com/google/inject/spi/ConstructorBinding
instanceKlass com/google/inject/spi/InstanceBinding
instanceKlass com/google/inject/internal/DelayedInitialize
instanceKlass com/google/inject/spi/ProviderKeyBinding
instanceKlass com/google/inject/spi/ProviderInstanceBinding
instanceKlass com/google/inject/spi/HasDependencies
instanceKlass com/google/inject/spi/LinkedKeyBinding
instanceKlass com/google/inject/spi/UntargettedBinding
instanceKlass com/google/inject/internal/BindingImpl
instanceKlass com/google/inject/Key$AnnotationStrategy
instanceKlass org/eclipse/sisu/wire/ElementAnalyzer$1
instanceKlass com/google/inject/util/Modules$EmptyModule
instanceKlass com/google/inject/util/Modules$OverriddenModuleBuilder
instanceKlass com/google/inject/util/Modules
instanceKlass java/util/stream/Nodes$ArrayNode
instanceKlass java/util/stream/Node$Builder
instanceKlass java/util/stream/Node$OfDouble
instanceKlass java/util/stream/Node$OfLong
instanceKlass java/util/stream/Node$OfInt
instanceKlass java/util/stream/Node$OfPrimitive
instanceKlass java/util/stream/Nodes$EmptyNode
instanceKlass java/util/stream/Node
instanceKlass java/util/stream/Nodes
instanceKlass com/google/inject/internal/DeclaredMembers$$Lambda$54
instanceKlass java/util/function/IntFunction
instanceKlass java/util/stream/SortedOps
instanceKlass com/google/common/collect/Ordering
instanceKlass com/google/inject/internal/DeclaredMembers$$Lambda$53
instanceKlass com/google/inject/internal/DeclaredMembers$$Lambda$52
instanceKlass java/util/Comparator$$Lambda$51
instanceKlass java/util/Comparator$$Lambda$50
instanceKlass com/google/inject/internal/DeclaredMembers$$Lambda$49
instanceKlass com/google/inject/internal/DeclaredMembers$$Lambda$48
instanceKlass java/util/Comparator$$Lambda$47
instanceKlass com/google/inject/internal/DeclaredMembers$$Lambda$46
instanceKlass com/google/inject/internal/DeclaredMembers
instanceKlass com/google/common/base/ExtraObjectsMethodsForWeb
instanceKlass com/google/common/collect/ImmutableMap$Builder
instanceKlass com/google/inject/internal/MoreTypes
instanceKlass com/google/inject/multibindings/ProvidesIntoOptional
instanceKlass com/google/inject/multibindings/ProvidesIntoMap
instanceKlass com/google/inject/multibindings/ProvidesIntoSet
instanceKlass com/google/inject/Provides
instanceKlass javax/inject/Singleton
instanceKlass com/google/inject/spi/ElementSource
instanceKlass com/google/inject/spi/ScopeBinding
instanceKlass com/google/inject/Scopes$2
instanceKlass com/google/inject/Scopes$1
instanceKlass com/google/inject/internal/SingletonScope
instanceKlass com/google/inject/Scopes
instanceKlass com/google/inject/Singleton
instanceKlass com/google/inject/spi/Elements$ModuleInfo
instanceKlass com/google/inject/PrivateModule
instanceKlass java/util/stream/Collectors$$Lambda$45
instanceKlass java/util/stream/Collectors$$Lambda$44
instanceKlass java/util/stream/Collectors$$Lambda$43
instanceKlass com/google/inject/spi/BindingSourceRestriction$PermitMapConstruction$$Lambda$42
instanceKlass com/google/inject/spi/BindingSourceRestriction$$Lambda$41
instanceKlass com/google/inject/spi/BindingSourceRestriction$$Lambda$40
instanceKlass java/util/stream/Streams$2
instanceKlass java/util/stream/Streams$ConcatSpliterator
instanceKlass sun/reflect/annotation/AnnotatedTypeFactory$AnnotatedTypeBaseImpl
instanceKlass java/lang/reflect/AnnotatedType
instanceKlass sun/reflect/annotation/AnnotatedTypeFactory
instanceKlass sun/reflect/annotation/TypeAnnotation$LocationInfo$Location
instanceKlass sun/reflect/annotation/TypeAnnotation$LocationInfo
instanceKlass sun/reflect/generics/tree/ClassSignature
instanceKlass sun/reflect/generics/tree/Signature
instanceKlass sun/reflect/generics/tree/ClassTypeSignature
instanceKlass sun/reflect/generics/tree/SimpleClassTypeSignature
instanceKlass sun/reflect/generics/tree/FieldTypeSignature
instanceKlass sun/reflect/generics/tree/BaseType
instanceKlass sun/reflect/generics/tree/TypeSignature
instanceKlass sun/reflect/generics/tree/ReturnType
instanceKlass sun/reflect/generics/tree/TypeArgument
instanceKlass sun/reflect/generics/tree/FormalTypeParameter
instanceKlass sun/reflect/generics/tree/TypeTree
instanceKlass sun/reflect/generics/tree/Tree
instanceKlass sun/reflect/generics/parser/SignatureParser
instanceKlass sun/reflect/generics/repository/AbstractRepository
instanceKlass sun/reflect/annotation/TypeAnnotation
instanceKlass sun/reflect/annotation/TypeAnnotationParser
instanceKlass java/lang/Class$AnnotationData
instanceKlass com/google/inject/RestrictedBindingSource
instanceKlass com/google/inject/spi/BindingSourceRestriction
instanceKlass com/google/inject/spi/ModuleSource
instanceKlass com/google/inject/internal/ProviderMethodsModule
instanceKlass com/google/inject/spi/BindingSourceRestriction$PermitMapConstruction$PermitMapImpl
instanceKlass com/google/inject/spi/BindingSourceRestriction$PermitMap
instanceKlass com/google/inject/spi/BindingSourceRestriction$PermitMapConstruction
instanceKlass com/google/common/collect/Hashing
instanceKlass com/google/common/math/IntMath$1
instanceKlass com/google/common/math/MathPreconditions
instanceKlass com/google/common/math/IntMath
instanceKlass com/google/inject/internal/AbstractBindingBuilder
instanceKlass com/google/inject/binder/ConstantBindingBuilder
instanceKlass com/google/inject/binder/AnnotatedElementBuilder
instanceKlass com/google/inject/spi/Elements$RecordingBinder
instanceKlass com/google/inject/Binding
instanceKlass com/google/inject/spi/DefaultBindingTargetVisitor
instanceKlass com/google/inject/spi/BindingTargetVisitor
instanceKlass com/google/inject/spi/Elements
instanceKlass com/google/inject/internal/InjectorShell$RootModule
instanceKlass com/google/common/collect/ListMultimap
instanceKlass com/google/inject/internal/InjectorBindingData
instanceKlass java/util/concurrent/atomic/AtomicReferenceArray
instanceKlass java/util/concurrent/Future
instanceKlass com/google/common/cache/LocalCache$LoadingValueReference
instanceKlass java/util/concurrent/ConcurrentLinkedQueue$Node
instanceKlass com/google/common/cache/Weigher
instanceKlass com/google/common/base/Predicate
instanceKlass com/google/common/base/Equivalence
instanceKlass java/util/function/BiPredicate
instanceKlass com/google/common/base/MoreObjects
instanceKlass com/google/common/cache/LocalCache$1
instanceKlass com/google/common/cache/ReferenceEntry
instanceKlass com/google/common/cache/CacheLoader
instanceKlass com/google/common/cache/LocalCache$LocalManualCache
instanceKlass com/google/inject/internal/WeakKeySet$$Lambda$39
instanceKlass com/google/common/cache/RemovalListener
instanceKlass java/util/AbstractMap$SimpleImmutableEntry
instanceKlass com/google/common/cache/LocalCache$ValueReference
instanceKlass com/google/common/cache/CacheBuilder$2
instanceKlass com/google/common/cache/CacheStats
instanceKlass com/google/common/base/Suppliers$SupplierOfInstance
instanceKlass com/google/common/base/Suppliers
instanceKlass com/google/common/cache/CacheBuilder$1
instanceKlass com/google/common/cache/AbstractCache$StatsCounter
instanceKlass com/google/common/cache/LoadingCache
instanceKlass com/google/common/cache/Cache
instanceKlass com/google/common/base/Supplier
instanceKlass com/google/common/cache/CacheBuilder
instanceKlass com/google/inject/internal/WeakKeySet
instanceKlass com/google/common/collect/Sets
instanceKlass com/google/inject/internal/InjectorJitBindingData
instanceKlass com/google/inject/internal/ProcessedBindingData
instanceKlass com/google/inject/spi/DefaultElementVisitor
instanceKlass com/google/inject/internal/InjectorShell$Builder
instanceKlass com/google/common/collect/Lists
instanceKlass com/google/common/collect/AbstractMapEntry
instanceKlass com/google/common/collect/LinkedHashMultimap$ValueSetLink
instanceKlass com/google/common/collect/CollectPreconditions
instanceKlass java/lang/StrictMath
instanceKlass com/google/common/collect/Platform
instanceKlass com/google/common/collect/Multiset
instanceKlass com/google/common/collect/AbstractMultimap
instanceKlass com/google/common/collect/SetMultimap
instanceKlass com/google/common/collect/Maps$EntryTransformer
instanceKlass com/google/common/base/Converter
instanceKlass com/google/common/collect/ImmutableMap
instanceKlass com/google/common/base/Function
instanceKlass com/google/common/collect/BiMap
instanceKlass com/google/common/collect/SortedMapDifference
instanceKlass com/google/common/collect/MapDifference
instanceKlass com/google/common/collect/Maps
instanceKlass com/google/inject/internal/CycleDetectingLock
instanceKlass com/google/common/collect/Multimap
instanceKlass com/google/inject/internal/CycleDetectingLock$CycleDetectingLockFactory
instanceKlass com/google/inject/internal/Initializable
instanceKlass com/google/inject/internal/Initializer
instanceKlass com/google/common/collect/PeekingIterator
instanceKlass com/google/common/collect/UnmodifiableIterator
instanceKlass com/google/common/collect/Iterators
instanceKlass com/google/common/collect/ImmutableCollection$Builder
instanceKlass com/google/common/collect/ImmutableSet$SetBuilderImpl
instanceKlass com/google/inject/internal/util/SourceProvider
instanceKlass com/google/inject/spi/ErrorDetail
instanceKlass com/google/inject/internal/Errors
instanceKlass com/google/common/base/Preconditions
instanceKlass java/time/Duration
instanceKlass java/time/temporal/TemporalAmount
instanceKlass java/time/temporal/TemporalUnit
instanceKlass java/util/concurrent/TimeUnit$1
instanceKlass jdk/internal/logger/DefaultLoggerFinder$1
instanceKlass java/util/logging/Logger$SystemLoggerHelper$1
instanceKlass java/util/logging/Logger$SystemLoggerHelper
instanceKlass java/util/logging/LogManager$4
instanceKlass jdk/internal/logger/BootstrapLogger$BootstrapExecutors
instanceKlass jdk/internal/logger/BootstrapLogger$RedirectedLoggers
instanceKlass java/lang/ModuleLayer$$Lambda$38
instanceKlass java/lang/WeakPairMap$Pair$Lookup
instanceKlass java/lang/WeakPairMap$Pair
instanceKlass java/lang/WeakPairMap
instanceKlass java/lang/Module$ReflectionData
instanceKlass java/util/Spliterators$1Adapter
instanceKlass java/util/Spliterators$ArraySpliterator
instanceKlass java/util/Spliterator$OfDouble
instanceKlass java/util/Spliterator$OfLong
instanceKlass java/util/Spliterator$OfInt
instanceKlass java/util/Spliterator$OfPrimitive
instanceKlass java/util/Spliterators$EmptySpliterator
instanceKlass java/util/Spliterators
instanceKlass jdk/internal/logger/BootstrapLogger$DetectBackend$1
instanceKlass jdk/internal/logger/BootstrapLogger$DetectBackend
instanceKlass jdk/internal/logger/BootstrapLogger
instanceKlass sun/util/logging/PlatformLogger$ConfigurableBridge
instanceKlass sun/util/logging/PlatformLogger$Bridge
instanceKlass java/lang/System$Logger
instanceKlass java/util/stream/Streams
instanceKlass java/util/stream/Streams$AbstractStreamBuilderImpl
instanceKlass java/util/stream/Stream$Builder
instanceKlass java/util/stream/Sink$ChainedReference
instanceKlass java/util/stream/FindOps$FindSink$OfRef$$Lambda$37
instanceKlass java/util/stream/FindOps$FindSink$OfRef$$Lambda$36
instanceKlass java/util/stream/FindOps$FindSink$OfRef$$Lambda$35
instanceKlass java/util/stream/FindOps$FindSink$OfRef$$Lambda$34
instanceKlass java/util/stream/FindOps$FindOp
instanceKlass java/util/stream/FindOps$FindSink
instanceKlass java/util/stream/FindOps
instanceKlass java/util/logging/Level$KnownLevel$$Lambda$33
instanceKlass java/util/ArrayList$ArrayListSpliterator
instanceKlass java/util/logging/Level$$Lambda$32
instanceKlass java/util/Hashtable$Enumerator
instanceKlass java/util/logging/LogManager$LoggerContext$1
instanceKlass java/util/logging/LogManager$VisitedLoggers
instanceKlass java/util/function/Predicate
instanceKlass java/lang/invoke/LambdaForm$MH
instanceKlass java/lang/invoke/LambdaForm$MH
instanceKlass sun/invoke/util/ValueConversions$WrapperCache
instanceKlass java/lang/invoke/LambdaForm$MH
instanceKlass java/lang/invoke/MethodHandles$1
instanceKlass java/lang/Byte$ByteCache
instanceKlass java/lang/invoke/LambdaForm$MH
instanceKlass java/lang/invoke/LambdaForm$MH
instanceKlass java/lang/invoke/LambdaForm$MH
instanceKlass java/lang/invoke/LambdaForm$MH
instanceKlass java/lang/invoke/LambdaForm$MH
instanceKlass java/lang/invoke/LambdaForm$MH
instanceKlass java/lang/invoke/LambdaForm$MH
instanceKlass java/lang/invoke/LambdaForm$MH
instanceKlass java/lang/invoke/LambdaForm$MH
instanceKlass java/lang/invoke/LambdaForm$MH
instanceKlass java/lang/ClassValue$Version
instanceKlass java/lang/ClassValue$Identity
instanceKlass java/lang/ClassValue
instanceKlass java/lang/invoke/StringConcatFactory$Stringifiers
instanceKlass java/lang/StringConcatHelper
instanceKlass java/lang/invoke/StringConcatFactory$MethodHandleInlineCopyStrategy$3
instanceKlass java/lang/invoke/StringConcatFactory$MethodHandleInlineCopyStrategy$2
instanceKlass java/lang/invoke/StringConcatFactory$MethodHandleInlineCopyStrategy$1
instanceKlass java/lang/invoke/StringConcatFactory$MethodHandleInlineCopyStrategy
instanceKlass java/lang/invoke/StringConcatFactory$RecipeElement
instanceKlass java/lang/invoke/StringConcatFactory$Recipe
instanceKlass java/lang/invoke/StringConcatFactory$1
instanceKlass java/lang/invoke/StringConcatFactory
instanceKlass java/util/logging/LogManager$2
instanceKlass java/lang/System$LoggerFinder
instanceKlass sun/security/util/SecurityConstants
instanceKlass java/security/AccessController$1
instanceKlass java/util/logging/LogManager$LoggingProviderAccess
instanceKlass sun/util/logging/internal/LoggingProviderImpl$LogManagerAccess
instanceKlass java/util/Collections$SynchronizedMap
instanceKlass java/util/logging/LogManager$LogNode
instanceKlass java/util/logging/LogManager$LoggerContext
instanceKlass java/util/logging/LogManager$1
instanceKlass java/util/logging/LogManager
instanceKlass java/util/logging/Logger$ConfigurationData
instanceKlass java/util/logging/Logger$LoggerBundle
instanceKlass java/util/logging/Level
instanceKlass java/util/logging/Handler
instanceKlass java/util/logging/Logger
instanceKlass com/google/common/base/Ticker
instanceKlass com/google/common/base/Stopwatch
instanceKlass com/google/inject/internal/util/ContinuousStopwatch
instanceKlass com/google/inject/Injector
instanceKlass com/google/inject/internal/InternalInjectorCreator
instanceKlass com/google/inject/Guice
instanceKlass org/eclipse/sisu/wire/Wiring
instanceKlass org/eclipse/sisu/wire/WireModule$Strategy$1
instanceKlass org/eclipse/sisu/wire/WireModule$Strategy
instanceKlass org/eclipse/sisu/wire/AbstractTypeConverter
instanceKlass com/google/inject/spi/ElementVisitor
instanceKlass org/eclipse/sisu/wire/WireModule
instanceKlass org/eclipse/sisu/bean/BeanBinder
instanceKlass org/eclipse/sisu/plexus/PlexusBindingModule
instanceKlass org/codehaus/plexus/DefaultPlexusContainer$BootModule
instanceKlass org/codehaus/plexus/component/annotations/Configuration
instanceKlass org/eclipse/sisu/plexus/PlexusAnnotatedMetadata
instanceKlass org/eclipse/sisu/plexus/PlexusBeanMetadata
instanceKlass org/eclipse/sisu/plexus/PlexusAnnotatedBeanModule$PlexusAnnotatedBeanSource
instanceKlass org/eclipse/sisu/space/SpaceModule$2
instanceKlass org/eclipse/sisu/space/SpaceModule$Strategy$2
instanceKlass org/eclipse/sisu/space/SpaceModule$Strategy$1
instanceKlass org/eclipse/sisu/space/DefaultClassFinder
instanceKlass org/eclipse/sisu/space/asm/ClassVisitor
instanceKlass org/eclipse/sisu/space/SpaceScanner
instanceKlass org/eclipse/sisu/space/IndexedClassFinder
instanceKlass org/eclipse/sisu/space/ClassFinder
instanceKlass org/eclipse/sisu/space/SpaceModule
instanceKlass org/eclipse/sisu/space/SpaceVisitor
instanceKlass org/eclipse/sisu/plexus/PlexusTypeListener
instanceKlass org/eclipse/sisu/space/QualifiedTypeListener
instanceKlass org/eclipse/sisu/plexus/PlexusAnnotatedBeanModule$1
instanceKlass org/eclipse/sisu/space/SpaceModule$Strategy
instanceKlass org/eclipse/sisu/plexus/PlexusAnnotatedBeanModule
instanceKlass org/eclipse/sisu/plexus/PlexusBeanSource
instanceKlass org/eclipse/sisu/plexus/PlexusXmlBeanModule
instanceKlass org/eclipse/sisu/plexus/PlexusBeanModule
instanceKlass org/eclipse/sisu/space/URLClassSpace
instanceKlass org/codehaus/plexus/DefaultPlexusContainer$SLF4JLoggerFactoryProvider
instanceKlass com/google/inject/util/Providers$ConstantProvider
instanceKlass com/google/inject/util/Providers
instanceKlass org/codehaus/plexus/personality/plexus/lifecycle/phase/Disposable
instanceKlass org/codehaus/plexus/personality/plexus/lifecycle/phase/Startable
instanceKlass org/codehaus/plexus/personality/plexus/lifecycle/phase/Initializable
instanceKlass org/codehaus/plexus/personality/plexus/lifecycle/phase/Contextualizable
instanceKlass org/codehaus/plexus/logging/LogEnabled
instanceKlass org/eclipse/sisu/bean/PropertyBinding
instanceKlass javax/annotation/PreDestroy
instanceKlass javax/annotation/PostConstruct
instanceKlass org/eclipse/sisu/bean/LifecycleBuilder
instanceKlass org/eclipse/sisu/bean/BeanScheduler$1
instanceKlass com/google/inject/spi/DefaultBindingScopingVisitor
instanceKlass com/google/inject/spi/BindingScopingVisitor
instanceKlass org/eclipse/sisu/bean/BeanScheduler$CycleActivator
instanceKlass com/google/inject/PrivateBinder
instanceKlass com/google/inject/spi/ModuleAnnotatedMethodScanner
instanceKlass com/google/inject/binder/AnnotatedConstantBindingBuilder
instanceKlass com/google/inject/spi/Message
instanceKlass com/google/inject/spi/Element
instanceKlass org/aopalliance/intercept/MethodInterceptor
instanceKlass org/aopalliance/intercept/Interceptor
instanceKlass org/aopalliance/aop/Advice
instanceKlass com/google/inject/MembersInjector
instanceKlass com/google/inject/spi/TypeListener
instanceKlass com/google/inject/Scope
instanceKlass com/google/inject/spi/Dependency
instanceKlass com/google/inject/Key
instanceKlass com/google/inject/binder/AnnotatedBindingBuilder
instanceKlass com/google/inject/binder/LinkedBindingBuilder
instanceKlass com/google/inject/binder/ScopedBindingBuilder
instanceKlass com/google/inject/TypeLiteral
instanceKlass com/google/inject/spi/ProvisionListener
instanceKlass com/google/inject/Binder
instanceKlass org/eclipse/sisu/bean/BeanScheduler
instanceKlass org/eclipse/sisu/plexus/DefaultPlexusBeanLocator
instanceKlass org/eclipse/sisu/plexus/RealmManager
instanceKlass org/codehaus/plexus/context/ContextMapAdapter
instanceKlass org/codehaus/plexus/context/DefaultContext
instanceKlass org/codehaus/plexus/logging/AbstractLogger
instanceKlass org/codehaus/plexus/logging/AbstractLoggerManager
instanceKlass java/util/Date
instanceKlass java/text/DigitList
instanceKlass java/text/FieldPosition
instanceKlass sun/util/locale/provider/JRELocaleProviderAdapter$$Lambda$31
instanceKlass java/text/DecimalFormatSymbols
instanceKlass sun/util/locale/provider/JRELocaleProviderAdapter$$Lambda$30
instanceKlass sun/util/locale/provider/JRELocaleProviderAdapter$$Lambda$29
instanceKlass java/text/DateFormatSymbols
instanceKlass sun/util/calendar/CalendarUtils
instanceKlass sun/util/calendar/CalendarDate
instanceKlass sun/util/resources/Bundles$CacheKeyReference
instanceKlass java/util/ResourceBundle$ResourceBundleProviderHelper$$Lambda$28
instanceKlass java/util/ResourceBundle$ResourceBundleProviderHelper
instanceKlass sun/util/resources/Bundles$CacheKey
instanceKlass java/util/ResourceBundle$1
instanceKlass jdk/internal/misc/JavaUtilResourceBundleAccess
instanceKlass sun/util/resources/Bundles
instanceKlass sun/util/resources/LocaleData$LocaleDataStrategy
instanceKlass sun/util/resources/Bundles$Strategy
instanceKlass sun/util/resources/LocaleData$1
instanceKlass sun/util/cldr/CLDRLocaleProviderAdapter$$Lambda$27
instanceKlass sun/util/locale/provider/CalendarDataUtility$CalendarWeekParameterGetter
instanceKlass sun/util/locale/provider/LocaleServiceProviderPool$LocalizedObjectGetter
instanceKlass sun/util/locale/provider/LocaleServiceProviderPool
instanceKlass sun/util/locale/provider/CalendarDataUtility
instanceKlass sun/util/calendar/CalendarSystem$GregorianHolder
instanceKlass sun/util/calendar/CalendarSystem
instanceKlass java/util/Calendar$Builder
instanceKlass sun/util/locale/provider/AvailableLanguageTags
instanceKlass sun/util/locale/provider/JRELocaleProviderAdapter$$Lambda$26
instanceKlass java/util/ServiceLoader$ProviderImpl
instanceKlass java/util/ServiceLoader$Provider
instanceKlass java/util/ServiceLoader$1
instanceKlass sun/util/resources/cldr/provider/CLDRLocaleDataMetaInfo
instanceKlass jdk/internal/module/ModulePatcher$PatchedModuleReader
instanceKlass java/util/ServiceLoader$3
instanceKlass java/util/ServiceLoader$2
instanceKlass java/util/ServiceLoader$LazyClassPathLookupIterator
instanceKlass java/util/concurrent/CopyOnWriteArrayList$COWIterator
instanceKlass jdk/internal/loader/AbstractClassLoaderValue$Memoizer
instanceKlass java/util/ServiceLoader$ModuleServicesLookupIterator
instanceKlass java/util/ServiceLoader
instanceKlass sun/util/cldr/CLDRLocaleProviderAdapter$1
instanceKlass sun/util/locale/StringTokenIterator
instanceKlass sun/util/locale/ParseStatus
instanceKlass sun/util/cldr/CLDRBaseLocaleDataMetaInfo
instanceKlass sun/util/locale/provider/LocaleDataMetaInfo
instanceKlass sun/util/locale/provider/LocaleProviderAdapter$1
instanceKlass java/util/ResourceBundle
instanceKlass java/util/ResourceBundle$Control
instanceKlass sun/util/resources/LocaleData
instanceKlass sun/util/locale/provider/LocaleResources
instanceKlass sun/util/locale/LanguageTag
instanceKlass sun/util/locale/provider/ResourceBundleBasedAdapter
instanceKlass sun/util/locale/provider/LocaleProviderAdapter
instanceKlass java/util/spi/LocaleServiceProvider
instanceKlass sun/util/calendar/ZoneInfoFile$ZoneOffsetTransitionRule
instanceKlass sun/util/calendar/ZoneInfoFile$1
instanceKlass sun/util/calendar/ZoneInfoFile
instanceKlass java/util/TimeZone
instanceKlass java/util/Calendar
instanceKlass java/text/AttributedCharacterIterator$Attribute
instanceKlass com/google/inject/matcher/AbstractMatcher
instanceKlass com/google/inject/matcher/Matcher
instanceKlass com/google/inject/spi/TypeConverter
instanceKlass org/codehaus/plexus/DefaultPlexusContainer$LoggerProvider
instanceKlass org/codehaus/plexus/DefaultPlexusContainer$DefaultsModule
instanceKlass org/codehaus/plexus/DefaultPlexusContainer$ContainerModule
instanceKlass java/util/concurrent/locks/ReentrantReadWriteLock$WriteLock
instanceKlass java/util/concurrent/locks/ReentrantReadWriteLock$ReadLock
instanceKlass java/util/concurrent/locks/ReentrantReadWriteLock
instanceKlass java/util/concurrent/locks/ReadWriteLock
instanceKlass org/eclipse/sisu/inject/ImplicitBindings
instanceKlass org/eclipse/sisu/inject/MildValues$InverseMapping
instanceKlass org/eclipse/sisu/inject/MildValues
instanceKlass org/eclipse/sisu/inject/Weak
instanceKlass java/util/concurrent/atomic/AtomicReferenceFieldUpdater$AtomicReferenceFieldUpdaterImpl$1
instanceKlass java/util/concurrent/atomic/AtomicReferenceFieldUpdater
instanceKlass org/eclipse/sisu/inject/RankedSequence$Content
instanceKlass org/eclipse/sisu/inject/RankedSequence
instanceKlass org/eclipse/sisu/inject/BindingSubscriber
instanceKlass org/eclipse/sisu/inject/DefaultBeanLocator
instanceKlass org/eclipse/sisu/inject/DeferredClass
instanceKlass org/codehaus/plexus/DefaultPlexusContainer$LoggerManagerProvider
instanceKlass org/eclipse/sisu/inject/DeferredProvider
instanceKlass com/google/inject/Provider
instanceKlass com/google/inject/AbstractModule
instanceKlass org/codehaus/plexus/context/Context
instanceKlass org/eclipse/sisu/inject/BindingPublisher
instanceKlass org/eclipse/sisu/inject/RankingFunction
instanceKlass org/eclipse/sisu/space/ClassSpace
instanceKlass javax/inject/Provider
instanceKlass org/eclipse/sisu/bean/BeanManager
instanceKlass org/eclipse/sisu/plexus/PlexusBeanLocator
instanceKlass org/codehaus/plexus/classworlds/ClassWorldListener
instanceKlass com/google/inject/Module
instanceKlass org/eclipse/sisu/inject/MutableBeanLocator
instanceKlass org/eclipse/sisu/inject/BeanLocator
instanceKlass org/codehaus/plexus/DefaultPlexusContainer
instanceKlass org/codehaus/plexus/MutablePlexusContainer
instanceKlass java/util/stream/ReduceOps$Box
instanceKlass java/util/stream/ReduceOps$AccumulatingSink
instanceKlass java/util/stream/TerminalSink
instanceKlass java/util/stream/Sink
instanceKlass java/util/stream/ReduceOps$ReduceOp
instanceKlass java/util/stream/TerminalOp
instanceKlass java/util/stream/ReduceOps
instanceKlass java/util/function/Function$$Lambda$25
instanceKlass java/lang/invoke/LambdaForm$DMH
instanceKlass org/apache/maven/extension/internal/CoreExports$$Lambda$24
instanceKlass java/util/stream/Collectors$$Lambda$23
instanceKlass java/util/stream/Collectors$$Lambda$22
instanceKlass java/util/function/BinaryOperator
instanceKlass java/util/stream/Collectors$$Lambda$21
instanceKlass java/lang/invoke/LambdaForm$DMH
instanceKlass java/util/stream/Collectors$$Lambda$20
instanceKlass java/util/stream/Collectors$CollectorImpl
instanceKlass java/util/stream/Collector
instanceKlass java/util/stream/Collectors
instanceKlass org/apache/maven/extension/internal/CoreExports$$Lambda$19
instanceKlass sun/invoke/util/VerifyAccess$1
instanceKlass java/util/function/Function$$Lambda$18
instanceKlass sun/reflect/annotation/AnnotationParser
instanceKlass java/lang/Class$3
instanceKlass java/util/EnumMap$1
instanceKlass java/util/stream/StreamOpFlag$MaskBuilder
instanceKlass java/util/stream/PipelineHelper
instanceKlass java/util/stream/Stream
instanceKlass java/util/stream/BaseStream
instanceKlass java/util/stream/StreamSupport
instanceKlass java/util/HashMap$HashMapSpliterator
instanceKlass java/util/Spliterator
instanceKlass org/apache/maven/extension/internal/CoreExports
instanceKlass org/codehaus/plexus/DefaultContainerConfiguration
instanceKlass org/codehaus/plexus/ContainerConfiguration
instanceKlass org/codehaus/plexus/util/BaseIOUtil
instanceKlass org/codehaus/plexus/util/xml/XMLWriter
instanceKlass org/codehaus/plexus/util/xml/Xpp3Dom
instanceKlass org/codehaus/plexus/util/xml/pull/MXParser
instanceKlass org/codehaus/plexus/util/xml/pull/XmlPullParser
instanceKlass org/codehaus/plexus/util/xml/Xpp3DomBuilder
instanceKlass java/util/regex/ASCII
instanceKlass java/util/Locale$1
instanceKlass java/util/regex/CharPredicates$$Lambda$17
instanceKlass java/util/regex/Pattern$$Lambda$16
instanceKlass java/util/regex/Pattern$$Lambda$15
instanceKlass org/codehaus/plexus/util/ReaderFactory
instanceKlass org/apache/maven/project/ExtensionDescriptor
instanceKlass org/apache/maven/project/ExtensionDescriptorBuilder
instanceKlass org/apache/maven/extension/internal/CoreExtensionEntry
instanceKlass org/apache/maven/cli/ResolveFile
instanceKlass java/util/StringTokenizer
instanceKlass org/codehaus/plexus/logging/Logger
instanceKlass org/apache/maven/cli/logging/Slf4jLoggerManager
instanceKlass org/slf4j/impl/MavenSlf4jSimpleFriend
instanceKlass org/slf4j/MavenSlf4jFriend
instanceKlass org/apache/commons/cli/CommandLine$$Lambda$14
instanceKlass org/apache/maven/cli/logging/BaseSlf4jConfiguration
instanceKlass org/codehaus/plexus/util/PropertyUtils
instanceKlass org/apache/maven/cli/logging/Slf4jConfiguration
instanceKlass org/apache/maven/cli/logging/Slf4jConfigurationFactory
instanceKlass java/lang/invoke/VarHandle$AccessDescriptor
instanceKlass org/slf4j/impl/OutputChoice
instanceKlass sun/net/DefaultProgressMeteringPolicy
instanceKlass sun/net/ProgressMeteringPolicy
instanceKlass sun/net/ProgressMonitor
instanceKlass org/slf4j/impl/SimpleLoggerConfiguration$1
instanceKlass java/text/Format
instanceKlass org/slf4j/impl/SimpleLoggerConfiguration
instanceKlass org/slf4j/helpers/NamedLoggerBase
instanceKlass org/slf4j/impl/SimpleLoggerFactory
instanceKlass org/slf4j/impl/StaticLoggerBinder
instanceKlass org/slf4j/spi/LoggerFactoryBinder
instanceKlass java/util/Collections$3
instanceKlass java/net/URLClassLoader$3$1
instanceKlass java/net/URLClassLoader$3
instanceKlass jdk/internal/loader/URLClassPath$1
instanceKlass java/lang/CompoundEnumeration
instanceKlass jdk/internal/loader/BuiltinClassLoader$1
instanceKlass java/util/Collections$EmptyEnumeration
instanceKlass org/slf4j/helpers/Util
instanceKlass org/slf4j/helpers/NOPLoggerFactory
instanceKlass java/util/concurrent/LinkedBlockingQueue$Node
instanceKlass java/util/concurrent/locks/AbstractQueuedSynchronizer$ConditionObject
instanceKlass java/util/concurrent/locks/Condition
instanceKlass java/util/concurrent/locks/AbstractQueuedSynchronizer$Node
instanceKlass java/util/concurrent/BlockingQueue
instanceKlass org/slf4j/helpers/SubstituteLoggerFactory
instanceKlass org/slf4j/ILoggerFactory
instanceKlass org/slf4j/event/LoggingEvent
instanceKlass org/slf4j/LoggerFactory
instanceKlass java/util/LinkedList$ListItr
instanceKlass org/codehaus/plexus/util/StringUtils
instanceKlass org/apache/maven/cli/CLIReportingUtils
instanceKlass org/apache/maven/cli/MavenCli$$Lambda$13
instanceKlass java/util/function/BiConsumer
instanceKlass org/codehaus/plexus/interpolation/SimpleRecursionInterceptor
instanceKlass org/codehaus/plexus/interpolation/AbstractValueSource
instanceKlass org/codehaus/plexus/interpolation/RecursionInterceptor
instanceKlass org/codehaus/plexus/interpolation/StringSearchInterpolator
instanceKlass org/codehaus/plexus/interpolation/Interpolator
instanceKlass org/codehaus/plexus/interpolation/BasicInterpolator
instanceKlass org/apache/maven/properties/internal/SystemProperties
instanceKlass java/util/Collections$UnmodifiableMap$UnmodifiableEntrySet$UnmodifiableEntry
instanceKlass java/util/Collections$UnmodifiableMap$UnmodifiableEntrySet$1
instanceKlass org/codehaus/plexus/util/Os
instanceKlass org/apache/maven/properties/internal/EnvironmentUtils
instanceKlass java/util/LinkedList$Node
instanceKlass java/util/AbstractList$Itr
instanceKlass org/apache/commons/cli/DefaultParser
instanceKlass org/apache/commons/cli/Util
instanceKlass org/apache/commons/cli/CommandLine$Builder$$Lambda$12
instanceKlass java/util/function/Consumer
instanceKlass java/lang/invoke/LambdaForm$DMH
instanceKlass org/apache/commons/cli/CommandLine$Builder
instanceKlass org/apache/commons/cli/CommandLine
instanceKlass java/util/LinkedHashMap$LinkedHashIterator
instanceKlass org/apache/commons/cli/Parser
instanceKlass org/apache/maven/cli/CleanArgument
instanceKlass org/apache/commons/cli/OptionValidator
instanceKlass org/apache/commons/cli/Option$Builder
instanceKlass org/apache/commons/cli/Option
instanceKlass org/apache/commons/cli/Options
instanceKlass org/apache/commons/cli/CommandLineParser
instanceKlass org/apache/maven/cli/CLIManager
instanceKlass org/apache/maven/cli/logging/Slf4jStdoutLogger
instanceKlass java/util/IdentityHashMap$IdentityHashMapIterator
instanceKlass sun/nio/fs/WindowsLinkSupport
instanceKlass java/util/regex/IntHashSet
instanceKlass java/util/regex/Matcher
instanceKlass java/util/regex/MatchResult
instanceKlass sun/nio/fs/WindowsPath$1
instanceKlass org/eclipse/aether/DefaultRepositoryCache
instanceKlass org/apache/maven/project/ProjectBuildingRequest
instanceKlass org/eclipse/aether/RepositoryCache
instanceKlass org/apache/maven/execution/DefaultMavenExecutionRequest
instanceKlass org/apache/maven/execution/MavenExecutionRequest
instanceKlass sun/net/www/protocol/jar/URLJarFileCallBack
instanceKlass java/lang/Shutdown$Lock
instanceKlass java/lang/Shutdown
instanceKlass sun/net/www/protocol/jar/JarFileFactory
instanceKlass sun/net/www/protocol/jar/URLJarFile$URLJarFileCloseController
instanceKlass java/lang/ApplicationShutdownHooks$1
instanceKlass java/lang/ApplicationShutdownHooks
instanceKlass java/net/URLClassLoader$2
instanceKlass jdk/internal/jimage/ImageLocation
instanceKlass jdk/internal/jimage/decompressor/Decompressor
instanceKlass jdk/internal/jimage/ImageStringsReader
instanceKlass jdk/internal/jimage/ImageStrings
instanceKlass org/fusesource/jansi/io/AnsiOutputStream$ZeroWidthSupplier
instanceKlass jdk/internal/jimage/ImageHeader
instanceKlass java/lang/ClassLoader$NativeLibrary$Unloader
instanceKlass jdk/internal/jimage/NativeImageBuffer$1
instanceKlass jdk/internal/jimage/NativeImageBuffer
instanceKlass jdk/internal/jimage/BasicImageReader$1
instanceKlass jdk/internal/jimage/BasicImageReader
instanceKlass jdk/internal/jimage/ImageReader
instanceKlass jdk/internal/jimage/ImageReaderFactory$1
instanceKlass jdk/internal/jimage/ImageReaderFactory
instanceKlass jdk/internal/module/SystemModuleFinders$SystemImage
instanceKlass jdk/internal/module/SystemModuleFinders$SystemModuleReader
instanceKlass java/lang/module/ModuleReader
instanceKlass jdk/internal/loader/BuiltinClassLoader$5
instanceKlass jdk/internal/loader/BuiltinClassLoader$2
instanceKlass jdk/internal/module/Resources
instanceKlass org/fusesource/jansi/internal/JansiLoader$1
instanceKlass org/fusesource/jansi/internal/OSInfo
instanceKlass org/fusesource/jansi/internal/JansiLoader$$Lambda$11
instanceKlass org/fusesource/jansi/internal/JansiLoader
instanceKlass org/fusesource/jansi/internal/CLibrary
instanceKlass java/util/TreeMap$Entry
instanceKlass java/lang/ProcessEnvironment$CheckedEntry
instanceKlass java/lang/ProcessEnvironment$CheckedEntrySet$1
instanceKlass java/lang/ProcessEnvironment$EntryComparator
instanceKlass java/lang/ProcessEnvironment$NameComparator
instanceKlass org/fusesource/jansi/io/AnsiProcessor
instanceKlass org/fusesource/jansi/io/AnsiOutputStream$WidthSupplier
instanceKlass org/fusesource/jansi/AnsiConsole
instanceKlass org/fusesource/jansi/Ansi$$Lambda$10
instanceKlass java/util/concurrent/Callable
instanceKlass org/fusesource/jansi/Ansi
instanceKlass org/apache/maven/shared/utils/logging/LoggerLevelRenderer
instanceKlass org/apache/maven/shared/utils/logging/MessageBuilder
instanceKlass org/apache/maven/shared/utils/logging/MessageUtils
instanceKlass java/util/regex/Pattern$$Lambda$9
instanceKlass java/util/regex/Pattern$$Lambda$8
instanceKlass java/util/regex/Pattern$$Lambda$7
instanceKlass java/util/regex/CharPredicates$$Lambda$6
instanceKlass java/util/regex/CharPredicates
instanceKlass java/util/regex/Pattern$$Lambda$5
instanceKlass java/util/regex/Pattern$BitClass$$Lambda$4
instanceKlass java/util/regex/Pattern$TreeInfo
instanceKlass java/util/regex/Pattern$$Lambda$3
instanceKlass java/util/regex/Pattern$BmpCharPredicate
instanceKlass java/util/regex/Pattern$CharPredicate
instanceKlass java/util/regex/Pattern$Node
instanceKlass java/util/regex/Pattern
instanceKlass org/apache/maven/cli/CliRequest
instanceKlass org/apache/maven/execution/ExecutionListener
instanceKlass org/eclipse/aether/transfer/TransferListener
instanceKlass org/apache/maven/toolchain/building/ToolchainsBuildingRequest
instanceKlass org/apache/maven/building/Source
instanceKlass org/slf4j/Logger
instanceKlass org/apache/maven/eventspy/EventSpy$Context
instanceKlass org/codehaus/plexus/PlexusContainer
instanceKlass org/codehaus/plexus/logging/LoggerManager
instanceKlass org/codehaus/plexus/interpolation/ValueSource
instanceKlass org/apache/maven/exception/ExceptionHandler
instanceKlass org/apache/maven/cli/MavenCli
instanceKlass java/io/FilePermissionCollection$1
instanceKlass java/io/FileInputStream$1
instanceKlass java/util/Properties$LineReader
instanceKlass java/security/Security$1
instanceKlass java/security/Security
instanceKlass sun/security/util/SecurityProperties
instanceKlass sun/security/util/FilePermCompat
instanceKlass java/io/FilePermission$1
instanceKlass jdk/internal/misc/JavaIOFilePermissionAccess
instanceKlass sun/net/www/MessageHeader
instanceKlass java/net/URLConnection
instanceKlass java/net/URLClassLoader$1
instanceKlass java/util/TreeMap$PrivateEntryIterator
instanceKlass java/util/TimSort
instanceKlass java/util/Arrays$LegacyMergeSort
instanceKlass java/lang/invoke/LambdaForm$MH
instanceKlass java/lang/invoke/LambdaFormBuffer
instanceKlass java/lang/invoke/LambdaFormEditor
instanceKlass java/lang/invoke/DelegatingMethodHandle$Holder
instanceKlass sun/invoke/util/Wrapper$1
instanceKlass java/lang/invoke/DirectMethodHandle$1
instanceKlass java/lang/invoke/ClassSpecializer$Factory
instanceKlass java/lang/invoke/ClassSpecializer$SpeciesData
instanceKlass java/lang/invoke/ClassSpecializer$1
instanceKlass java/lang/invoke/ClassSpecializer
instanceKlass java/lang/invoke/InnerClassLambdaMetafactory$1
instanceKlass org/codehaus/plexus/classworlds/launcher/Configurator$$Lambda$2
instanceKlass org/codehaus/plexus/classworlds/launcher/ConfigurationParser$$Lambda$1
instanceKlass jdk/internal/org/objectweb/asm/FieldVisitor
instanceKlass java/lang/invoke/InfoFromMemberName
instanceKlass java/lang/invoke/MethodHandleInfo
instanceKlass sun/security/action/GetBooleanAction
instanceKlass java/lang/invoke/AbstractValidatingLambdaMetafactory
instanceKlass java/lang/invoke/MethodHandleImpl$1
instanceKlass jdk/internal/misc/JavaLangInvokeAccess
instanceKlass java/lang/invoke/Invokers$Holder
instanceKlass java/lang/invoke/BootstrapMethodInvoker
instanceKlass java/io/FilenameFilter
instanceKlass java/lang/invoke/LambdaForm$DMH
instanceKlass sun/reflect/misc/ReflectUtil
instanceKlass sun/invoke/empty/Empty
instanceKlass sun/invoke/util/VerifyType
instanceKlass java/lang/invoke/InvokerBytecodeGenerator$CpPatch
instanceKlass jdk/internal/org/objectweb/asm/AnnotationVisitor
instanceKlass jdk/internal/org/objectweb/asm/Frame
instanceKlass jdk/internal/org/objectweb/asm/Label
instanceKlass jdk/internal/org/objectweb/asm/Type
instanceKlass jdk/internal/org/objectweb/asm/MethodVisitor
instanceKlass sun/invoke/util/BytecodeDescriptor
instanceKlass jdk/internal/org/objectweb/asm/Item
instanceKlass jdk/internal/org/objectweb/asm/ByteVector
instanceKlass jdk/internal/org/objectweb/asm/ClassVisitor
instanceKlass java/lang/invoke/InvokerBytecodeGenerator$2
instanceKlass java/lang/invoke/InvokerBytecodeGenerator
instanceKlass java/lang/invoke/LambdaForm$Holder
instanceKlass java/lang/invoke/LambdaForm$Name
instanceKlass java/lang/invoke/Invokers
instanceKlass java/lang/invoke/MethodHandleImpl
instanceKlass sun/invoke/util/ValueConversions
instanceKlass java/lang/invoke/DirectMethodHandle$Holder
instanceKlass java/lang/invoke/LambdaForm$NamedFunction
instanceKlass java/lang/invoke/LambdaMetafactory
instanceKlass org/codehaus/plexus/classworlds/strategy/AbstractStrategy
instanceKlass org/codehaus/plexus/classworlds/strategy/Strategy
instanceKlass org/codehaus/plexus/classworlds/strategy/StrategyFactory
instanceKlass java/util/NavigableMap
instanceKlass java/util/SortedMap
instanceKlass java/util/NavigableSet
instanceKlass java/net/URLClassLoader$7
instanceKlass jdk/internal/misc/JavaNetURLClassLoaderAccess
instanceKlass java/util/SortedSet
instanceKlass sun/nio/ch/IOStatus
instanceKlass java/nio/DirectByteBuffer$Deallocator
instanceKlass sun/nio/ch/Util$BufferCache
instanceKlass sun/nio/ch/Util
instanceKlass sun/nio/ch/NativeThread
instanceKlass java/io/Reader
instanceKlass org/codehaus/plexus/classworlds/launcher/ConfigurationParser
instanceKlass org/codehaus/plexus/classworlds/launcher/Configurator
instanceKlass org/codehaus/plexus/classworlds/launcher/ConfigurationHandler
instanceKlass java/nio/channels/Channels
instanceKlass sun/nio/ch/FileChannelImpl$Closer
instanceKlass sun/nio/ch/NativeDispatcher
instanceKlass sun/nio/ch/NativeThreadSet
instanceKlass sun/nio/ch/IOUtil$1
instanceKlass sun/nio/ch/IOUtil
instanceKlass java/nio/channels/spi/AbstractInterruptibleChannel
instanceKlass java/nio/channels/InterruptibleChannel
instanceKlass java/nio/channels/ScatteringByteChannel
instanceKlass java/nio/channels/GatheringByteChannel
instanceKlass java/nio/channels/SeekableByteChannel
instanceKlass java/nio/channels/ByteChannel
instanceKlass java/nio/channels/WritableByteChannel
instanceKlass java/nio/channels/ReadableByteChannel
instanceKlass java/nio/channels/Channel
instanceKlass java/util/Collections$EmptyIterator
instanceKlass sun/nio/fs/WindowsChannelFactory$Flags
instanceKlass sun/nio/fs/WindowsChannelFactory$1
instanceKlass sun/nio/fs/WindowsChannelFactory
instanceKlass sun/nio/fs/WindowsSecurityDescriptor
instanceKlass java/nio/file/attribute/FileAttribute
instanceKlass java/net/URI$Parser
instanceKlass java/nio/file/FileSystems$DefaultFileSystemHolder$1
instanceKlass java/nio/file/FileSystems$DefaultFileSystemHolder
instanceKlass java/nio/file/FileSystems
instanceKlass java/nio/file/Paths
instanceKlass java/lang/PublicMethods$Key
instanceKlass java/lang/PublicMethods$MethodList
instanceKlass org/codehaus/plexus/classworlds/ClassWorld
instanceKlass org/codehaus/plexus/classworlds/launcher/Launcher
instanceKlass java/security/SecureClassLoader$DebugHolder
instanceKlass java/security/Permissions$1
instanceKlass java/security/PermissionCollection
instanceKlass java/security/SecureClassLoader$1
instanceKlass java/security/SecureClassLoader$CodeSourceKey
instanceKlass java/util/zip/Checksum$1
instanceKlass java/util/zip/CRC32
instanceKlass java/util/zip/Checksum
instanceKlass sun/nio/ByteBuffered
instanceKlass java/lang/Package$VersionInfo
instanceKlass java/lang/NamedPackage
instanceKlass java/util/jar/Attributes$Name
instanceKlass java/util/jar/Attributes
instanceKlass jdk/internal/loader/Resource
instanceKlass sun/security/action/GetIntegerAction
instanceKlass sun/security/util/Debug
instanceKlass sun/security/util/SignatureFileVerifier
instanceKlass java/util/zip/ZipFile$InflaterCleanupAction
instanceKlass java/util/zip/Inflater$InflaterZStreamRef
instanceKlass java/util/zip/Inflater
instanceKlass java/util/zip/ZipEntry
instanceKlass java/util/jar/JarFile$1
instanceKlass jdk/internal/util/jar/JarIndex
instanceKlass java/nio/Bits$1
instanceKlass jdk/internal/misc/JavaNioAccess$BufferPool
instanceKlass java/nio/Bits
instanceKlass sun/nio/ch/DirectBuffer
instanceKlass jdk/internal/perf/PerfCounter$CoreCounters
instanceKlass jdk/internal/perf/Perf
instanceKlass jdk/internal/perf/Perf$GetPerfAction
instanceKlass jdk/internal/perf/PerfCounter
instanceKlass java/util/zip/ZipUtils
instanceKlass java/util/zip/ZipFile$Source$End
instanceKlass sun/invoke/util/Wrapper$Format
instanceKlass java/lang/invoke/MethodTypeForm
instanceKlass java/lang/invoke/MethodType$ConcurrentWeakInternSet
instanceKlass java/lang/Void
instanceKlass java/lang/invoke/VarForm
instanceKlass java/lang/invoke/VarHandleGuards
instanceKlass jdk/internal/util/Preconditions$1
instanceKlass java/util/function/BiFunction
instanceKlass java/lang/invoke/VarHandle$1
instanceKlass java/lang/invoke/VarHandles
instanceKlass sun/invoke/util/VerifyAccess
instanceKlass java/lang/invoke/MethodHandles$Lookup
instanceKlass java/security/Permission
instanceKlass java/security/Guard
instanceKlass java/lang/invoke/MemberName$Factory
instanceKlass java/lang/invoke/MethodHandles
instanceKlass java/util/concurrent/atomic/AtomicBoolean
instanceKlass java/io/RandomAccessFile$2
instanceKlass jdk/internal/misc/JavaIORandomAccessFileAccess
instanceKlass java/io/RandomAccessFile
instanceKlass java/io/DataInput
instanceKlass java/io/DataOutput
instanceKlass java/nio/file/attribute/FileTime
instanceKlass sun/nio/fs/WindowsNativeDispatcher$CompletionStatus
instanceKlass sun/nio/fs/WindowsNativeDispatcher$AclInformation
instanceKlass sun/nio/fs/WindowsNativeDispatcher$Account
instanceKlass sun/nio/fs/WindowsNativeDispatcher$DiskFreeSpace
instanceKlass sun/nio/fs/WindowsNativeDispatcher$VolumeInformation
instanceKlass sun/nio/fs/WindowsNativeDispatcher$FirstStream
instanceKlass sun/nio/fs/WindowsNativeDispatcher$FirstFile
instanceKlass java/util/Enumeration
instanceKlass java/util/ArrayDeque$DeqIterator
instanceKlass java/lang/ClassLoaderHelper
instanceKlass java/lang/ClassLoader$NativeLibrary
instanceKlass java/lang/ClassLoader$2
instanceKlass java/lang/StringCoding$StringEncoder
instanceKlass sun/nio/fs/WindowsNativeDispatcher$1
instanceKlass sun/nio/fs/WindowsNativeDispatcher
instanceKlass sun/nio/fs/NativeBuffer$Deallocator
instanceKlass sun/nio/fs/NativeBuffer
instanceKlass sun/nio/fs/NativeBuffers
instanceKlass sun/nio/fs/WindowsFileAttributes
instanceKlass java/nio/file/attribute/DosFileAttributes
instanceKlass sun/nio/fs/AbstractBasicFileAttributeView
instanceKlass sun/nio/fs/DynamicFileAttributeView
instanceKlass sun/nio/fs/WindowsFileAttributeViews
instanceKlass sun/nio/fs/Util
instanceKlass java/nio/file/attribute/BasicFileAttributeView
instanceKlass java/nio/file/attribute/FileAttributeView
instanceKlass java/nio/file/attribute/AttributeView
instanceKlass java/nio/file/Files
instanceKlass java/nio/file/CopyOption
instanceKlass java/nio/file/attribute/BasicFileAttributes
instanceKlass sun/nio/fs/WindowsPath
instanceKlass java/nio/file/Path
instanceKlass java/nio/file/Watchable
instanceKlass java/util/zip/ZipFile$Source$Key
instanceKlass sun/nio/fs/WindowsPathParser$Result
instanceKlass sun/nio/fs/WindowsPathParser
instanceKlass java/util/Arrays$ArrayItr
instanceKlass java/nio/file/FileSystem
instanceKlass java/nio/file/OpenOption
instanceKlass java/nio/file/spi/FileSystemProvider
instanceKlass sun/nio/fs/DefaultFileSystemProvider
instanceKlass java/util/zip/ZipFile$Source
instanceKlass java/lang/ref/Cleaner$Cleanable
instanceKlass jdk/internal/ref/CleanerImpl
instanceKlass java/lang/ref/Cleaner$1
instanceKlass java/lang/ref/Cleaner
instanceKlass jdk/internal/ref/CleanerFactory$1
instanceKlass java/util/concurrent/ThreadFactory
instanceKlass jdk/internal/ref/CleanerFactory
instanceKlass java/util/zip/ZipFile$CleanableResource
instanceKlass java/util/zip/ZipCoder
instanceKlass java/lang/Runtime$Version
instanceKlass java/util/jar/JavaUtilJarAccessImpl
instanceKlass jdk/internal/misc/JavaUtilJarAccess
instanceKlass java/nio/charset/CoderResult
instanceKlass sun/nio/cs/ThreadLocalCoders$Cache
instanceKlass sun/nio/cs/ThreadLocalCoders
instanceKlass java/lang/Readable
instanceKlass jdk/internal/loader/FileURLMapper
instanceKlass jdk/internal/loader/URLClassPath$JarLoader$1
instanceKlass java/util/zip/ZipFile$1
instanceKlass jdk/internal/misc/JavaUtilZipFileAccess
instanceKlass java/util/zip/ZipFile
instanceKlass java/util/zip/ZipConstants
instanceKlass jdk/internal/loader/URLClassPath$Loader
instanceKlass jdk/internal/loader/URLClassPath$3
instanceKlass java/security/PrivilegedExceptionAction
instanceKlass sun/util/locale/InternalLocaleBuilder$CaseInsensitiveChar
instanceKlass sun/util/locale/InternalLocaleBuilder
instanceKlass sun/util/locale/LocaleUtils
instanceKlass sun/util/locale/BaseLocale$Key
instanceKlass sun/util/locale/BaseLocale
instanceKlass sun/util/locale/LocaleObjectCache
instanceKlass java/util/Locale
instanceKlass sun/net/util/URLUtil
instanceKlass sun/launcher/LauncherHelper
instanceKlass jdk/internal/module/IllegalAccessLogger
instanceKlass jdk/internal/module/ModuleBootstrap$2
instanceKlass jdk/internal/module/IllegalAccessLogger$Builder
instanceKlass java/lang/ModuleLayer$Controller
instanceKlass java/util/HashMap$HashIterator
instanceKlass jdk/internal/module/ServicesCatalog$ServiceProvider
instanceKlass java/util/concurrent/CopyOnWriteArrayList
instanceKlass java/util/Collections$UnmodifiableCollection$1
instanceKlass java/util/Collections$UnmodifiableCollection
instanceKlass java/util/ArrayList$Itr
instanceKlass java/util/ImmutableCollections$ListItr
instanceKlass java/util/ListIterator
instanceKlass java/lang/ModuleLayer
instanceKlass jdk/internal/module/ModuleLoaderMap$Mapper
instanceKlass java/util/function/Function
instanceKlass jdk/internal/module/ModuleLoaderMap
instanceKlass java/util/ImmutableCollections$Set12$1
instanceKlass java/util/ImmutableCollections$MapN$MapNIterator
instanceKlass java/util/AbstractMap$1$1
instanceKlass java/lang/module/ResolvedModule
instanceKlass java/lang/module/Configuration
instanceKlass java/util/ImmutableCollections$SetN$SetNIterator
instanceKlass jdk/internal/loader/BuiltinClassLoader$LoadedModule
instanceKlass jdk/internal/util/Preconditions
instanceKlass java/util/Deque
instanceKlass java/util/Queue
instanceKlass sun/net/util/IPAddressUtil
instanceKlass java/net/URLStreamHandler
instanceKlass sun/net/www/ParseUtil
instanceKlass java/io/ExpiringCache$Entry
instanceKlass java/net/URL$3
instanceKlass jdk/internal/misc/JavaNetURLAccess
instanceKlass java/net/URL$DefaultFactory
instanceKlass java/net/URLStreamHandlerFactory
instanceKlass jdk/internal/loader/URLClassPath
instanceKlass java/security/Principal
instanceKlass java/security/ProtectionDomain$Key
instanceKlass java/security/ProtectionDomain$JavaSecurityAccessImpl
instanceKlass jdk/internal/misc/JavaSecurityAccess
instanceKlass java/lang/ClassLoader$ParallelLoaders
instanceKlass jdk/internal/loader/AbstractClassLoaderValue
instanceKlass jdk/internal/module/ServicesCatalog
instanceKlass jdk/internal/loader/BootLoader
instanceKlass java/util/Optional
instanceKlass jdk/internal/module/ModuleBootstrap$Counters
instanceKlass jdk/internal/module/SystemModuleFinders$SystemModuleFinder
instanceKlass java/lang/module/ModuleFinder
instanceKlass jdk/internal/module/SystemModuleFinders$3
instanceKlass jdk/internal/module/ModuleHashes$HashSupplier
instanceKlass java/util/KeyValueHolder
instanceKlass jdk/internal/module/SystemModuleFinders$2
instanceKlass java/util/function/Supplier
instanceKlass java/lang/module/ModuleReference
instanceKlass jdk/internal/module/ModuleResolution
instanceKlass java/util/Collections$UnmodifiableMap
instanceKlass jdk/internal/module/ModuleHashes$Builder
instanceKlass jdk/internal/module/ModuleHashes
instanceKlass jdk/internal/module/ModuleTarget
instanceKlass java/lang/Enum
instanceKlass java/lang/module/ModuleDescriptor$Version
instanceKlass java/lang/module/ModuleDescriptor$Provides
instanceKlass java/lang/module/ModuleDescriptor$Opens
instanceKlass java/lang/module/ModuleDescriptor$Exports
instanceKlass java/lang/module/ModuleDescriptor$Requires
instanceKlass jdk/internal/module/Builder
instanceKlass jdk/internal/module/SystemModules$default
instanceKlass jdk/internal/module/SystemModules
instanceKlass jdk/internal/module/SystemModulesMap
instanceKlass java/net/URI$1
instanceKlass jdk/internal/misc/JavaNetUriAccess
instanceKlass java/net/URI
instanceKlass jdk/internal/module/SystemModuleFinders
instanceKlass jdk/internal/module/ArchivedModuleGraph
instanceKlass jdk/internal/module/ModulePatcher
instanceKlass java/util/ImmutableCollections
instanceKlass java/lang/module/ModuleDescriptor$1
instanceKlass jdk/internal/misc/JavaLangModuleAccess
instanceKlass java/lang/module/ModuleDescriptor
instanceKlass jdk/internal/module/ModuleBootstrap
instanceKlass java/lang/CharacterData
instanceKlass java/lang/invoke/MethodHandleStatics
instanceKlass java/io/ExpiringCache
instanceKlass java/io/FileSystem
instanceKlass java/io/DefaultFileSystem
instanceKlass java/io/File
instanceKlass java/lang/System$2
instanceKlass jdk/internal/misc/JavaLangAccess
instanceKlass sun/io/Win32ErrorMode
instanceKlass jdk/internal/misc/OSEnvironment
instanceKlass java/lang/Integer$IntegerCache
instanceKlass jdk/internal/misc/Signal$NativeHandler
instanceKlass java/util/Hashtable$Entry
instanceKlass jdk/internal/misc/Signal
instanceKlass java/lang/Terminator$1
instanceKlass jdk/internal/misc/Signal$Handler
instanceKlass java/lang/Terminator
instanceKlass java/nio/ByteOrder
instanceKlass java/nio/Buffer$1
instanceKlass jdk/internal/misc/JavaNioAccess
instanceKlass java/nio/charset/CharsetEncoder
instanceKlass sun/nio/cs/ArrayEncoder
instanceKlass sun/security/action/GetPropertyAction
instanceKlass java/io/Writer
instanceKlass java/io/OutputStream
instanceKlass java/io/Flushable
instanceKlass java/io/FileDescriptor$1
instanceKlass jdk/internal/misc/JavaIOFileDescriptorAccess
instanceKlass java/io/FileDescriptor
instanceKlass java/lang/VersionProps
instanceKlass jdk/internal/util/StaticProperty
instanceKlass java/util/concurrent/ConcurrentHashMap$MapEntry
instanceKlass java/util/concurrent/ConcurrentHashMap$Traverser
instanceKlass java/lang/reflect/Array
instanceKlass java/util/Collections$SynchronizedCollection
instanceKlass java/util/List
instanceKlass java/util/RandomAccess
instanceKlass java/util/Collections
instanceKlass java/util/concurrent/ConcurrentHashMap$CollectionView
instanceKlass java/util/Properties$EntrySet
instanceKlass java/lang/StringCoding$Result
instanceKlass java/nio/charset/CodingErrorAction
instanceKlass java/nio/charset/CharsetDecoder
instanceKlass sun/nio/cs/ArrayDecoder
instanceKlass java/lang/StringCoding$StringDecoder
instanceKlass java/lang/ThreadLocal$ThreadLocalMap
instanceKlass java/lang/StringCoding
instanceKlass java/util/HashMap$Node
instanceKlass jdk/internal/reflect/Reflection
instanceKlass java/lang/Class$1
instanceKlass java/lang/reflect/ReflectAccess
instanceKlass jdk/internal/reflect/LangReflectAccess
instanceKlass java/lang/reflect/Modifier
instanceKlass java/lang/Class$Atomic
instanceKlass java/lang/Class$ReflectionData
instanceKlass sun/nio/cs/SingleByte
instanceKlass java/lang/StringUTF16
instanceKlass java/nio/charset/StandardCharsets
instanceKlass sun/nio/cs/HistoricallyNamedCharset
instanceKlass java/lang/Math
instanceKlass java/util/Arrays
instanceKlass java/lang/ThreadLocal
instanceKlass java/nio/charset/spi/CharsetProvider
instanceKlass java/nio/charset/Charset
instanceKlass java/lang/StringLatin1
instanceKlass jdk/internal/misc/VM
instanceKlass jdk/internal/misc/SharedSecrets
instanceKlass java/lang/ref/Reference$1
instanceKlass jdk/internal/misc/JavaLangRefAccess
instanceKlass java/lang/ref/ReferenceQueue$Lock
instanceKlass java/lang/ref/ReferenceQueue
instanceKlass jdk/internal/reflect/ReflectionFactory
instanceKlass java/util/concurrent/locks/LockSupport
instanceKlass java/util/concurrent/ConcurrentHashMap$Node
instanceKlass java/util/Map$Entry
instanceKlass java/util/concurrent/ConcurrentHashMap$CounterCell
instanceKlass java/util/concurrent/locks/ReentrantLock
instanceKlass java/util/concurrent/locks/Lock
instanceKlass java/lang/Runtime
instanceKlass java/util/concurrent/ConcurrentMap
instanceKlass java/util/AbstractMap
instanceKlass java/security/cert/Certificate
instanceKlass jdk/internal/reflect/ReflectionFactory$GetReflectionFactoryAction
instanceKlass java/security/PrivilegedAction
instanceKlass java/util/Objects
instanceKlass java/util/AbstractCollection
instanceKlass java/util/Set
instanceKlass java/util/Collection
instanceKlass java/lang/Iterable
instanceKlass java/security/AccessController
instanceKlass java/lang/String$CaseInsensitiveComparator
instanceKlass java/util/Comparator
instanceKlass java/io/ObjectStreamField
instanceKlass java/util/Iterator
instanceKlass java/lang/Number
instanceKlass java/lang/Character
instanceKlass java/lang/Boolean
instanceKlass java/util/concurrent/locks/AbstractOwnableSynchronizer
instanceKlass java/lang/LiveStackFrame
instanceKlass java/lang/StackFrameInfo
instanceKlass java/lang/StackWalker$StackFrame
instanceKlass java/lang/StackStreamFactory$AbstractStackWalker
instanceKlass java/lang/StackWalker
instanceKlass java/nio/Buffer
instanceKlass java/lang/StackTraceElement
instanceKlass java/security/CodeSource
instanceKlass jdk/internal/loader/ClassLoaders
instanceKlass java/util/jar/Manifest
instanceKlass java/net/URL
instanceKlass java/io/InputStream
instanceKlass java/io/Closeable
instanceKlass java/lang/AutoCloseable
instanceKlass jdk/internal/module/Modules
instanceKlass jdk/internal/misc/Unsafe
instanceKlass java/lang/AbstractStringBuilder
instanceKlass java/lang/Appendable
instanceKlass java/lang/AssertionStatusDirectives
instanceKlass java/lang/invoke/MethodHandleNatives$CallSiteContext
instanceKlass java/lang/invoke/CallSite
instanceKlass java/lang/invoke/MethodType
instanceKlass java/lang/invoke/LambdaForm
instanceKlass java/lang/invoke/MethodHandleNatives
instanceKlass java/lang/invoke/ResolvedMethodName
instanceKlass java/lang/invoke/MemberName
instanceKlass java/lang/invoke/VarHandle
instanceKlass java/lang/invoke/MethodHandle
instanceKlass jdk/internal/reflect/CallerSensitive
instanceKlass java/lang/annotation/Annotation
instanceKlass jdk/internal/reflect/FieldAccessor
instanceKlass jdk/internal/reflect/ConstantPool
instanceKlass jdk/internal/reflect/ConstructorAccessor
instanceKlass jdk/internal/reflect/MethodAccessor
instanceKlass jdk/internal/reflect/MagicAccessorImpl
instanceKlass java/lang/reflect/Parameter
instanceKlass java/lang/reflect/Member
instanceKlass java/lang/reflect/AccessibleObject
instanceKlass java/lang/Module
instanceKlass java/util/Dictionary
instanceKlass java/util/Map
instanceKlass java/lang/ThreadGroup
instanceKlass java/lang/Thread$UncaughtExceptionHandler
instanceKlass java/lang/Thread
instanceKlass java/lang/Runnable
instanceKlass java/lang/ref/Reference
instanceKlass java/security/AccessControlContext
instanceKlass java/security/ProtectionDomain
instanceKlass java/lang/SecurityManager
instanceKlass java/lang/Throwable
instanceKlass java/lang/System
instanceKlass java/lang/ClassLoader
instanceKlass java/lang/Cloneable
instanceKlass java/lang/Class
instanceKlass java/lang/reflect/Type
instanceKlass java/lang/reflect/GenericDeclaration
instanceKlass java/lang/reflect/AnnotatedElement
instanceKlass java/lang/String
instanceKlass java/lang/CharSequence
instanceKlass java/lang/Comparable
instanceKlass java/io/Serializable
ciInstanceKlass java/lang/Object 1 1 92 7 10 10 10 10 8 10 10 10 10 100 8 10 3 8 10 7 1 1 1 1 1 1 1 1 1 1 1 1 1 1 1 1 1 1 1 1 1 1 1 7 1 1 1 1 1 7 1 1 1 1 1 1 1 7 1 1 1 1 1 1 1 1 12 12 7 12 12 1 12 7 12 12 12 1 1 12 1 12 1 1 1 1 1 1 1 1 1 1 1 1
ciInstanceKlass java/io/Serializable 1 0 7 100 100 1 1 1 1
ciInstanceKlass java/lang/CharSequence 1 1 128 18 100 10 18 10 10 100 11 11 10 11 100 10 10 100 10 10 100 100 1 1 1 1 1 1 1 1 1 1 1 1 1 1 1 1 1 1 1 1 1 1 1 1 1 1 1 1 1 1 1 100 1 1 1 1 1 1 1 15 16 15 16 12 1 100 12 15 100 12 12 1 12 12 100 12 12 1 12 100 12 1 12 1 1 1 10 1 11 1 1 1 1 1 11 1 1 1 1 1 1 1 1 1 1 1 1 1 1 100 1 1 1 100 12 12 12 100 1 1 1 100 1 1 1 100 1 1
ciInstanceKlass java/lang/String 1 1 878 10 8 9 9 9 10 10 10 9 10 7 10 10 10 10 10 100 8 10 10 9 9 8 10 10 10 10 10 10 10 10 10 10 10 10 10 10 10 100 10 10 100 10 10 10 10 10 10 10 10 10 10 10 10 10 10 10 10 10 10 10 10 100 100 10 10 11 11 10 10 10 10 10 10 9 11 10 10 10 10 10 10 10 10 10 10 10 10 10 10 10 10 10 10 10 10 10 10 10 10 10 10 10 10 10 10 10 10 10 10 10 10 10 10 10 11 10 10 10 10 10 10 100 10 7 10 10 10 10 10 8 10 10 100 3 3 7 10 10 10 10 10 11 7 10 10 7 10 10 10 11 11 11 7 10 10 10 10 10 10 10 10 10 10 10 10 10 10 10 10 10 10 10 10 7 100 10 100 10 10 100 10 10 10 7 10 10 10 10 8 10 10 10 8 8 10 10 10 10 10 10 10 100 10 8 10 10 10 7 3 8 8 8 10 10 10 10 10 10 8 8 10 8 8 8 8 8 10 10 10 8 7 10 10 10 7 9 7 10 100 100 1 1 1 1 1 1 1 1 1 1 1 1 1 5 0 1 1 1 1 1 1 1 1 1 3 1 3 1 1 1 1 1 1 1 1 1 1 1 1 1 1 1 1 1 1 1 1 1 1 100 1 1 1 1 100 1 1 1 1 1 1 1 1 1 1 7 1 1 1 7 1 1 1 100 1 1 1 1 1 1 1 1 1 1 1 1 1 1 1 1 1 1 1 1 1 1 1 1 1 1 1 1 1 1 1 1 1 1 1 1 1 1 1 1 1 1 1 1 1 1 1 1 1 1 1 1 1 1 100 1 1 1 1 1 1 1 1 1 1 1 1 1 1 1 1 1 1 1 1 1 1 1 1 1 1 1 1 1 1 1 1 1 1 1 1 1 1 1 1 1 1 1 1 1 1 1 1 1 1 1 1 1 1 1 1 1 1 1 1 1 1 1 1 1 1 1 1 1 1 1 1 1 1 1 1 1 1 1 1 1 1 1 1 1 1 1 1 1 1 1 1 1 1 1 1 100 1 1 1 100 1 1 1 1 1 1 1 1 1 1 1 1 1 1 1 100 1 1 1 1 100 1 1 100 1 1 1 1 1 1 1 1 1 1 1 1 1 1 1 1 1 1 1 1 1 1 1 1 1 1 1 1 1 1 1 1 1 100 1 1 1 1 1 1 1 1 1 1 1 1 1 1 1 1 1 1 1 1 1 12 1 12 12 12 12 12 12 12 7 12 1 7 7 12 12 12 12 1 12 7 12 12 12 12 12 12 12 12 12 12 12 12 12 12 1 12 12 1 12 12 12 12 7 12 12 12 12 12 12 12 12 12 12 1 1 12 12 12 12 12 12 12 12 12 7 12 12 12 12 12 12 12 12 12 12 12 12 12 12 12 12 12 12 12 12 12 12 12 12 12 7 12 12 12 12 7 12 12 12 12 7 12 12 7 12 1 1 12 12 12 1 12 1 1 12 12 12 12 7 12 12 12 1 12 12 100 12 12 12 1 12 7 12 12 12 12 12 12 12 12 12 12 12 1 1 1 12 1 7 12 1 1 12 1 12 12 1 12 12 1 1 12 12 12 7 12 7 12 100 12 1 1 12 12 1 1 1 1 12 12 12 12 1 1 1 1 1 1 1 12 12 12 1 1 12 12 12 1 12 1 1 1 1 1 1 1 1 1 1 1 1 1 1 1 1 1 1 1 1 1 1 1 1 1 1 1 1 1 1 1 1 1 1 1 1 1 1 1 1 1 1 1 1 1 1 1 1 1 1 1 1 1 1 1 1 1 1 1 1 1 1 1 1 1 1 1 1 1 1 1 1 1 1 1 1 1 1 1 1 1 1 1 1 1 1 1 1 1 1 1 1 1 1 1 1 1 1 1 1 1 1 1 1 1 1 1 1 1 1 1 1 1 1 1 1 1 1 1 1 1 1 1 1 1 1 1
staticfield java/lang/String COMPACT_STRINGS Z 1
staticfield java/lang/String serialPersistentFields [Ljava/io/ObjectStreamField; 0 [Ljava/io/ObjectStreamField;
staticfield java/lang/String CASE_INSENSITIVE_ORDER Ljava/util/Comparator; java/lang/String$CaseInsensitiveComparator
ciInstanceKlass java/lang/Class 1 1 1435 10 9 9 7 10 10 8 10 8 8 10 10 10 10 10 10 10 10 10 10 10 8 10 8 8 10 7 8 8 8 10 11 10 10 8 10 10 10 10 9 10 10 10 18 10 7 10 10 10 100 10 9 7 7 8 10 10 10 10 7 10 7 7 10 10 9 10 10 7 10 100 10 10 10 9 10 10 10 9 10 10 100 10 10 10 10 9 8 10 10 10 10 10 10 9 10 7 10 10 10 10 10 10 10 10 10 10 10 10 10 10 10 10 10 10 10 10 100 8 10 10 100 10 100 11 10 10 10 10 10 10 8 10 10 8 9 10 10 10 10 100 9 10 9 10 10 10 8 10 10 10 10 100 10 10 10 10 10 10 10 7 10 10 10 10 10 10 10 10 10 7 10 10 11 10 10 10 10 10 10 100 10 10 10 100 7 10 10 10 10 10 10 10 10 11 10 10 9 10 9 7 10 9 10 7 10 9 10 10 10 10 10 10 10 8 10 10 9 9 10 7 9 10 10 7 10 10 10 10 9 10 9 10 10 9 9 10 10 9 7 10 10 7 10 7 11 9 9 7 10 9 9 10 10 9 7 10 10 10 10 10 10 10 9 10 10 10 10 8 7 10 7 8 8 8 8 10 9 9 10 7 9 7 10 7 10 10 9 8 10 7 10 7 10 9 100 8 10 7 4 10 10 11 10 100 10 10 8 8 10 9 11 7 11 9 10 10 10 9 9 10 10 10 10 10 11 11 11 11 7 11 10 10 7 11 10 10 10 11 11 7 10 10 9 9 10 10 10 10 100 10 10 7 9 100 7 100 100 1 1 1 7 1 1 1 1 1 3 1 3 1 3 1 1 1 1 1 1 1 1 1 1 1 1 1 1 1 1 1 1 1 1 1 1 1 1 1 1 1 1 5 0 1 1 1 1 1 1 1 1 1 1 1 1 1 1 1 100 1 1 1 1 1 1 1 1 1 1 1 1 1 1 1 1 1 1 7 1 1 1 1 1 1 1 1 1 1 1 1 1 1 1 100 1 1 1 1 1 7 1 1 1 1 1 1 1 1 1 100 1 1 1 1 1 1 1 1 1 7 1 1 1 1 1 1 1 1 1 1 1 1 1 1 1 1 1 1 1 1 1 1 1 1 1 1 1 1 1 1 1 1 1 1 1 1 1 7 1 1 1 1 1 1 1 1 100 1 1 1 1 1 1 1 1 1 1 1 1 1 1 1 1 1 100 1 1 1 1 1 1 1 1 1 1 1 1 1 1 1 1 1 1 1 1 1 1 1 1 100 100 1 1 1 1 1 1 1 1 1 1 1 1 1 1 100 1 1 1 1 1 1 1 1 1 1 1 1 1 1 1 1 1 1 1 1 1 1 1 1 1 1 1 1 1 1 1 1 1 1 1 1 1 1 1 1 1 1 1 1 1 1 1 1 1 1 1 1 1 1 1 7 1 1 1 1 1 1 1 1 1 100 100 100 1 1 1 1 1 1 1 1 1 1 1 1 1 1 1 1 1 1 1 1 1 1 1 1 1 1 1 1 1 1 1 1 1 1 1 1 1 1 1 1 1 1 1 1 1 1 1 1 1 1 1 1 1 1 1 1 1 1 1 1 1 1 1 1 1 1 1 1 1 1 1 1 1 1 1 1 1 1 1 1 1 1 7 1 1 1 1 1 1 1 1 1 1 1 1 1 1 1 1 1 1 1 1 1 1 1 1 1 1 1 1 1 1 1 1 100 1 1 1 1 1 1 1 1 1 1 1 1 1 100 1 1 1 1 1 1 7 1 1 1 1 1 1 1 1 1 1 1 1 1 1 1 1 1 1 1 1 1 1 1 1 1 1 1 1 1 1 1 1 1 1 1 1 1 1 1 1 7 1 1 1 1 1 1 1 1 1 1 1 1 1 1 1 1 1 1 1 1 1 1 1 1 1 12 12 12 1 12 1 12 1 1 12 12 12 12 12 12 7 12 12 12 12 1 12 1 1 12 1 1 1 1 12 12 12 1 7 12 12 12 7 12 7 12 12 7 12 12 1 15 16 15 16 12 7 12 1 12 12 7 1 12 12 1 1 1 12 12 12 12 1 12 1 1 12 12 12 12 1 100 12 12 12 12 12 12 12 12 12 1 12 12 12 12 1 12 12 12 12 12 12 12 7 12 12 12 12 12 12 12 12 12 12 12 12 12 12 12 12 12 12 1 1 12 1 12 1 12 100 12 12 12 12 12 1 12 12 1 12 12 12 12 12 1 12 12 12 12 12 1 12 12 12 12 1 12 12 12 12 12 12 12 1 12 12 12 12 12 12 12 1 7 12 12 12 12 7 12 12 12 1 12 12 1 1 12 12 12 12 12 12 100 12 7 12 12 12 12 12 12 1 12 12 1 12 12 100 12 12 12 100 12 12 12 12 1 12 12 12 12 12 1 12 12 12 1 12 12 7 12 7 12 12 12 12 12 12 12 12 12 12 12 1 12 1 12 7 12 12 1 12 12 12 12 12 12 1 12 12 12 12 12 12 12 12 12 1 7 1 1 1 1 12 12 12 12 1 12 1 1 1 12 7 12 12 1 12 1 12 12 1 1 1 12 12 12 1 12 1 1 12 12 12 1 12 12 7 12 7 12 12 12 12 12 12 12 12 12 12 12 12 1 12 7 12 12 1 12 100 12 12 12 12 1 12 12 12 7 12 12 7 12 12 12 1 12 12 1 12 1 1 1 1 1 100 1 1 1 1 1 1 1 1 1 1 1 1 1 1 1 1 1 1 1 1 1 1 1 1 1 1 1 1 1 1 1 1 1 1 1 1 1 1 1 1 10 1 1 1 1 1 1 1 1 1 1 1 1 1 1 1 1 1 1 1 1 1 1 1 1 1 1 1 1 1 1 1 1 1 1 1 1 1 1 1 1 1 1 1 1 1 1 1 1 1 1 1 1 1 1 1 1 1 1 1 1 1 1 1 1 1 1 1 1 1 1 1 1 1 1 1 1 1 1 1 1 1 1 1 1 1 1 1 1 1 1 1 1 1 1 1 1 1 1 1 1 1 1 1 1 1 1 1 1 1 1 1 1 1 1 1 1 1 1 1 1 1 1 1 1 1 1 1 1 1 1 1 1 1 1 1 1 1 1 1 1 1 1 1 1 1 1 1 1 1 1 1 1 1 1 1 1 1 1 1 1 1 1 1 1 1 1 1 1 1 1 1 1 1 1 1 100 12 1 1 100 1 1 100 1 1
staticfield java/lang/Class EMPTY_CLASS_ARRAY [Ljava/lang/Class; 0 [Ljava/lang/Class;
staticfield java/lang/Class serialPersistentFields [Ljava/io/ObjectStreamField; 0 [Ljava/io/ObjectStreamField;
ciInstanceKlass java/lang/Cloneable 1 0 7 100 100 1 1 1 1
instanceKlass org/codehaus/groovy/reflection/ClassLoaderForClassArtifacts
instanceKlass org/codehaus/groovy/reflection/SunClassLoader
instanceKlass org/eclipse/sisu/space/CloningClassSpace$CloningClassLoader
instanceKlass jdk/internal/reflect/DelegatingClassLoader
instanceKlass java/security/SecureClassLoader
ciInstanceKlass java/lang/ClassLoader 1 1 1194 9 10 9 10 7 10 10 9 10 100 10 10 10 100 8 10 10 10 10 7 10 7 7 7 10 10 9 7 10 9 9 9 9 9 7 10 9 10 10 9 9 7 9 7 10 10 9 10 7 10 8 10 10 10 7 10 10 8 10 10 10 10 10 10 10 10 7 10 10 10 10 10 10 10 10 10 10 10 10 10 10 10 100 10 100 10 10 10 10 10 100 8 10 8 10 10 100 8 10 10 10 10 10 10 10 10 10 10 10 10 10 10 10 10 10 10 10 10 10 10 10 10 8 11 9 11 10 8 8 10 100 10 10 10 10 10 10 10 10 10 7 10 10 10 7 10 100 18 10 10 10 7 10 10 10 7 10 10 10 10 8 100 10 10 9 10 10 100 8 10 10 8 8 10 10 7 10 10 100 100 10 100 100 10 10 8 10 9 8 9 10 10 10 10 9 10 10 10 10 10 8 10 7 18 10 10 10 10 8 10 10 18 11 100 10 10 10 11 10 18 10 11 18 11 10 10 9 7 10 10 8 10 8 10 7 10 10 100 8 10 10 10 8 8 10 10 10 8 8 10 10 10 7 10 10 10 10 10 11 11 11 11 11 7 10 9 9 9 10 10 7 10 100 10 10 10 9 9 9 9 9 9 8 10 10 10 10 10 11 10 100 10 10 10 7 7 10 1 1 7 1 1 1 1 1 1 1 1 1 1 1 1 1 1 1 1 1 1 1 1 1 1 1 1 1 1 1 1 1 1 1 1 1 1 1 1 1 1 1 1 1 1 1 1 1 1 1 1 1 1 1 1 1 1 1 1 1 1 1 1 1 1 1 1 1 1 1 1 1 1 100 1 1 1 1 100 1 1 1 1 1 1 1 1 1 1 1 1 1 1 1 1 1 100 1 1 1 1 1 1 1 1 1 1 1 1 1 1 1 1 100 1 1 1 1 1 1 1 1 1 1 1 1 7 1 1 1 1 1 1 1 1 1 1 1 1 1 1 1 1 1 1 1 1 1 1 1 1 1 1 1 1 1 1 1 1 1 1 1 1 1 7 1 1 1 1 1 1 1 1 1 1 1 1 1 1 1 1 1 1 1 1 1 1 1 7 1 1 1 1 1 100 1 1 1 1 1 1 1 1 1 1 1 1 1 1 1 1 1 1 1 1 1 100 1 1 1 1 1 1 1 1 1 1 1 1 1 1 1 1 1 1 1 1 1 1 1 1 1 1 1 1 1 1 1 1 1 1 1 1 1 1 1 1 1 1 1 1 1 1 1 1 1 1 1 1 1 1 1 1 1 1 1 1 1 1 1 100 1 1 1 1 1 1 1 1 1 1 1 1 1 1 1 1 1 1 1 1 1 100 100 1 1 1 1 1 1 1 1 1 1 1 1 1 1 1 1 1 1 1 1 1 1 1 7 1 1 1 1 1 1 1 1 1 1 1 1 1 1 1 1 7 1 1 1 1 1 1 1 1 1 1 1 1 1 1 1 1 1 1 1 1 1 1 1 1 1 1 1 1 1 100 12 12 12 12 1 12 12 12 12 1 12 12 12 1 1 12 7 12 12 1 1 1 12 12 12 1 12 12 12 12 12 1 12 12 12 12 12 12 1 12 1 12 12 12 1 1 12 12 1 12 7 12 1 12 12 12 12 12 12 12 12 1 12 100 12 12 12 12 12 12 12 12 12 100 12 12 12 12 1 12 1 12 7 12 12 12 1 1 1 12 12 1 1 12 12 12 12 12 12 12 12 12 12 12 12 7 12 12 12 12 12 12 12 12 12 12 1 12 12 12 1 1 12 1 12 12 12 12 12 7 12 12 7 1 12 12 1 12 1 1 15 16 15 16 12 100 12 100 12 7 12 1 12 12 12 1 12 12 7 12 12 1 1 12 12 7 12 12 1 1 12 1 1 12 12 1 12 100 12 1 1 12 1 1 12 12 1 12 12 1 12 12 12 12 12 100 12 12 12 12 12 12 1 12 1 16 15 16 12 12 12 12 12 1 12 12 16 15 16 12 12 1 12 12 12 15 12 7 12 16 15 16 12 12 12 12 12 1 12 12 1 12 1 12 1 12 1 1 12 12 1 1 12 12 100 12 1 1 100 12 12 1 12 12 12 12 12 12 12 12 1 12 12 12 12 12 12 1 1 12 12 12 12 12 12 12 12 12 12 7 12 12 12 12 12 100 12 1 12 12 12 1 1 1 1 1 1 1 1 1 1 1 1 1 1 1 1 1 1 1 1 1 1 1 1 1 1 1 1 1 1 1 1 1 1 1 1 1 1 1 1 1 1 1 1 1 1 1 1 1 1 1 1 1 1 1 1 1 1 1 1 1 1 1 1 1 1 1 1 1 1 1 1 1 1 1 1 1 1 1 1 1 1 1 1 1 1 1 1 1 1 1 1 1 1 1 1 10 1 10 1 1 1 1 1 1 1 1 1 1 1 1 1 1 1 1 1 1 1 1 1 1 1 1 1 1 1 1 1 1 1 1 1 1 1 1 1 1 1 1 1 1 1 1 10 1 1 1 1 1 1 1 1 10 1 1 1 1 1 10 1 1 1 10 1 1 1 1 1 1 1 1 1 1 1 1 1 1 1 1 1 1 1 1 1 1 1 1 1 1 1 1 1 1 1 1 1 1 1 1 1 1 1 1 1 1 7 12 12 12 12 12 12 1 1 100 1 1 100 1 1
staticfield java/lang/ClassLoader nocerts [Ljava/security/cert/Certificate; 0 [Ljava/security/cert/Certificate;
staticfield java/lang/ClassLoader loadedLibraryNames Ljava/util/Set; java/util/HashSet
staticfield java/lang/ClassLoader $assertionsDisabled Z 1
ciInstanceKlass java/lang/System 1 1 631 10 10 10 10 10 9 7 10 11 10 10 10 100 8 10 10 9 100 8 10 10 8 10 100 10 8 10 10 100 10 10 10 9 9 7 10 10 10 10 10 10 10 100 100 8 10 10 7 10 100 8 10 8 10 100 8 10 100 10 8 10 10 10 8 10 10 10 100 8 10 10 10 100 18 100 9 10 100 10 10 10 10 10 10 10 10 7 7 10 10 100 10 10 100 8 10 9 9 10 10 10 10 8 10 10 8 10 10 8 10 7 9 10 7 9 10 9 7 10 8 10 8 10 10 10 10 10 10 10 10 10 9 100 8 10 8 10 10 8 100 10 10 10 10 7 10 10 10 10 10 8 10 10 10 10 8 10 10 10 7 10 10 10 9 100 1 1 1 1 1 1 1 1 1 1 1 1 1 1 1 1 1 1 1 1 1 1 1 1 1 1 1 1 1 1 1 1 1 1 1 100 100 1 1 1 7 1 1 1 1 1 1 1 1 1 1 1 1 1 1 1 1 1 1 1 1 1 1 1 1 1 1 1 1 1 1 1 1 1 1 1 1 1 1 1 1 1 1 1 1 1 1 1 1 1 1 1 1 1 1 1 1 1 1 1 1 1 1 1 1 1 1 1 1 1 1 1 1 1 1 1 1 1 1 1 1 1 1 1 100 1 1 1 1 1 1 1 1 1 1 1 1 1 1 1 1 1 100 1 1 1 1 1 1 1 100 12 12 12 12 12 12 1 7 12 100 12 100 12 12 12 1 1 12 12 12 1 1 12 100 12 1 12 1 12 12 12 1 12 100 12 12 12 12 1 12 7 12 12 12 12 12 1 1 1 12 12 1 12 1 1 1 12 1 1 1 1 12 12 7 12 1 12 7 12 7 12 1 1 12 7 12 1 1 15 16 15 16 12 1 12 12 1 12 12 7 12 12 12 12 12 12 1 1 12 12 1 12 7 12 1 1 12 12 12 12 12 12 1 12 12 1 12 12 1 7 12 1 7 12 12 1 12 12 1 12 1 12 1 7 12 12 7 12 12 7 12 12 7 12 12 7 12 12 1 1 12 1 12 1 1 12 12 12 1 12 12 12 100 12 1 12 12 1 12 12 12 1 12 12 12 1 1 1 1 1 1 1 1 1 1 1 1 1 1 1 1 1 1 1 1 1 1 1 1 1 1 1 1 1 1 1 1 1 1 1 1 1 1 1 1 1 1 1 1 1 1 1 1 1 1 1 1 10 1 10 1 1 1 1 1 1 1 1 1 1 1 1 1 1 1 1 1 1 1 1 1 1 1 1 1 1 1 1 1 1 1 1 1 1 1 1 1 1 1 1 1 1 1 1 1 1 1 1 1 1 1 1 1 1 1 1 1 1 1 1 1 1 1 1 1 1 1 1 1 1 1 1 1 100 12 12 1 1 100 1 1 100 1 1
staticfield java/lang/System in Ljava/io/InputStream; java/io/BufferedInputStream
staticfield java/lang/System out Ljava/io/PrintStream; org/apache/maven/surefire/api/report/ConsoleOutputCapture$ForwardingPrintStream
staticfield java/lang/System err Ljava/io/PrintStream; org/apache/maven/surefire/api/report/ConsoleOutputCapture$ForwardingPrintStream
instanceKlass org/junit/Test$None
instanceKlass org/apache/maven/artifact/repository/metadata/RepositoryMetadataDeploymentException
instanceKlass org/apache/maven/artifact/repository/metadata/RepositoryMetadataInstallationException
instanceKlass java/lang/Exception
instanceKlass java/lang/Error
ciInstanceKlass java/lang/Throwable 1 1 395 10 9 9 9 9 9 10 9 10 10 100 7 10 8 10 8 10 10 10 100 8 10 10 10 10 8 9 10 100 10 10 7 10 10 11 10 10 10 8 10 10 7 8 8 10 10 8 8 9 10 100 10 11 8 8 10 8 10 8 7 10 9 10 10 7 9 10 10 100 8 10 10 10 10 100 10 10 11 11 11 8 8 10 10 10 9 8 7 10 10 100 8 10 11 8 9 10 11 9 11 100 10 7 10 100 1 1 1 7 1 100 1 1 1 1 5 0 1 1 1 1 1 1 1 1 1 1 1 1 1 1 1 1 1 1 1 1 1 1 1 1 1 1 1 1 1 1 1 1 1 1 1 100 1 1 1 1 1 1 1 1 1 1 1 1 1 1 1 1 1 1 1 1 1 1 1 1 1 1 7 1 1 1 1 1 1 1 1 1 1 1 1 1 1 1 1 1 1 1 1 1 1 1 1 1 1 1 1 1 1 1 100 100 100 1 7 7 1 1 1 1 1 1 1 1 1 1 1 1 1 1 1 1 1 12 12 12 12 12 12 12 12 12 12 1 1 1 12 1 100 12 12 1 1 12 7 12 12 1 100 12 12 1 12 12 1 7 12 12 12 12 12 1 12 12 1 1 1 12 12 1 1 12 100 12 1 12 1 1 12 1 12 1 1 12 12 12 7 12 12 12 100 1 1 12 12 100 12 1 100 12 12 12 12 12 1 1 100 12 1 1 12 1 1 12 1 12 100 12 12 12 12 1 12 1 1 1 1 1 1 1 1 1 1 1 1 1 1 1 1 1 1 1 1 1 1 1 1 1 1 1 1 1 1 1 1 1 1 1 1 1 1 1 1 1 1 1 1 1 1 1 1 1 1 1 1 1 1 1 1 1 1 1 1
staticfield java/lang/Throwable UNASSIGNED_STACK [Ljava/lang/StackTraceElement; 0 [Ljava/lang/StackTraceElement;
staticfield java/lang/Throwable SUPPRESSED_SENTINEL Ljava/util/List; java/util/Collections$EmptyList
staticfield java/lang/Throwable EMPTY_THROWABLE_ARRAY [Ljava/lang/Throwable; 0 [Ljava/lang/Throwable;
staticfield java/lang/Throwable $assertionsDisabled Z 1
instanceKlass freemarker/core/FMParser$LookaheadSuccess
instanceKlass freemarker/core/TokenMgrError
instanceKlass java/util/ServiceConfigurationError
instanceKlass com/google/common/util/concurrent/ExecutionError
instanceKlass java/lang/AssertionError
instanceKlass java/io/IOError
instanceKlass org/apache/maven/BuildAbort
instanceKlass java/lang/VirtualMachineError
instanceKlass java/lang/LinkageError
instanceKlass java/lang/ThreadDeath
ciInstanceKlass java/lang/Error 1 1 40 10 10 10 10 10 100 7 1 1 1 5 0 1 1 1 1 1 1 1 1 1 1 1 1 1 1 1 1 1 1 1 1 12 12 12 12 12 1 1
ciInstanceKlass java/lang/ThreadDeath 0 0 21 10 100 100 1 1 1 5 0 1 1 1 1 1 1 1 1 1 12 1 1
instanceKlass org/codehaus/groovy/GroovyException
instanceKlass org/junit/runners/model/MultipleFailureException
instanceKlass javax/naming/NamingException
instanceKlass sun/security/pkcs11/wrapper/PKCS11Exception
instanceKlass sun/security/ec/ECOperations$IntermediateValueException
instanceKlass sun/nio/fs/WindowsException
instanceKlass freemarker/core/TemplateValueFormatException
instanceKlass freemarker/core/JSONParser$JSONParseException
instanceKlass freemarker/core/TemplatePostProcessorException
instanceKlass freemarker/cache/TemplateConfigurationFactoryException
instanceKlass java/beans/IntrospectionException
instanceKlass freemarker/template/utility/ClassUtil$MaybeZipFileClosedException
instanceKlass freemarker/core/UnregisteredOutputFormatException
instanceKlass freemarker/template/TemplateException
instanceKlass org/apache/http/HttpException
instanceKlass java/beans/PropertyVetoException
instanceKlass org/junit/runner/manipulation/NoTestsRemainException
instanceKlass org/junit/runners/model/InitializationError
instanceKlass org/apache/maven/surefire/api/testset/TestSetFailedException
instanceKlass org/apache/maven/surefire/api/testset/TestSetFailedException
instanceKlass org/apache/maven/surefire/booter/SurefireExecutionException
instanceKlass org/apache/maven/surefire/booter/SurefireBooterForkException
instanceKlass org/sonatype/plexus/components/sec/dispatcher/SecDispatcherException
instanceKlass org/sonatype/plexus/components/cipher/PlexusCipherException
instanceKlass org/codehaus/plexus/util/cli/CommandLineException
instanceKlass org/codehaus/plexus/compiler/util/scan/InclusionScanException
instanceKlass org/codehaus/plexus/compiler/CompilerException
instanceKlass org/codehaus/plexus/compiler/manager/NoSuchCompilerException
instanceKlass org/apache/maven/artifact/DependencyResolutionRequiredException
instanceKlass org/codehaus/plexus/util/introspection/MethodMap$AmbiguousException
instanceKlass java/net/URISyntaxException
instanceKlass org/xml/sax/SAXException
instanceKlass javax/xml/parsers/ParserConfigurationException
instanceKlass org/apache/maven/shared/filtering/MavenFilteringException
instanceKlass org/codehaus/plexus/interpolation/reflection/MethodMap$AmbiguousException
instanceKlass org/apache/maven/model/resolution/InvalidRepositoryException
instanceKlass org/apache/maven/model/resolution/UnresolvableModelException
instanceKlass org/apache/maven/cli/internal/ExtensionResolutionException
instanceKlass org/apache/maven/toolchain/building/ToolchainsBuildingException
instanceKlass org/apache/maven/execution/MavenExecutionRequestPopulationException
instanceKlass org/apache/maven/project/interpolation/ModelInterpolationException
instanceKlass org/apache/maven/repository/ArtifactDoesNotExistException
instanceKlass org/apache/maven/repository/ArtifactTransferFailedException
instanceKlass org/apache/maven/repository/metadata/MetadataGraphTransformationException
instanceKlass org/apache/maven/repository/legacy/resolver/conflict/ConflictResolverNotFoundException
instanceKlass org/apache/maven/lifecycle/internal/builder/BuilderNotFoundException
instanceKlass org/apache/maven/lifecycle/NoGoalSpecifiedException
instanceKlass org/apache/maven/plugin/version/PluginVersionNotFoundException
instanceKlass org/apache/maven/plugin/InvalidPluginException
instanceKlass org/apache/maven/artifact/installer/ArtifactInstallationException
instanceKlass org/apache/maven/artifact/repository/metadata/RepositoryMetadataReadException
instanceKlass org/apache/maven/artifact/repository/metadata/RepositoryMetadataStoreException
instanceKlass org/apache/maven/artifact/deployer/ArtifactDeploymentException
instanceKlass org/apache/http/HttpException
instanceKlass org/codehaus/plexus/personality/plexus/lifecycle/phase/InitializationException
instanceKlass org/codehaus/plexus/configuration/PlexusConfigurationException
instanceKlass org/codehaus/plexus/component/composition/CycleDetectedInComponentGraphException
instanceKlass org/codehaus/plexus/component/configurator/expression/ExpressionEvaluationException
instanceKlass org/apache/maven/configuration/BeanConfigurationException
instanceKlass org/codehaus/plexus/component/configurator/ComponentConfigurationException
instanceKlass org/apache/maven/settings/building/SettingsBuildingException
instanceKlass org/apache/maven/model/building/ModelBuildingException
instanceKlass org/sonatype/plexus/components/sec/dispatcher/SecDispatcherException
instanceKlass org/sonatype/plexus/components/cipher/PlexusCipherException
instanceKlass org/apache/maven/repository/metadata/GraphConflictResolutionException
instanceKlass org/apache/maven/repository/metadata/MetadataResolutionException
instanceKlass java/security/GeneralSecurityException
instanceKlass org/codehaus/plexus/component/repository/exception/ComponentLifecycleException
instanceKlass org/apache/maven/wagon/WagonException
instanceKlass org/apache/maven/project/DependencyResolutionException
instanceKlass org/eclipse/aether/RepositoryException
instanceKlass org/apache/maven/toolchain/MisconfiguredToolchainException
instanceKlass org/apache/maven/BuildFailureException
instanceKlass org/codehaus/plexus/util/dag/CycleDetectedException
instanceKlass org/apache/maven/project/DuplicateProjectException
instanceKlass org/apache/maven/artifact/InvalidRepositoryException
instanceKlass org/apache/maven/project/ProjectBuildingException
instanceKlass org/apache/maven/artifact/versioning/InvalidVersionSpecificationException
instanceKlass org/apache/maven/repository/legacy/metadata/ArtifactMetadataRetrievalException
instanceKlass org/apache/maven/artifact/repository/metadata/RepositoryMetadataResolutionException
instanceKlass org/apache/maven/MavenExecutionException
instanceKlass org/apache/maven/plugin/version/PluginVersionResolutionException
instanceKlass org/apache/maven/plugin/prefix/NoPluginFoundForPrefixException
instanceKlass org/apache/maven/plugin/InvalidPluginDescriptorException
instanceKlass org/apache/maven/plugin/PluginResolutionException
instanceKlass org/apache/maven/artifact/resolver/AbstractArtifactResolutionException
instanceKlass org/apache/maven/lifecycle/LifecycleNotFoundException
instanceKlass org/apache/maven/plugin/PluginDescriptorParsingException
instanceKlass org/apache/maven/plugin/MojoNotFoundException
instanceKlass org/apache/maven/lifecycle/LifecyclePhaseNotFoundException
instanceKlass org/apache/maven/plugin/PluginConfigurationException
instanceKlass org/apache/maven/lifecycle/MissingProjectException
instanceKlass org/apache/maven/lifecycle/LifecycleExecutionException
instanceKlass org/apache/maven/plugin/PluginManagerException
instanceKlass org/apache/maven/plugin/AbstractMojoExecutionException
instanceKlass java/security/PrivilegedActionException
instanceKlass java/util/concurrent/TimeoutException
instanceKlass com/google/common/collect/RegularImmutableMap$BucketOverflowException
instanceKlass java/util/concurrent/ExecutionException
instanceKlass java/lang/InterruptedException
instanceKlass com/google/inject/internal/ErrorsException
instanceKlass com/google/inject/internal/InternalProvisionException
instanceKlass org/codehaus/plexus/context/ContextException
instanceKlass java/text/ParseException
instanceKlass org/codehaus/plexus/PlexusContainerException
instanceKlass org/codehaus/plexus/component/repository/exception/ComponentLookupException
instanceKlass org/codehaus/plexus/util/xml/pull/XmlPullParserException
instanceKlass java/lang/CloneNotSupportedException
instanceKlass org/apache/commons/cli/ParseException
instanceKlass org/codehaus/plexus/interpolation/InterpolationException
instanceKlass org/apache/maven/cli/MavenCli$ExitException
instanceKlass org/codehaus/plexus/classworlds/launcher/ConfigurationException
instanceKlass java/io/IOException
instanceKlass org/codehaus/plexus/classworlds/ClassWorldException
instanceKlass java/lang/ReflectiveOperationException
instanceKlass java/lang/RuntimeException
ciInstanceKlass java/lang/Exception 1 1 40 10 10 10 10 10 100 7 1 1 1 5 0 1 1 1 1 1 1 1 1 1 1 1 1 1 1 1 1 1 1 1 1 12 12 12 12 12 1 1
instanceKlass org/codehaus/groovy/runtime/powerassert/SourceTextNotAvailableException
instanceKlass org/codehaus/groovy/classgen/ClassGeneratorException
instanceKlass java/lang/NegativeArraySizeException
instanceKlass java/util/EmptyStackException
instanceKlass groovyjarjarantlr4/v4/runtime/RecognitionException
instanceKlass org/apache/http/ParseException
instanceKlass java/security/ProviderException
instanceKlass freemarker/core/FlowControlException
instanceKlass freemarker/template/utility/UndeclaredThrowableException
instanceKlass freemarker/core/BugException
instanceKlass io/qameta/allure/attachment/AttachmentRenderException
instanceKlass groovy/json/JsonException
instanceKlass java/nio/file/FileSystemNotFoundException
instanceKlass java/nio/file/FileSystemAlreadyExistsException
instanceKlass org/codehaus/groovy/vmplugin/v9/ClassFindFailedException
instanceKlass com/google/gson/JsonParseException
instanceKlass org/codehaus/groovy/control/ConfigurationException
instanceKlass org/apache/commons/logging/LogConfigurationException
instanceKlass org/w3c/dom/DOMException
instanceKlass groovy/lang/StringWriterIOException
instanceKlass java/lang/IllegalCallerException
instanceKlass java/lang/reflect/MalformedParameterizedTypeException
instanceKlass groovy/lang/GroovyRuntimeException
instanceKlass org/junit/internal/AssumptionViolatedException
instanceKlass io/qameta/allure/AllureResultsWriteException
instanceKlass org/junit/runner/notification/StoppedByUserException
instanceKlass org/apache/maven/surefire/api/report/ReporterException
instanceKlass org/apache/maven/surefire/api/util/SurefireReflectionException
instanceKlass org/apache/maven/surefire/api/util/SurefireReflectionException
instanceKlass org/apache/maven/project/DuplicateArtifactAttachmentException
instanceKlass java/time/DateTimeException
instanceKlass org/eclipse/aether/named/support/LockUpgradeNotSupportedException
instanceKlass java/util/ConcurrentModificationException
instanceKlass com/google/inject/internal/aop/GlueException
instanceKlass java/io/UncheckedIOException
instanceKlass org/apache/maven/artifact/InvalidArtifactRTException
instanceKlass com/google/inject/OutOfScopeException
instanceKlass java/lang/annotation/IncompleteAnnotationException
instanceKlass java/lang/reflect/UndeclaredThrowableException
instanceKlass com/google/common/util/concurrent/UncheckedExecutionException
instanceKlass com/google/common/cache/CacheLoader$InvalidCacheLoadException
instanceKlass java/util/NoSuchElementException
instanceKlass com/google/inject/CreationException
instanceKlass com/google/inject/ConfigurationException
instanceKlass com/google/inject/ProvisionException
instanceKlass java/lang/TypeNotPresentException
instanceKlass java/lang/IndexOutOfBoundsException
instanceKlass java/lang/UnsupportedOperationException
instanceKlass java/lang/SecurityException
instanceKlass java/lang/IllegalStateException
instanceKlass java/lang/IllegalArgumentException
instanceKlass java/lang/ArithmeticException
instanceKlass java/lang/NullPointerException
instanceKlass java/lang/IllegalMonitorStateException
instanceKlass java/lang/ArrayStoreException
instanceKlass java/lang/ClassCastException
ciInstanceKlass java/lang/RuntimeException 1 1 40 10 10 10 10 10 100 7 1 1 1 5 0 1 1 1 1 1 1 1 1 1 1 1 1 1 1 1 1 1 1 1 1 12 12 12 12 12 1 1
instanceKlass javax/crypto/JceSecurityManager
instanceKlass org/codehaus/groovy/reflection/ReflectionUtils$ClassContextHelper
ciInstanceKlass java/lang/SecurityManager 1 1 572 10 9 7 10 100 8 10 10 10 10 100 10 100 10 9 10 10 10 100 8 10 9 9 8 9 100 10 8 10 10 10 100 10 10 100 100 8 10 8 8 8 8 8 8 10 8 8 8 8 8 10 10 8 100 8 10 8 8 8 8 8 10 8 100 8 8 10 8 8 10 100 8 10 10 100 10 10 10 10 10 10 11 18 11 18 11 18 18 11 18 11 9 9 9 9 7 10 10 10 18 18 10 18 10 18 18 8 10 9 11 8 100 10 10 10 9 10 10 8 100 10 9 8 8 100 10 10 10 9 11 10 11 10 7 7 10 10 10 1 1 1 1 1 1 1 1 1 1 1 1 1 1 1 1 1 1 1 1 1 1 1 1 1 1 100 1 1 1 1 1 1 1 1 1 1 1 1 1 1 1 7 1 1 1 1 1 1 1 1 1 1 1 1 1 1 1 1 1 1 1 1 1 1 1 1 1 1 1 1 1 1 1 1 1 1 1 1 1 1 1 1 1 1 1 1 1 1 1 1 1 1 1 1 1 1 1 1 1 1 100 1 1 1 1 1 1 1 1 1 1 1 1 1 1 1 1 1 1 1 1 1 1 1 1 1 1 1 1 7 1 1 1 1 7 1 1 1 1 1 1 1 1 1 1 1 12 12 1 7 12 1 1 12 12 100 12 1 1 12 7 12 12 12 1 1 12 12 1 12 1 1 12 12 12 1 12 1 1 1 12 1 1 1 1 1 1 12 1 1 1 1 1 12 12 1 1 1 1 1 1 1 1 100 12 1 1 1 1 1 1 12 1 1 12 1 12 12 12 7 12 12 7 12 7 12 1 15 16 15 16 12 7 12 16 15 16 12 12 15 16 15 16 12 16 15 16 12 12 12 12 12 12 1 7 12 12 12 15 16 12 15 16 7 12 15 12 12 15 16 15 16 1 12 12 7 12 1 1 12 12 12 12 12 12 1 1 12 1 1 1 12 7 12 12 12 12 12 1 1 12 12 1 1 1 1 1 1 1 1 1 1 1 1 1 1 1 1 1 1 1 1 1 1 1 1 1 1 1 1 1 1 1 1 1 1 1 1 1 1 1 1 1 1 1 1 1 1 10 1 10 1 1 1 1 1 1 10 1 1 1 1 1 10 11 1 1 1 10 1 1 1 1 1 1 10 1 10 1 1 1 11 1 1 10 10 1 1 1 1 1 1 1 1 1 1 1 1 1 1 1 1 1 1 1 1 7 12 7 12 12 12 7 12 12 12 12 12 1 1 100 1 1 1 1 1 1 1 1 100 1 1
staticfield java/lang/SecurityManager packageAccessLock Ljava/lang/Object; java/lang/Object
staticfield java/lang/SecurityManager packageDefinitionLock Ljava/lang/Object; java/lang/Object
staticfield java/lang/SecurityManager nonExportedPkgs Ljava/util/Map; java/util/concurrent/ConcurrentHashMap
ciInstanceKlass java/security/ProtectionDomain 1 1 331 10 9 7 10 9 9 9 10 7 9 9 7 9 9 10 100 10 10 10 10 9 9 10 7 10 100 10 9 8 100 8 10 10 10 10 8 11 8 10 8 8 10 10 10 10 8 10 8 8 10 9 10 9 10 100 100 10 10 7 10 100 10 10 11 11 100 11 10 10 11 11 10 10 10 11 10 8 8 10 7 10 10 7 1 1 100 1 1 1 1 1 1 1 1 1 1 1 1 1 1 1 1 1 1 1 1 1 1 1 1 100 1 100 1 1 1 1 1 1 1 1 1 1 1 1 1 1 1 1 1 1 1 100 1 1 1 1 1 1 1 1 1 1 7 1 1 1 100 1 1 1 1 1 1 1 1 1 1 1 1 1 1 1 1 1 1 1 1 1 100 100 100 100 1 1 1 1 1 100 12 12 1 12 12 12 12 12 1 12 12 1 12 12 100 12 100 12 12 12 12 100 12 12 1 1 12 100 12 1 1 1 12 12 12 1 1 12 1 1 12 12 12 12 1 12 1 1 100 12 12 12 12 12 1 1 100 12 1 1 12 12 12 12 1 12 12 12 12 12 12 100 12 12 12 1 1 7 12 1 7 12 1 1 1 1 1 1 1 1 1 1 1 1 1 1 1 1 1 1 1 1 1 1 1 1 1 1 1 1 1 1 1 1 1 1 1 1 1 1 1 1 1 1 1 1 1 1 1 1 1 1 1 1 1 1 1 1 1 1 1 1 1 1 1 1 1 1 1 1 1
staticfield java/security/ProtectionDomain filePermCompatInPD Z 0
ciInstanceKlass java/security/AccessControlContext 1 1 367 9 9 10 8 10 10 9 9 9 10 7 100 10 11 11 11 11 7 11 10 10 9 10 11 10 7 100 8 10 10 7 10 9 9 9 9 9 9 9 10 9 10 10 8 10 10 10 100 10 10 10 10 8 10 8 10 8 8 10 8 10 8 10 10 10 8 8 100 10 10 100 10 8 10 10 10 8 10 10 10 7 10 10 10 10 10 10 10 10 7 1 1 1 1 1 1 1 1 1 1 1 1 1 1 1 1 1 1 1 1 1 1 1 1 1 1 1 1 1 1 1 1 1 1 100 1 1 1 1 1 1 100 1 1 1 1 1 1 100 1 1 1 1 1 1 1 1 100 1 1 1 1 1 1 1 1 1 1 1 1 1 1 100 1 1 1 1 1 1 1 1 1 1 1 1 1 1 1 1 1 1 1 1 1 1 1 1 1 1 1 1 1 1 1 1 1 1 1 1 1 1 1 1 1 1 1 1 1 1 1 1 1 1 12 12 100 12 1 100 12 12 12 12 12 7 12 1 12 12 12 12 12 1 12 12 7 12 100 12 12 12 1 1 1 12 12 1 7 12 12 12 12 12 12 12 12 7 12 12 12 12 1 12 12 100 12 1 12 100 12 1 12 1 100 12 1 1 12 1 12 1 12 12 12 1 1 1 12 12 1 12 1 12 12 1 12 12 12 1 12 12 12 12 12 12 1 1 1 1 1 1 1 1 1 1 1 1 1 1 1 1 1 1 1 1 1 1 1 1 1 1 1 1 1 1 1 1 1 1 1 1 1 1 1 1 1 1 1 1 1 1 1 1 1 1 1 1 1 1 1 1 1 1 1 1 1
instanceKlass java/net/URLClassLoader
instanceKlass jdk/internal/loader/BuiltinClassLoader
ciInstanceKlass java/security/SecureClassLoader 1 1 127 10 7 10 9 10 10 9 10 10 10 10 10 10 7 10 7 10 7 10 11 7 100 8 10 10 7 7 1 1 7 1 1 1 1 1 1 1 1 1 1 1 1 1 1 1 1 1 1 1 100 1 1 1 1 100 1 1 1 1 1 1 1 1 1 1 1 1 1 1 1 1 1 1 1 1 1 1 1 1 1 12 1 12 12 7 12 12 12 12 12 12 12 12 12 1 1 12 1 12 7 12 1 1 1 12 12 1 1 1 1 1 1 1 1 1 1 1 1 1 1 1 1 1 1 1 1
instanceKlass java/lang/InstantiationException
instanceKlass java/lang/IllegalAccessException
instanceKlass java/lang/NoSuchMethodException
instanceKlass java/lang/reflect/InvocationTargetException
instanceKlass java/lang/NoSuchFieldException
instanceKlass java/lang/ClassNotFoundException
ciInstanceKlass java/lang/ReflectiveOperationException 1 1 34 10 10 10 10 100 7 1 1 1 5 0 1 1 1 1 1 1 1 1 1 1 1 1 1 1 1 1 12 12 12 12 1 1
ciInstanceKlass java/lang/ClassNotFoundException 1 1 37 100 10 10 9 100 7 1 1 1 5 0 1 1 1 1 1 1 1 1 1 1 1 1 1 1 1 1 1 1 1 12 12 12 1 1 1
instanceKlass java/lang/ClassFormatError
instanceKlass java/lang/ExceptionInInitializerError
instanceKlass java/lang/UnsatisfiedLinkError
instanceKlass java/lang/IncompatibleClassChangeError
instanceKlass java/lang/BootstrapMethodError
instanceKlass java/lang/NoClassDefFoundError
ciInstanceKlass java/lang/LinkageError 1 1 31 10 10 10 100 7 1 1 1 5 0 1 1 1 1 1 1 1 1 1 1 1 1 1 1 1 12 12 12 1 1
ciInstanceKlass java/lang/NoClassDefFoundError 1 1 26 10 10 100 7 1 1 1 5 0 1 1 1 1 1 1 1 1 1 1 1 1 12 12 1 1
instanceKlass org/codehaus/groovy/runtime/typehandling/GroovyCastException
ciInstanceKlass java/lang/ClassCastException 1 1 26 10 10 100 7 1 1 1 5 0 1 1 1 1 1 1 1 1 1 1 1 1 12 12 1 1
ciInstanceKlass java/lang/ArrayStoreException 1 1 26 10 10 100 100 1 1 1 5 0 1 1 1 1 1 1 1 1 1 1 1 1 12 12 1 1
instanceKlass java/lang/InternalError
instanceKlass java/lang/StackOverflowError
instanceKlass java/lang/OutOfMemoryError
ciInstanceKlass java/lang/VirtualMachineError 1 1 34 10 10 10 10 100 100 1 1 1 5 0 1 1 1 1 1 1 1 1 1 1 1 1 1 1 1 1 12 12 12 12 1 1
ciInstanceKlass java/lang/OutOfMemoryError 1 1 26 10 10 100 100 1 1 1 5 0 1 1 1 1 1 1 1 1 1 1 1 1 12 12 1 1
ciInstanceKlass java/lang/StackOverflowError 1 1 26 10 10 100 100 1 1 1 5 0 1 1 1 1 1 1 1 1 1 1 1 1 12 12 1 1
ciInstanceKlass java/lang/IllegalMonitorStateException 1 1 26 10 10 100 100 1 1 1 5 0 1 1 1 1 1 1 1 1 1 1 1 1 12 12 1 1
instanceKlass java/lang/ref/PhantomReference
instanceKlass java/lang/ref/FinalReference
instanceKlass java/lang/ref/WeakReference
instanceKlass java/lang/ref/SoftReference
ciInstanceKlass java/lang/ref/Reference 1 1 159 10 9 10 9 9 7 10 10 9 9 10 10 10 9 9 100 10 10 10 7 10 10 10 7 8 10 7 10 10 10 7 10 10 7 1 1 1 1 1 1 1 1 1 1 1 1 1 1 1 1 1 1 1 1 1 1 1 1 1 1 1 1 1 1 1 1 1 1 100 1 1 100 1 1 1 1 1 1 1 1 1 1 1 1 1 1 7 1 1 1 1 1 1 1 1 1 7 1 1 1 1 12 12 12 12 12 1 12 12 12 12 12 12 12 12 12 1 12 12 1 12 12 12 1 1 12 1 12 12 12 1 7 12 1 1 1 1 1 1 1 1 1 1 1 1 1 1 1 1 1 1 1 1 1 1 1 1 1
staticfield java/lang/ref/Reference processPendingLock Ljava/lang/Object; java/lang/Object
instanceKlass sun/security/util/MemoryCache$SoftCacheEntry
instanceKlass freemarker/cache/SoftCacheStorage$SoftValueReference
instanceKlass com/sun/beans/util/Cache$Kind$Soft
instanceKlass org/codehaus/groovy/util/ReferenceType$SoftRef
instanceKlass java/io/ClassCache$CacheRef
instanceKlass org/eclipse/sisu/inject/MildElements$Soft
instanceKlass sun/util/locale/provider/LocaleResources$ResourceReference
instanceKlass sun/util/resources/Bundles$BundleReference
instanceKlass org/eclipse/sisu/inject/MildKeys$Soft
instanceKlass java/lang/invoke/LambdaFormEditor$Transform
instanceKlass jdk/internal/ref/SoftCleanable
instanceKlass sun/util/locale/LocaleObjectCache$CacheEntry
ciInstanceKlass java/lang/ref/SoftReference 1 1 47 10 9 9 10 10 7 7 1 1 1 1 1 1 1 1 1 1 1 1 1 1 1 1 1 1 1 1 1 1 1 1 1 1 100 1 1 1 1 12 12 12 12 12 1 1 1
instanceKlass jdk/internal/jimage/ImageBufferCache$BufferReference
instanceKlass java/util/concurrent/ForkJoinTask$ExceptionNode
instanceKlass org/apache/groovy/util/concurrent/ConcurrentReferenceHashMap$WeakKeyReference
instanceKlass org/apache/commons/logging/impl/WeakHashtable$WeakKey
instanceKlass java/beans/WeakIdentityMap$Entry
instanceKlass org/codehaus/groovy/util/ReferenceType$WeakRef
instanceKlass sun/nio/ch/FileLockTable$FileLockReference
instanceKlass org/eclipse/sisu/inject/MildElements$Weak
instanceKlass java/lang/WeakPairMap$WeakRefPeer
instanceKlass com/google/common/collect/MapMakerInternalMap$AbstractWeakKeyEntry
instanceKlass com/google/common/cache/LocalCache$WeakEntry
instanceKlass java/lang/ClassValue$Entry
instanceKlass java/util/logging/LogManager$LoggerWeakRef
instanceKlass java/util/logging/Level$KnownLevel
instanceKlass org/eclipse/sisu/inject/MildKeys$Weak
instanceKlass java/lang/invoke/MethodType$ConcurrentWeakInternSet$WeakEntry
instanceKlass jdk/internal/ref/WeakCleanable
instanceKlass java/util/WeakHashMap$Entry
instanceKlass java/lang/ThreadLocal$ThreadLocalMap$Entry
ciInstanceKlass java/lang/ref/WeakReference 1 1 31 10 10 100 7 1 1 1 1 1 1 1 1 1 1 1 1 1 1 1 1 1 1 1 1 1 1 12 12 1 1
instanceKlass java/lang/ref/Finalizer
ciInstanceKlass java/lang/ref/FinalReference 1 1 36 10 100 8 10 100 7 1 1 1 1 1 1 1 1 1 1 1 1 1 1 1 1 1 1 1 1 1 1 12 1 1 12 1 1 1
instanceKlass jdk/internal/ref/PhantomCleanable
instanceKlass jdk/internal/ref/Cleaner
ciInstanceKlass java/lang/ref/PhantomReference 1 1 30 10 100 7 1 1 1 1 1 1 1 1 1 1 1 1 1 1 1 1 1 1 1 1 1 1 1 12 1 1
ciInstanceKlass java/lang/ref/Finalizer 1 1 139 9 10 9 9 9 9 7 10 10 7 11 100 10 100 10 10 10 100 10 10 7 10 7 10 10 10 10 7 10 7 10 10 10 7 1 1 1 1 1 1 1 1 1 1 1 1 1 1 1 1 1 1 1 1 1 1 1 1 1 1 1 1 1 1 1 1 1 1 1 1 1 1 1 1 7 1 1 1 1 12 12 12 12 12 12 1 12 12 1 7 12 1 12 1 12 100 12 100 12 1 12 12 1 1 12 12 12 1 12 1 12 12 12 1 1 1 1 1 1 1 1 1 1 1 1 1 1 1 1 1 1 1 1 1 1 1 1 1
staticfield java/lang/ref/Finalizer lock Ljava/lang/Object; java/lang/Object
instanceKlass java/util/concurrent/ForkJoinWorkerThread
instanceKlass org/apache/maven/surefire/shared/utils/logging/MessageUtils$1
instanceKlass java/util/logging/LogManager$Cleaner
instanceKlass org/apache/maven/shared/utils/logging/MessageUtils$1
instanceKlass jdk/internal/misc/InnocuousThread
instanceKlass java/lang/ref/Finalizer$FinalizerThread
instanceKlass java/lang/ref/Reference$ReferenceHandler
ciInstanceKlass java/lang/Thread 1 1 591 9 9 10 9 9 100 8 10 3 8 3 10 10 9 9 9 9 7 100 8 10 9 10 10 10 10 10 10 9 10 10 9 10 10 9 10 9 10 9 9 10 10 9 10 9 100 10 7 10 8 10 10 10 10 10 10 9 100 10 10 10 10 100 11 9 10 10 10 9 10 9 10 100 10 10 10 11 10 10 10 7 10 10 10 10 10 10 10 10 10 10 100 8 10 10 10 8 10 8 10 8 8 10 10 100 8 10 9 9 10 10 10 9 10 100 10 11 9 9 10 100 10 11 100 10 10 11 10 100 10 10 10 8 9 10 11 10 11 10 7 7 1 1 100 1 100 1 100 1 1 1 1 1 1 1 1 1 1 1 1 1 1 1 1 1 1 1 1 100 1 1 1 1 1 1 1 1 1 1 1 1 1 1 3 1 3 1 3 1 1 1 1 1 1 1 1 1 1 1 1 1 1 1 1 1 1 1 1 1 1 1 1 1 1 1 100 1 1 1 1 1 1 1 7 1 1 1 1 1 1 1 1 1 1 1 1 1 7 100 100 100 1 1 1 1 1 1 1 1 1 1 1 1 1 1 1 1 1 1 1 1 1 1 1 1 1 1 1 1 1 1 1 1 1 1 1 1 1 1 1 1 1 1 1 1 1 1 1 1 1 1 1 1 1 1 1 1 1 1 1 1 1 1 1 1 1 1 1 1 1 1 100 100 1 1 1 1 1 1 1 1 1 100 100 1 1 1 1 1 1 1 1 1 1 1 1 1 1 1 1 1 1 1 1 1 1 1 1 1 1 1 1 1 1 1 1 1 1 1 1 1 1 1 1 1 1 100 1 1 1 1 1 1 1 1 1 1 1 1 12 12 12 12 12 1 1 12 1 12 12 12 12 12 12 1 1 1 12 7 12 12 12 12 12 100 12 12 12 12 12 12 12 12 12 7 12 12 12 12 7 12 12 12 12 1 1 1 12 12 12 12 12 12 12 1 12 12 12 1 12 7 12 12 12 12 12 12 12 1 12 12 12 12 12 12 1 12 12 12 12 12 12 12 12 12 1 1 12 12 1 12 1 1 1 100 12 100 12 1 12 12 12 12 12 12 1 12 12 12 12 12 1 12 100 12 1 12 12 12 12 1 12 12 100 12 12 12 12 100 12 12 12 1 1 1 1 1 1 1 1 1 1 1 1 1 1 1 1 1 1 1 1 1 1 1 1 1 1 1 1 1 1 1 1 1 1 1 1 1 1 1 1 1 1 1 1 1 1 1 1 1 1 1 1 1 1 1 1 1 1 1 1 1 1 1 1 1 1 1 1 1 1 1 1 1 1 1 1 1 1
staticfield java/lang/Thread EMPTY_STACK_TRACE [Ljava/lang/StackTraceElement; 0 [Ljava/lang/StackTraceElement;
ciInstanceKlass java/lang/ThreadGroup 1 1 289 10 9 8 9 7 9 9 10 10 10 10 10 9 10 10 9 10 9 9 10 100 10 10 10 9 10 10 9 10 10 10 10 10 10 10 10 10 10 10 100 10 10 10 7 10 7 10 9 10 8 10 10 10 10 11 100 9 100 10 8 10 10 8 10 10 10 10 8 10 8 10 8 7 100 1 1 1 1 1 1 1 1 1 1 1 1 1 1 1 1 1 1 1 1 1 1 1 1 1 1 1 1 1 1 1 1 1 1 1 1 1 1 1 1 1 1 1 1 1 1 1 100 1 1 1 1 1 1 100 1 1 1 1 1 1 1 1 1 1 1 1 1 1 1 1 1 1 1 1 1 1 1 1 1 1 1 1 1 1 1 1 1 1 1 1 1 1 1 1 1 1 1 100 1 1 1 1 1 1 1 1 1 1 1 1 1 12 12 1 12 1 12 12 12 12 12 12 12 12 12 12 12 100 12 12 12 7 12 12 7 12 12 12 12 12 12 12 12 12 12 12 12 12 12 12 1 12 12 1 12 12 12 12 1 12 12 12 12 1 12 1 1 12 12 1 12 12 12 100 1 1 12 1 1 1 1 1 1 1 1 1 1 1 1 1 1 1 1 1 1 1 1 1 1 1 1 1 1 1 1 1 1 1 1 1 1 1 1
ciInstanceKlass java/util/Map 1 1 258 11 11 10 11 11 11 11 7 11 11 100 100 10 11 11 11 11 10 11 11 10 100 10 7 7 10 7 10 7 11 7 11 7 1 1 1 1 1 1 1 1 1 1 1 1 1 1 1 1 1 1 1 1 1 1 1 1 1 1 1 1 1 1 1 1 1 1 1 1 1 1 1 1 1 1 1 1 1 1 1 1 1 1 1 1 1 1 1 1 1 1 1 100 100 1 1 1 1 1 1 100 1 1 1 1 1 1 1 1 1 1 1 1 1 1 1 1 1 1 1 1 1 1 1 1 1 1 1 1 1 1 1 1 1 1 1 1 1 1 1 1 1 1 1 1 1 1 1 1 1 1 1 1 1 1 1 1 1 1 1 1 1 1 1 1 1 1 1 1 1 1 1 1 1 1 1 1 1 1 100 1 1 1 1 1 1 1 1 1 1 1 1 1 1 12 12 7 12 12 7 12 12 12 1 12 12 1 1 12 12 12 12 12 12 12 7 12 7 12 1 1 12 1 1 1 12 1 1 1 12 12 1 1 1 1 1 1 1 1 1 1 1 1 1 1 1 1 1 1 1 1 1 1 1 1 1 1
instanceKlass java/util/Hashtable
ciInstanceKlass java/util/Dictionary 1 1 36 10 100 7 1 1 1 1 1 1 1 1 1 1 1 1 1 1 1 1 1 1 1 1 1 1 1 1 1 1 1 1 1 12 1 1
instanceKlass org/apache/commons/logging/impl/WeakHashtable
instanceKlass java/util/Properties
ciInstanceKlass java/util/Hashtable 1 1 512 100 10 9 100 100 10 8 10 10 10 10 10 8 10 9 7 9 7 4 10 9 4 10 11 10 10 9 10 100 10 9 10 9 10 10 3 9 9 3 10 10 10 11 11 11 11 7 11 11 10 10 10 9 9 9 10 100 100 10 10 8 10 10 8 10 8 10 7 10 10 100 10 10 7 10 100 10 10 7 11 11 100 10 10 10 11 100 10 11 11 10 10 10 10 10 10 10 8 10 100 8 10 4 10 4 10 8 10 10 100 11 10 10 10 10 7 100 100 1 1 1 100 1 1 1 1 1 1 1 1 1 1 1 1 1 1 1 1 1 5 0 1 1 1 1 1 1 1 1 1 1 3 1 3 1 3 1 1 1 1 1 1 1 1 1 1 1 1 1 1 1 1 1 1 1 1 1 1 1 1 1 1 1 1 1 1 1 1 1 1 1 1 1 1 1 100 1 1 1 1 1 7 1 1 1 1 1 1 1 1 1 1 1 1 1 1 1 1 1 1 1 1 1 1 1 1 1 7 1 1 1 1 1 1 1 1 1 1 1 1 1 1 1 1 1 100 1 1 1 1 1 1 1 1 1 1 1 1 1 1 1 1 1 1 1 1 1 1 1 1 1 1 1 1 1 1 100 1 1 1 1 1 1 1 100 1 1 1 1 1 1 1 1 1 1 1 1 1 100 1 1 1 1 1 1 1 1 1 1 1 1 1 1 1 100 1 1 1 100 100 1 1 1 1 1 1 100 1 1 100 1 1 1 1 1 1 1 1 1 1 1 1 12 12 1 1 1 12 12 12 12 7 12 1 12 12 1 12 1 7 12 12 12 12 12 12 12 12 1 12 12 12 12 12 12 12 12 12 12 12 7 12 12 12 1 12 12 12 12 12 12 12 12 1 1 12 1 12 1 1 7 12 1 12 12 1 12 12 1 1 12 1 12 12 1 100 12 12 1 12 12 12 12 12 12 12 12 100 12 12 1 1 12 12 1 12 100 12 1 100 12 12 12 12 1 1 1 1 1 1 1 1 1 1 1 1 1 1 1 1 1 1 1 1 1 1 1 1 1 1 1 1 1 1 1 1 1 1 1 1 1 1 1 1 1 1 1 1 1 1 1 1 1 1 1 1 1 1 1 1 1 1 1 1 1 1 1 1 1 1 1
instanceKlass org/apache/maven/plugin/surefire/SurefireProperties
instanceKlass java/security/Provider
ciInstanceKlass java/util/Properties 1 1 645 10 100 10 7 10 9 9 9 10 10 8 10 7 10 10 8 10 7 10 10 9 10 7 10 10 10 100 8 10 10 10 10 100 3 10 10 10 8 10 10 10 10 10 100 100 10 10 100 9 10 10 10 100 10 10 10 11 11 11 7 11 11 10 8 10 10 100 10 10 10 9 10 10 100 100 100 10 8 8 10 10 10 7 10 10 10 7 10 10 11 10 8 10 11 8 10 11 9 10 10 10 10 10 10 10 10 10 10 10 10 10 10 10 7 10 10 10 10 10 10 10 10 10 10 10 10 10 10 10 10 7 10 100 10 11 4 11 10 10 11 10 10 10 100 8 10 10 10 100 6 0 10 11 10 10 1 1 1 1 1 1 5 0 1 1 1 1 1 1 1 1 1 1 1 1 1 1 1 1 1 1 1 1 1 1 1 1 1 1 1 1 1 1 1 1 1 1 1 1 1 1 1 1 1 1 1 1 1 1 1 1 1 1 1 1 1 1 1 1 1 1 1 100 1 1 1 1 1 1 1 1 1 1 1 1 1 1 1 1 1 1 1 1 1 1 1 1 1 100 1 1 1 1 1 1 1 1 1 100 7 100 1 1 1 100 1 1 1 1 1 1 1 1 1 1 1 1 1 1 1 1 1 1 1 1 1 1 1 1 1 1 1 1 1 1 1 1 7 100 1 1 100 1 1 1 1 1 1 1 1 1 1 1 1 1 1 1 1 1 1 1 1 1 1 1 1 1 1 1 1 1 1 1 1 1 1 1 1 1 1 1 1 1 1 1 1 1 1 1 1 1 1 1 1 1 1 1 1 1 1 1 1 1 1 1 1 1 1 1 1 1 1 1 1 1 1 1 1 1 1 1 1 1 1 1 1 1 1 1 1 1 1 1 100 100 1 1 1 1 100 1 1 1 1 1 12 1 12 1 12 12 12 12 7 12 12 1 7 12 1 12 12 1 12 1 12 12 12 12 1 12 12 12 1 1 12 12 12 12 1 12 12 1 12 12 12 12 12 1 1 12 12 1 100 12 12 12 12 1 12 7 12 12 12 1 12 12 12 1 12 12 1 12 100 12 100 12 12 100 12 1 1 1 1 1 12 12 12 1 12 12 1 12 12 7 12 1 12 1 12 12 12 12 12 12 12 12 12 12 12 12 12 12 1 12 12 12 12 12 12 12 12 12 12 12 12 12 12 12 1 12 1 12 12 12 12 12 100 12 12 1 1 12 100 12 1 12 100 12 12 12 1 1 1 1 1 1 1 1 1 1 1 1 1 1 1 1 1 1 1 1 1 1 1 1 1 1 1 1 1 1 1 1 1 1 1 1 1 1 1 1 1 1 1 1 1 1 1 1 1 1 1 1 1 1 1 1 1 1 100 1 1 1 1 1 1 1 1 1 1 1 1 1 1 1 1 1 1 1 1 1 1 1 1 1 1 1 1 1 1 1 1 1 1
staticfield java/util/Properties UNSAFE Ljdk/internal/misc/Unsafe; jdk/internal/misc/Unsafe
staticfield java/util/Properties hexDigit [C 16
ciInstanceKlass java/lang/Module 1 1 907 10 9 10 9 9 9 10 10 10 10 7 10 10 7 11 7 10 10 9 10 10 8 10 10 10 9 11 9 10 9 10 10 100 100 10 10 8 10 10 10 10 10 10 9 10 10 9 10 10 9 11 7 10 9 9 10 7 7 10 100 8 10 10 10 8 10 10 10 10 8 8 10 10 10 18 10 11 9 11 10 100 8 10 7 10 10 11 11 9 11 10 10 9 10 10 10 10 18 11 10 11 10 11 4 10 7 10 11 7 10 11 7 10 7 8 10 10 7 10 10 7 7 10 9 100 10 11 10 10 10 11 7 10 11 10 11 10 10 10 10 10 10 10 10 18 11 11 18 10 10 10 7 10 10 10 9 7 10 10 10 10 10 10 10 10 10 9 18 10 7 100 8 10 10 10 100 10 100 8 100 10 100 100 3 10 100 10 10 10 100 10 10 100 100 10 8 10 10 10 10 10 10 10 100 10 10 10 100 8 10 10 8 10 8 10 10 10 8 10 7 10 10 10 11 100 7 1 1 1 1 1 1 1 1 1 1 1 1 1 1 1 1 1 1 1 1 1 1 1 1 1 1 1 1 1 1 1 1 1 1 1 1 1 1 1 1 1 1 1 1 1 1 7 1 1 1 1 1 1 1 1 1 1 100 1 1 1 1 1 1 1 1 1 1 1 1 1 1 1 1 1 1 1 1 1 1 1 1 1 1 1 1 1 1 1 1 1 1 1 1 1 1 1 1 1 1 1 1 1 1 1 1 1 1 1 1 1 1 1 1 100 1 1 1 1 1 1 1 1 1 1 1 1 1 1 1 1 1 1 1 1 100 1 1 1 1 1 1 1 1 1 1 1 1 1 1 1 1 1 1 1 1 1 1 1 1 1 1 1 1 1 1 1 7 7 7 7 7 1 1 1 1 1 1 1 1 1 1 1 1 1 1 1 1 1 1 1 1 100 1 1 1 1 1 1 1 1 1 1 1 1 1 1 1 1 1 1 1 1 100 1 1 1 1 1 1 1 1 1 1 1 1 1 100 100 1 100 1 1 1 1 1 100 1 1 1 1 1 1 1 1 1 1 1 1 1 1 1 1 1 7 1 1 1 1 1 1 1 1 1 12 12 12 12 12 12 12 12 12 12 1 7 12 12 1 12 12 7 12 100 12 12 12 1 12 12 12 12 12 12 7 12 12 100 12 12 1 1 12 1 12 12 12 12 12 12 12 12 12 12 12 12 12 12 1 12 12 12 12 1 1 12 1 1 12 12 1 12 12 12 12 1 1 12 12 12 1 15 16 15 16 12 12 12 12 12 7 12 1 1 1 12 12 12 12 12 12 12 12 12 12 7 12 16 15 16 12 12 100 12 12 12 12 12 1 12 1 12 1 7 12 100 1 1 1 12 12 1 12 12 1 1 12 12 1 12 12 12 12 1 12 12 12 12 12 12 12 12 12 12 12 16 15 16 12 12 12 15 16 12 12 12 12 1 12 12 12 12 1 12 12 12 12 12 12 12 16 15 16 12 100 12 1 1 1 12 12 12 1 12 1 1 1 1 1 12 1 12 12 12 1 12 12 1 1 12 1 12 12 100 12 12 12 12 12 1 12 12 1 1 12 100 12 1 12 1 12 12 12 1 1 12 12 12 1 1 1 1 1 1 1 1 1 1 1 1 1 1 1 1 1 1 1 1 1 1 1 1 1 1 1 1 1 1 1 1 1 1 1 1 1 1 1 1 1 1 1 1 1 1 1 1 1 1 1 1 1 1 1 1 1 1 1 1 10 10 1 1 1 1 1 1 1 1 1 1 1 1 1 1 1 1 10 1 1 1 1 1 1 1 1 1 1 1 1 1 1 1 1 1 1 1 1 1 1 1 1 1 1 1 1 1 1 1 1 1 1 10 1 1 1 1 1 1 10 1 1 1 1 1 1 10 1 1 1 1 1 1 1 1 1 1 1 1 1 1 1 1 1 1 1 1 1 1 1 1 1 1 1 1 1 1 1 1 1 1 1 1 1 1 7 12 12 100 12 12 12 1 1 100 1 1 1 100 1 1
staticfield java/lang/Module ALL_UNNAMED_MODULE Ljava/lang/Module; java/lang/Module
staticfield java/lang/Module ALL_UNNAMED_MODULE_SET Ljava/util/Set; java/util/ImmutableCollections$Set12
staticfield java/lang/Module EVERYONE_MODULE Ljava/lang/Module; java/lang/Module
staticfield java/lang/Module EVERYONE_SET Ljava/util/Set; java/util/ImmutableCollections$Set12
staticfield java/lang/Module $assertionsDisabled Z 1
instanceKlass java/lang/reflect/Executable
instanceKlass java/lang/reflect/Field
ciInstanceKlass java/lang/reflect/AccessibleObject 1 1 405 10 9 10 10 10 10 7 10 10 9 7 10 11 7 100 10 7 100 10 10 7 10 10 7 10 7 10 10 10 10 10 10 10 10 10 10 8 100 10 10 8 10 10 8 8 8 8 8 8 100 10 10 9 10 10 10 18 10 10 10 11 100 100 8 10 10 10 8 10 8 10 10 100 8 10 11 10 10 10 10 10 9 100 10 10 9 10 8 10 8 10 9 100 10 7 10 10 7 9 7 7 1 1 1 1 1 1 1 1 1 1 1 1 1 1 1 1 100 1 1 1 1 1 1 1 1 1 1 1 1 1 1 1 1 1 1 1 1 1 1 1 1 1 1 1 1 1 1 1 1 1 1 1 1 1 1 1 7 100 1 1 1 1 1 1 1 1 1 1 1 1 1 1 1 1 1 1 1 1 1 1 1 1 1 1 1 1 1 1 1 1 1 1 1 1 1 1 1 1 1 1 1 1 100 1 1 1 1 1 1 1 1 1 1 1 1 1 1 1 1 1 7 12 100 12 12 12 7 12 7 12 12 12 12 1 12 12 1 1 12 1 1 12 12 1 12 12 1 12 1 7 12 12 12 12 12 12 12 12 1 1 12 1 12 12 1 1 1 1 1 1 1 12 12 12 12 12 7 12 1 15 16 15 16 12 12 12 1 1 1 12 12 1 12 1 12 1 1 12 12 12 12 12 12 12 12 12 12 100 12 1 100 12 1 12 12 1 1 1 1 7 12 1 12 1 1 1 1 1 1 1 1 1 1 1 1 1 1 1 1 1 1 1 1 1 1 1 1 1 1 1 1 1 1 1 1 1 1 1 1 1 1 1 1 1 1 1 1 1 1 1 10 10 1 1 1 1 1 1 1 1 1 1 1 1 1 1 1 1 1 1 1 1 7 12 12 1 1 100 1 1 100 1 1
staticfield java/lang/reflect/AccessibleObject reflectionFactory Ljdk/internal/reflect/ReflectionFactory; jdk/internal/reflect/ReflectionFactory
ciInstanceKlass java/lang/reflect/Field 1 1 433 9 10 10 10 9 10 10 10 10 9 9 9 9 9 9 9 7 8 10 7 10 9 9 10 10 10 10 10 10 7 10 10 10 10 10 10 10 100 10 8 10 10 8 10 10 8 8 10 11 9 10 10 11 11 11 11 11 11 11 11 11 11 11 11 11 11 11 11 11 11 10 10 10 10 10 9 10 10 10 10 11 10 7 10 10 9 10 11 10 10 9 10 10 7 100 1 1 1 1 1 1 1 1 1 1 1 1 1 1 1 1 1 1 1 1 1 1 1 1 1 1 1 1 1 1 1 1 1 1 1 1 1 1 1 1 1 1 1 1 1 1 1 1 1 1 1 1 1 1 1 1 1 1 1 1 1 1 1 1 1 1 1 1 1 1 1 1 1 7 1 1 1 1 100 1 1 1 7 1 1 1 1 1 1 1 1 1 1 1 1 1 1 1 1 1 1 1 1 1 1 1 1 1 1 1 1 1 1 1 1 1 1 1 1 1 1 1 1 1 1 1 1 1 1 1 1 1 1 7 100 1 1 1 1 1 7 1 1 1 1 1 1 1 1 1 1 1 1 1 1 1 1 1 1 1 1 7 100 1 1 1 1 1 1 1 1 12 12 100 12 100 12 12 12 12 7 12 12 12 12 12 12 12 12 12 1 1 12 1 12 12 12 12 7 12 12 12 12 12 1 12 12 12 12 12 12 1 1 12 12 1 12 12 1 1 12 12 12 12 12 12 12 12 12 12 12 12 12 12 12 12 12 12 12 12 12 12 12 12 12 12 12 7 12 12 7 12 12 12 1 100 12 7 12 12 7 12 7 12 12 12 7 12 7 12 12 1 1 1 1 1 1 1 1 1 1 1 1 1 1 1 1 1 1 1 1 1 1 1 1 1 1 1 1 1 1 1 1 1 1 1 1 1 1 1 1 1 1 1 1 1 1 1 1 1 1 1 1 1 1 1 1 100 1 1 1 1 1 1 1 1 1
ciInstanceKlass java/lang/reflect/Parameter 1 1 226 10 9 9 9 9 7 10 10 10 100 10 10 11 10 10 10 10 10 8 8 10 10 10 8 10 8 10 9 10 9 10 10 10 10 10 10 10 10 11 10 100 10 10 10 10 10 9 100 10 11 11 7 100 1 1 1 1 1 1 1 1 1 1 1 1 1 1 1 1 1 1 1 1 1 1 1 1 1 1 1 1 1 1 1 1 1 1 1 1 1 1 1 100 7 1 1 1 1 1 1 1 1 1 1 1 100 1 1 1 1 1 1 1 1 1 1 1 1 1 1 1 1 1 1 1 1 1 1 100 1 1 1 12 12 12 12 12 1 12 12 100 12 1 12 12 12 100 12 12 12 12 1 1 12 12 12 1 1 12 12 12 12 12 12 12 12 12 100 12 12 100 12 12 1 100 12 12 12 12 12 12 1 12 12 1 1 1 1 1 1 1 1 1 1 1 1 1 1 1 1 1 1 1 1 1 1 1 1 1 1 1 1 1 1 1 1 1 1 1 1 1 1 1 1 1
instanceKlass java/lang/reflect/Constructor
instanceKlass java/lang/reflect/Method
ciInstanceKlass java/lang/reflect/Executable 1 1 458 10 10 10 11 10 10 10 10 10 7 8 7 10 10 10 7 8 10 10 10 10 8 8 10 10 100 8 10 8 10 8 11 10 10 11 10 8 8 10 10 100 10 10 10 10 10 10 7 10 10 10 10 10 7 10 7 8 10 10 3 100 8 10 10 10 10 10 8 8 8 9 10 100 8 9 10 10 10 10 10 10 7 10 10 100 10 7 10 10 11 10 10 10 9 10 7 10 10 9 10 10 9 10 9 10 9 7 100 100 1 1 1 1 1 1 1 1 1 1 1 1 1 1 1 1 1 1 1 1 1 1 1 1 1 1 1 1 1 1 1 1 1 1 1 1 1 1 1 1 1 1 1 1 1 1 1 1 1 1 1 1 1 1 1 1 1 1 100 1 1 1 1 1 1 1 1 1 1 1 1 1 1 1 1 1 100 100 7 1 1 1 1 1 1 1 1 1 1 1 1 1 1 1 1 1 1 1 1 1 1 1 1 1 1 1 1 1 1 1 1 1 1 1 1 1 1 1 1 1 1 1 1 1 1 1 1 1 1 1 1 1 1 1 1 1 1 1 1 1 1 1 1 1 1 1 1 1 1 7 100 100 1 1 1 1 1 1 1 1 1 1 1 1 12 7 12 12 7 12 7 12 12 12 12 12 1 1 1 12 12 1 1 12 7 12 12 12 1 1 12 1 1 12 1 12 1 7 12 12 12 1 1 12 12 1 12 12 7 12 12 12 1 12 12 12 12 7 12 12 1 1 12 12 1 1 12 12 12 12 1 1 1 12 12 1 1 12 12 12 12 12 12 12 12 12 1 100 12 1 7 12 12 12 12 100 12 12 12 12 1 12 12 7 12 7 12 12 12 12 12 12 12 1 1 1 1 1 1 1 1 1 1 1 1 1 1 1 1 1 1 1 1 1 1 1 1 1 1 1 1 1 1 1 1 1 1 1 1 1 1 1 1 1 1 1 1 1 1 1 1 1 1 1 1 1 1 1 1 1 1 1 100 1 1 1 1 1 1 1 1 1 1 1 1 1 1 1
ciInstanceKlass java/lang/reflect/Method 1 1 441 9 10 10 9 10 10 10 10 9 9 9 9 9 9 9 9 9 9 9 7 8 10 7 10 9 8 10 10 10 10 10 10 10 7 10 10 10 7 10 10 10 10 10 10 10 10 10 10 10 10 10 10 10 7 8 10 100 8 10 10 10 10 10 10 10 11 9 10 10 10 10 11 10 7 10 10 10 10 9 10 10 10 10 10 11 10 7 100 100 10 10 10 100 10 8 10 10 10 10 10 8 10 7 1 1 1 1 1 1 1 1 1 1 1 1 1 1 1 1 1 1 1 1 1 1 1 1 1 1 1 1 1 1 1 1 1 1 1 1 1 1 1 1 1 1 1 1 1 1 1 1 1 1 1 1 1 1 1 1 1 1 1 1 1 1 1 1 1 1 1 1 1 1 1 1 1 1 1 1 1 1 1 1 1 1 1 1 1 1 1 1 1 1 1 1 1 1 1 1 1 1 1 1 1 1 1 1 1 1 1 7 100 7 7 1 7 7 1 1 1 1 1 1 1 1 1 1 1 1 1 1 1 1 1 1 1 1 1 1 1 1 1 1 1 1 1 1 1 1 1 1 1 1 1 1 12 7 12 7 12 12 12 12 7 12 12 12 12 12 12 12 12 12 12 12 12 12 1 1 12 1 12 12 1 7 12 7 12 12 12 12 12 12 1 12 12 7 12 12 7 12 12 12 12 12 7 12 12 12 12 12 12 12 1 1 1 1 12 12 12 12 12 12 12 7 12 12 12 12 12 12 12 1 12 12 12 12 12 7 12 12 7 12 7 12 7 12 7 12 7 12 1 1 1 12 12 12 1 1 12 12 12 12 1 12 1 1 1 1 1 1 1 1 1 1 1 1 1 1 1 1 1 1 1 1 1 1 1 1 1 1 1 1 1 1 1 1 1 1 1 1 1 1 1 1 1 1 1 1 1 1 1 1 1 1 1 1 1 1 1 1 1 1 1 1 1 1 1 1 1 1 1 1 1 1 1 1 1 1 1
ciInstanceKlass java/lang/reflect/Constructor 1 1 415 10 10 9 10 10 10 9 10 9 9 9 9 9 9 9 9 7 8 10 7 10 9 10 10 10 10 10 7 100 8 10 10 10 10 10 100 10 7 10 10 10 10 10 10 10 10 10 7 8 10 10 7 8 10 10 10 10 10 10 10 9 10 10 100 8 10 11 10 10 10 9 10 10 10 10 10 10 10 10 10 100 8 10 10 10 10 10 10 10 11 9 10 10 7 1 1 1 1 1 1 1 1 1 1 1 1 1 1 1 1 1 1 1 1 1 1 1 1 1 1 1 1 1 1 1 1 1 1 1 1 1 1 1 1 1 1 1 1 1 1 1 1 1 1 1 1 1 1 1 1 1 1 1 1 1 1 1 1 1 1 1 1 1 1 1 1 1 1 1 1 1 1 1 1 1 1 1 1 1 1 1 1 1 1 1 1 1 1 1 1 1 1 1 1 1 1 1 7 1 7 7 7 1 1 1 1 1 1 1 1 1 1 1 1 1 1 1 1 1 1 1 1 1 1 1 1 1 1 1 1 1 1 1 1 1 1 1 1 1 7 12 7 12 12 12 12 7 12 12 12 12 12 12 12 12 12 12 12 1 1 12 1 12 12 7 12 7 12 12 12 12 1 1 1 12 12 12 12 1 7 12 12 7 12 12 7 12 12 12 12 12 1 1 12 1 1 12 12 12 12 12 12 12 12 12 12 1 1 12 12 12 12 12 12 7 12 12 12 12 12 12 12 12 12 1 1 12 12 12 12 100 12 100 12 100 12 100 12 12 1 1 1 1 1 1 1 1 1 1 1 1 1 1 1 1 1 1 1 1 1 1 1 1 1 1 1 1 1 1 1 1 1 1 1 1 1 1 1 1 1 1 1 1 1 1 1 1 1 1 1 1 1 1 1 1 1 1 1 1 1 1 1 1 1 100 1 1 1 1 1 1 1 1 1
instanceKlass jdk/internal/reflect/FieldAccessorImpl
instanceKlass jdk/internal/reflect/ConstructorAccessorImpl
instanceKlass jdk/internal/reflect/MethodAccessorImpl
ciInstanceKlass jdk/internal/reflect/MagicAccessorImpl 1 1 16 10 100 7 1 1 1 1 1 1 1 1 1 12 1 1
instanceKlass jdk/internal/reflect/GeneratedMethodAccessor95
instanceKlass jdk/internal/reflect/GeneratedMethodAccessor94
instanceKlass jdk/internal/reflect/GeneratedMethodAccessor93
instanceKlass jdk/internal/reflect/GeneratedMethodAccessor92
instanceKlass jdk/internal/reflect/GeneratedMethodAccessor91
instanceKlass jdk/internal/reflect/GeneratedMethodAccessor90
instanceKlass jdk/internal/reflect/GeneratedMethodAccessor89
instanceKlass jdk/internal/reflect/GeneratedMethodAccessor88
instanceKlass jdk/internal/reflect/GeneratedMethodAccessor87
instanceKlass jdk/internal/reflect/GeneratedMethodAccessor86
instanceKlass jdk/internal/reflect/GeneratedMethodAccessor85
instanceKlass jdk/internal/reflect/GeneratedMethodAccessor84
instanceKlass jdk/internal/reflect/GeneratedMethodAccessor83
instanceKlass jdk/internal/reflect/GeneratedMethodAccessor82
instanceKlass jdk/internal/reflect/GeneratedMethodAccessor81
instanceKlass jdk/internal/reflect/GeneratedMethodAccessor80
instanceKlass jdk/internal/reflect/GeneratedMethodAccessor79
instanceKlass jdk/internal/reflect/GeneratedMethodAccessor78
instanceKlass jdk/internal/reflect/GeneratedMethodAccessor77
instanceKlass jdk/internal/reflect/GeneratedMethodAccessor76
instanceKlass jdk/internal/reflect/GeneratedMethodAccessor75
instanceKlass jdk/internal/reflect/GeneratedMethodAccessor74
instanceKlass jdk/internal/reflect/GeneratedMethodAccessor73
instanceKlass jdk/internal/reflect/GeneratedMethodAccessor72
instanceKlass jdk/internal/reflect/GeneratedMethodAccessor71
instanceKlass jdk/internal/reflect/GeneratedMethodAccessor70
instanceKlass jdk/internal/reflect/GeneratedMethodAccessor69
instanceKlass jdk/internal/reflect/GeneratedMethodAccessor68
instanceKlass jdk/internal/reflect/GeneratedMethodAccessor67
instanceKlass jdk/internal/reflect/GeneratedMethodAccessor66
instanceKlass jdk/internal/reflect/GeneratedMethodAccessor65
instanceKlass jdk/internal/reflect/GeneratedMethodAccessor64
instanceKlass jdk/internal/reflect/GeneratedMethodAccessor63
instanceKlass jdk/internal/reflect/GeneratedMethodAccessor62
instanceKlass jdk/internal/reflect/GeneratedMethodAccessor61
instanceKlass jdk/internal/reflect/GeneratedMethodAccessor60
instanceKlass jdk/internal/reflect/GeneratedMethodAccessor59
instanceKlass jdk/internal/reflect/GeneratedMethodAccessor58
instanceKlass jdk/internal/reflect/GeneratedMethodAccessor57
instanceKlass jdk/internal/reflect/GeneratedMethodAccessor56
instanceKlass jdk/internal/reflect/GeneratedMethodAccessor55
instanceKlass jdk/internal/reflect/GeneratedMethodAccessor54
instanceKlass jdk/internal/reflect/GeneratedMethodAccessor53
instanceKlass jdk/internal/reflect/GeneratedMethodAccessor52
instanceKlass jdk/internal/reflect/GeneratedMethodAccessor51
instanceKlass jdk/internal/reflect/GeneratedMethodAccessor50
instanceKlass jdk/internal/reflect/GeneratedMethodAccessor49
instanceKlass jdk/internal/reflect/GeneratedMethodAccessor48
instanceKlass jdk/internal/reflect/GeneratedMethodAccessor47
instanceKlass jdk/internal/reflect/GeneratedMethodAccessor46
instanceKlass jdk/internal/reflect/GeneratedMethodAccessor45
instanceKlass jdk/internal/reflect/GeneratedMethodAccessor44
instanceKlass jdk/internal/reflect/GeneratedMethodAccessor43
instanceKlass jdk/internal/reflect/GeneratedMethodAccessor42
instanceKlass jdk/internal/reflect/GeneratedMethodAccessor41
instanceKlass jdk/internal/reflect/GeneratedMethodAccessor40
instanceKlass jdk/internal/reflect/GeneratedMethodAccessor39
instanceKlass jdk/internal/reflect/GeneratedMethodAccessor38
instanceKlass jdk/internal/reflect/GeneratedMethodAccessor37
instanceKlass jdk/internal/reflect/GeneratedMethodAccessor36
instanceKlass jdk/internal/reflect/GeneratedMethodAccessor35
instanceKlass jdk/internal/reflect/GeneratedMethodAccessor34
instanceKlass jdk/internal/reflect/GeneratedMethodAccessor33
instanceKlass jdk/internal/reflect/GeneratedMethodAccessor32
instanceKlass jdk/internal/reflect/GeneratedMethodAccessor31
instanceKlass jdk/internal/reflect/GeneratedMethodAccessor30
instanceKlass jdk/internal/reflect/GeneratedMethodAccessor29
instanceKlass jdk/internal/reflect/GeneratedMethodAccessor28
instanceKlass jdk/internal/reflect/GeneratedMethodAccessor27
instanceKlass jdk/internal/reflect/GeneratedMethodAccessor26
instanceKlass jdk/internal/reflect/GeneratedMethodAccessor25
instanceKlass jdk/internal/reflect/GeneratedMethodAccessor24
instanceKlass jdk/internal/reflect/GeneratedMethodAccessor23
instanceKlass jdk/internal/reflect/GeneratedMethodAccessor22
instanceKlass jdk/internal/reflect/GeneratedMethodAccessor21
instanceKlass jdk/internal/reflect/GeneratedMethodAccessor20
instanceKlass jdk/internal/reflect/GeneratedMethodAccessor19
instanceKlass jdk/internal/reflect/GeneratedMethodAccessor18
instanceKlass jdk/internal/reflect/GeneratedMethodAccessor17
instanceKlass jdk/internal/reflect/GeneratedMethodAccessor16
instanceKlass jdk/internal/reflect/GeneratedMethodAccessor15
instanceKlass jdk/internal/reflect/GeneratedMethodAccessor14
instanceKlass jdk/internal/reflect/GeneratedMethodAccessor13
instanceKlass jdk/internal/reflect/GeneratedMethodAccessor12
instanceKlass jdk/internal/reflect/GeneratedMethodAccessor11
instanceKlass jdk/internal/reflect/GeneratedMethodAccessor10
instanceKlass jdk/internal/reflect/GeneratedMethodAccessor9
instanceKlass jdk/internal/reflect/GeneratedMethodAccessor8
instanceKlass jdk/internal/reflect/GeneratedMethodAccessor7
instanceKlass jdk/internal/reflect/GeneratedMethodAccessor6
instanceKlass jdk/internal/reflect/GeneratedMethodAccessor5
instanceKlass jdk/internal/reflect/GeneratedMethodAccessor4
instanceKlass jdk/internal/reflect/GeneratedMethodAccessor3
instanceKlass jdk/internal/reflect/GeneratedMethodAccessor2
instanceKlass jdk/internal/reflect/GeneratedMethodAccessor1
instanceKlass jdk/internal/reflect/DelegatingMethodAccessorImpl
instanceKlass jdk/internal/reflect/NativeMethodAccessorImpl
ciInstanceKlass jdk/internal/reflect/MethodAccessorImpl 1 1 25 10 100 7 100 1 1 1 1 1 1 1 1 1 1 100 100 1 1 12 1 1 1 1 1
instanceKlass jdk/internal/reflect/GeneratedConstructorAccessor47
instanceKlass jdk/internal/reflect/GeneratedConstructorAccessor46
instanceKlass jdk/internal/reflect/GeneratedConstructorAccessor45
instanceKlass jdk/internal/reflect/GeneratedConstructorAccessor44
instanceKlass jdk/internal/reflect/GeneratedConstructorAccessor43
instanceKlass jdk/internal/reflect/GeneratedConstructorAccessor42
instanceKlass jdk/internal/reflect/GeneratedConstructorAccessor41
instanceKlass jdk/internal/reflect/GeneratedConstructorAccessor40
instanceKlass jdk/internal/reflect/GeneratedConstructorAccessor39
instanceKlass jdk/internal/reflect/GeneratedConstructorAccessor38
instanceKlass jdk/internal/reflect/GeneratedConstructorAccessor37
instanceKlass jdk/internal/reflect/GeneratedConstructorAccessor36
instanceKlass jdk/internal/reflect/GeneratedConstructorAccessor35
instanceKlass jdk/internal/reflect/GeneratedConstructorAccessor34
instanceKlass jdk/internal/reflect/GeneratedConstructorAccessor33
instanceKlass jdk/internal/reflect/GeneratedConstructorAccessor32
instanceKlass jdk/internal/reflect/GeneratedConstructorAccessor31
instanceKlass jdk/internal/reflect/GeneratedConstructorAccessor30
instanceKlass jdk/internal/reflect/GeneratedConstructorAccessor29
instanceKlass jdk/internal/reflect/GeneratedConstructorAccessor28
instanceKlass jdk/internal/reflect/GeneratedConstructorAccessor27
instanceKlass jdk/internal/reflect/GeneratedConstructorAccessor26
instanceKlass jdk/internal/reflect/GeneratedConstructorAccessor25
instanceKlass jdk/internal/reflect/GeneratedConstructorAccessor24
instanceKlass jdk/internal/reflect/GeneratedConstructorAccessor23
instanceKlass jdk/internal/reflect/GeneratedConstructorAccessor22
instanceKlass jdk/internal/reflect/GeneratedConstructorAccessor21
instanceKlass jdk/internal/reflect/GeneratedConstructorAccessor20
instanceKlass jdk/internal/reflect/GeneratedConstructorAccessor19
instanceKlass jdk/internal/reflect/GeneratedConstructorAccessor18
instanceKlass jdk/internal/reflect/GeneratedConstructorAccessor17
instanceKlass jdk/internal/reflect/GeneratedConstructorAccessor16
instanceKlass jdk/internal/reflect/GeneratedConstructorAccessor15
instanceKlass jdk/internal/reflect/GeneratedConstructorAccessor14
instanceKlass jdk/internal/reflect/GeneratedConstructorAccessor13
instanceKlass jdk/internal/reflect/GeneratedConstructorAccessor12
instanceKlass jdk/internal/reflect/GeneratedConstructorAccessor11
instanceKlass jdk/internal/reflect/GeneratedConstructorAccessor10
instanceKlass jdk/internal/reflect/GeneratedConstructorAccessor9
instanceKlass jdk/internal/reflect/GeneratedConstructorAccessor8
instanceKlass jdk/internal/reflect/SerializationConstructorAccessorImpl
instanceKlass jdk/internal/reflect/GeneratedConstructorAccessor7
instanceKlass jdk/internal/reflect/GeneratedConstructorAccessor6
instanceKlass jdk/internal/reflect/GeneratedConstructorAccessor5
instanceKlass jdk/internal/reflect/GeneratedConstructorAccessor4
instanceKlass jdk/internal/reflect/GeneratedConstructorAccessor3
instanceKlass jdk/internal/reflect/GeneratedConstructorAccessor2
instanceKlass jdk/internal/reflect/BootstrapConstructorAccessorImpl
instanceKlass jdk/internal/reflect/GeneratedConstructorAccessor1
instanceKlass jdk/internal/reflect/DelegatingConstructorAccessorImpl
instanceKlass jdk/internal/reflect/NativeConstructorAccessorImpl
ciInstanceKlass jdk/internal/reflect/ConstructorAccessorImpl 1 1 27 10 100 7 100 1 1 1 1 1 1 1 1 1 1 100 100 100 1 1 12 1 1 1 1 1 1
ciInstanceKlass jdk/internal/reflect/DelegatingClassLoader 1 1 18 10 100 7 1 1 1 1 1 1 1 1 1 1 1 12 1 1
ciInstanceKlass jdk/internal/reflect/ConstantPool 1 1 138 10 9 10 10 10 10 10 10 10 10 10 10 10 10 10 10 10 10 10 10 10 7 7 8 10 100 100 1 1 1 1 1 1 1 1 1 1 1 1 1 1 1 1 1 1 1 1 1 1 1 1 1 1 1 1 1 1 1 1 1 1 1 1 1 1 1 1 1 1 1 1 1 1 1 1 1 1 1 1 1 1 1 1 1 1 1 1 1 1 1 1 1 1 1 1 1 1 1 1 1 1 1 1 1 1 12 12 12 12 12 12 12 12 12 12 12 12 12 12 12 12 12 12 12 12 12 1 1 7 12 1 1 1 1 1 1 1
instanceKlass jdk/internal/reflect/UnsafeFieldAccessorImpl
ciInstanceKlass jdk/internal/reflect/FieldAccessorImpl 1 1 59 10 100 7 100 1 1 1 1 1 1 1 1 1 1 100 1 1 1 1 1 1 1 1 1 1 1 1 1 1 1 1 1 1 100 1 1 1 1 1 1 1 1 1 1 1 1 1 1 1 1 1 1 12 1 1 1 1 1
instanceKlass jdk/internal/reflect/UnsafeIntegerFieldAccessorImpl
instanceKlass jdk/internal/reflect/UnsafeBooleanFieldAccessorImpl
instanceKlass jdk/internal/reflect/UnsafeQualifiedFieldAccessorImpl
instanceKlass jdk/internal/reflect/UnsafeObjectFieldAccessorImpl
instanceKlass jdk/internal/reflect/UnsafeStaticFieldAccessorImpl
ciInstanceKlass jdk/internal/reflect/UnsafeFieldAccessorImpl 1 1 254 10 9 10 10 9 10 9 10 10 9 10 10 10 10 100 10 10 10 8 10 10 100 8 10 8 10 8 10 100 10 10 8 10 8 10 8 10 8 10 8 10 8 10 8 10 8 10 8 10 10 8 8 8 8 8 8 10 8 8 8 10 10 7 7 1 1 1 1 1 1 1 1 1 1 1 1 1 1 1 1 7 1 1 1 1 1 1 1 1 1 1 1 1 1 1 1 7 100 1 1 1 1 1 1 1 1 1 1 1 1 1 1 1 1 1 1 1 1 1 1 1 1 1 1 1 1 1 1 1 1 1 1 1 1 1 1 1 12 12 12 7 12 12 7 12 12 12 12 12 12 12 7 12 12 1 12 12 1 12 1 1 12 1 12 1 12 1 12 1 12 1 100 12 1 100 12 1 100 12 1 100 12 1 100 12 1 100 12 1 100 12 1 100 12 12 1 1 1 1 1 1 12 1 1 1 12 12 1 1 1 1 1 1 1 1 1 1 1 1 1 1 1 1 1 1 1 1 1 1 1 1 1 1 1 1 1 1 1 1 1 1 1 1 1 1 1 1 1 1 1 1 1 1
staticfield jdk/internal/reflect/UnsafeFieldAccessorImpl unsafe Ljdk/internal/misc/Unsafe; jdk/internal/misc/Unsafe
instanceKlass jdk/internal/reflect/UnsafeStaticObjectFieldAccessorImpl
instanceKlass jdk/internal/reflect/UnsafeQualifiedStaticFieldAccessorImpl
ciInstanceKlass jdk/internal/reflect/UnsafeStaticFieldAccessorImpl 1 1 43 10 9 10 9 7 7 8 10 7 1 1 1 1 1 1 1 1 1 1 1 1 1 1 1 12 12 7 12 12 1 1 7 12 1 1 1 1 1 1 1 1 1
ciInstanceKlass jdk/internal/reflect/CallerSensitive 1 1 17 100 100 100 1 1 1 1 1 1 1 1 1 1 1 1 1
instanceKlass java/lang/invoke/DelegatingMethodHandle
instanceKlass java/lang/invoke/BoundMethodHandle
instanceKlass java/lang/invoke/DirectMethodHandle
ciInstanceKlass java/lang/invoke/MethodHandle 1 1 489 9 10 10 7 7 10 9 10 10 10 10 10 10 11 10 10 10 9 10 100 100 10 8 10 10 8 10 10 10 10 10 10 10 10 10 10 7 10 10 10 8 10 8 10 10 10 10 8 10 8 10 8 10 9 100 10 9 9 8 10 10 10 10 10 10 10 10 10 10 10 8 10 8 10 10 10 10 10 9 8 10 10 8 10 10 10 10 10 100 8 10 10 9 10 7 10 10 9 10 10 8 9 9 9 10 10 10 10 7 10 8 10 100 1 1 1 1 1 1 1 1 1 1 1 1 1 1 1 1 1 1 1 1 1 1 1 1 100 1 1 1 1 1 1 1 1 1 1 1 1 1 1 1 1 1 1 1 1 1 1 1 1 1 1 1 1 1 1 1 1 1 1 1 1 1 1 1 1 1 1 1 1 1 1 1 1 1 1 1 1 1 1 1 1 1 1 1 1 1 1 1 1 1 7 1 1 1 1 1 1 1 1 1 1 1 1 1 1 1 1 1 1 1 1 1 1 1 1 1 1 1 1 1 100 1 1 1 1 1 1 1 1 1 1 1 1 1 7 1 1 1 1 1 1 1 1 1 1 1 1 1 1 1 1 1 1 1 1 1 1 12 12 7 12 1 1 12 12 12 12 12 7 12 12 12 100 12 12 12 12 12 12 1 1 1 12 12 1 12 12 7 12 12 12 12 12 12 12 7 12 1 12 12 12 1 7 12 1 12 12 12 12 1 12 1 12 1 100 12 12 1 100 12 100 1 12 12 12 12 12 12 12 12 12 12 12 1 12 1 12 12 12 12 12 12 1 12 12 1 12 12 7 12 12 1 1 12 12 12 1 100 12 12 12 12 12 1 12 12 12 7 12 12 12 12 1 12 12 1 1 1 1 1 1 1 1 1 1 1 1 1 1 1 1 1 1 1 1 1 1 1 1 1 1 1 1 1 1 1 1 1 1 1 1 1 1 1 1 1 1 1 1 1 1 1 1 1 1 1 1 1 1 1 1 1 1 1 1 1 1 1 1 1 1 1 1 1 1 1 1 1 1 1 1 1 1 1 1 1 1 1 1 1 1 1 1 1 1 1 1 1 1 1 1 1 1 1 1
staticfield java/lang/invoke/MethodHandle FORM_OFFSET J 20
staticfield java/lang/invoke/MethodHandle $assertionsDisabled Z 1
instanceKlass java/lang/invoke/DirectMethodHandle$Interface
instanceKlass java/lang/invoke/DirectMethodHandle$Special
instanceKlass java/lang/invoke/DirectMethodHandle$Constructor
instanceKlass java/lang/invoke/DirectMethodHandle$Accessor
ciInstanceKlass java/lang/invoke/DirectMethodHandle 1 1 922 7 7 100 7 7 10 10 100 10 10 10 10 10 10 7 7 10 10 10 10 10 10 9 100 10 9 10 10 10 10 10 10 7 10 10 10 8 10 7 10 7 10 10 10 10 10 10 100 10 10 7 10 10 10 10 8 10 10 10 10 10 9 7 10 10 10 100 10 8 10 10 10 10 10 10 10 10 10 10 10 10 10 10 10 10 10 10 10 8 9 8 9 9 8 9 9 8 9 9 8 10 10 7 9 7 10 100 10 10 10 10 7 10 10 10 7 10 10 10 10 10 9 10 9 9 10 10 7 7 7 9 10 10 10 10 9 10 100 10 100 10 10 8 9 9 10 9 10 9 9 10 10 10 10 10 10 10 9 10 10 10 10 10 9 10 9 9 9 9 9 9 9 9 9 9 9 9 9 9 9 9 9 9 9 9 9 9 9 9 9 9 9 9 9 9 9 9 9 9 9 9 9 8 9 9 10 100 10 9 10 7 9 10 10 10 10 10 8 8 8 8 10 9 10 7 10 8 9 10 8 8 8 9 8 8 8 8 8 8 7 8 10 10 8 8 10 10 10 10 7 7 1 1 1 1 1 1 1 7 1 1 1 1 7 1 1 1 1 1 3 1 3 1 3 1 3 1 3 1 3 1 3 1 1 3 1 1 3 1 3 1 1 1 1 1 1 1 1 1 1 1 1 1 1 3 1 3 1 1 1 1 3 1 1 1 1 1 1 1 1 1 1 1 1 1 1 1 1 1 1 1 1 7 1 1 1 1 1 1 1 1 1 1 1 1 1 1 1 1 1 1 1 1 1 1 1 1 1 1 1 1 1 1 1 1 1 1 1 1 1 1 1 1 1 1 1 7 1 1 1 1 1 1 1 1 1 1 1 1 1 1 1 1 1 1 1 1 1 1 1 100 1 1 1 1 1 1 1 1 1 1 1 1 1 1 1 1 1 1 1 1 1 1 1 1 1 1 1 1 1 100 1 1 1 1 1 1 1 1 1 1 1 1 1 1 1 1 1 1 1 1 1 1 1 1 1 1 1 1 1 1 1 1 1 1 1 1 1 1 1 1 1 1 1 1 1 1 1 1 1 1 1 1 1 1 1 1 1 1 1 1 1 1 1 7 1 1 1 1 12 12 1 12 12 12 12 12 12 1 1 12 12 12 12 12 12 12 1 12 12 12 12 12 12 12 1 12 12 12 1 12 1 12 1 12 12 12 12 12 1 12 12 1 12 12 12 12 12 12 12 12 12 7 12 1 12 7 12 12 1 1 12 12 12 12 12 12 12 12 12 12 12 12 7 12 12 12 12 12 1 12 1 12 12 1 12 12 1 12 12 1 12 12 1 12 1 12 1 12 12 12 12 1 12 12 12 12 7 12 12 12 12 12 12 12 7 12 12 1 1 1 12 12 12 12 12 12 12 1 12 1 12 12 1 12 12 12 12 100 12 12 12 12 12 12 12 12 12 7 12 12 12 12 12 12 12 12 12 12 12 12 12 12 12 12 12 12 12 12 12 12 12 12 12 12 12 12 12 12 12 12 12 12 12 12 12 12 12 12 12 12 12 12 12 12 1 12 12 12 1 12 7 12 1 12 12 12 12 12 1 1 1 1 12 12 12 1 100 12 12 12 12 1 1 12 12 1 12 12 12 12 1 1 1 1 1 1 1 1 1 1 1 1 1 1 1 1 1 1 1 1 1 1 1 1 1 1 1 1 1 1 1 1 1 1 1 1 1 1 1 1 1 1 1 1 1 1 1 1 1 1 1 1 1 1 1 1 1 1 1 1 1 1 1 1 1 1 1 1 1 1 1 1 1 1 1 1 1 1 1 1 1 1 1 1 1 1 1 1 1 1 1 1 1 1 1 1 1 1 1 1 1 1 1 1 1 1 1 1 1 1 1 1 1 1 1 1 1 1 1 1 1 1 1 1 1 1 1 1 1 1 1 1 1 1 1 1 1 1 1 1 1 1 1 1 1 1 1 1 1 1 1 1 1 1 1 1 1 1 1 1 1 1 1 1 1 1 1 1 1 1 1 1 1 1 1 1 1 1 1 1 1 1 1 1 1 1 1 1 1 1
staticfield java/lang/invoke/DirectMethodHandle IMPL_NAMES Ljava/lang/invoke/MemberName$Factory; java/lang/invoke/MemberName$Factory
staticfield java/lang/invoke/DirectMethodHandle FT_UNCHECKED_REF I 8
staticfield java/lang/invoke/DirectMethodHandle ACCESSOR_FORMS [Ljava/lang/invoke/LambdaForm; 132 [Ljava/lang/invoke/LambdaForm;
staticfield java/lang/invoke/DirectMethodHandle ALL_WRAPPERS [Lsun/invoke/util/Wrapper; 10 [Lsun/invoke/util/Wrapper;
staticfield java/lang/invoke/DirectMethodHandle NFS [Ljava/lang/invoke/LambdaForm$NamedFunction; 12 [Ljava/lang/invoke/LambdaForm$NamedFunction;
staticfield java/lang/invoke/DirectMethodHandle OBJ_OBJ_TYPE Ljava/lang/invoke/MethodType; java/lang/invoke/MethodType
staticfield java/lang/invoke/DirectMethodHandle LONG_OBJ_TYPE Ljava/lang/invoke/MethodType; java/lang/invoke/MethodType
staticfield java/lang/invoke/DirectMethodHandle $assertionsDisabled Z 1
instanceKlass java/lang/invoke/VarHandleInts$Array
instanceKlass java/lang/invoke/VarHandleObjects$FieldStaticReadOnly
instanceKlass java/lang/invoke/VarHandleLongs$FieldInstanceReadOnly
instanceKlass java/lang/invoke/VarHandleLongs$Array
instanceKlass java/lang/invoke/VarHandleObjects$Array
instanceKlass java/lang/invoke/VarHandleObjects$FieldInstanceReadOnly
instanceKlass java/lang/invoke/VarHandleInts$FieldInstanceReadOnly
ciInstanceKlass java/lang/invoke/VarHandle 1 1 298 10 9 100 10 9 10 10 10 9 10 10 9 9 10 10 10 10 10 10 10 9 100 10 9 10 10 7 7 10 10 10 9 10 9 10 10 10 100 10 9 9 10 10 10 10 10 10 10 7 10 10 9 8 10 7 10 7 100 1 1 100 1 100 1 100 1 1 1 1 1 1 1 1 1 1 1 1 1 1 1 1 1 1 1 1 1 1 1 1 1 1 100 1 1 1 1 1 1 1 1 1 1 1 1 1 1 1 1 1 1 1 1 1 1 1 1 1 1 1 1 1 1 1 1 1 1 1 1 1 1 1 1 1 1 1 1 1 1 1 1 1 1 1 100 1 1 1 1 1 1 1 1 1 100 1 1 1 1 1 1 1 100 1 1 1 100 1 1 1 1 1 1 1 1 1 1 1 1 12 12 1 12 12 12 12 12 12 12 12 12 12 12 12 12 12 100 12 12 1 12 12 12 1 1 12 100 12 12 12 12 12 12 12 12 1 7 12 12 7 12 12 12 12 12 12 12 1 7 12 12 12 1 12 1 1 1 1 1 1 1 1 1 1 1 1 1 1 1 1 1 1 1 1 1 1 1 1 1 1 1 1 1 1 1 1 1 1 1 1 1 1 1 1 1 1 1 1 1 1 1 1 1 1 1 1 1 1 1 1 1 1 1 1 1 1 1 1
staticfield java/lang/invoke/VarHandle AIOOBE_SUPPLIER Ljava/util/function/BiFunction; jdk/internal/util/Preconditions$1
staticfield java/lang/invoke/VarHandle VFORM_OFFSET J 12
staticfield java/lang/invoke/VarHandle $assertionsDisabled Z 1
ciInstanceKlass java/lang/invoke/MemberName 1 1 747 7 7 100 9 10 9 10 10 10 10 10 10 10 9 10 100 7 10 8 10 10 10 10 9 8 10 7 7 10 10 100 100 7 10 9 100 8 10 10 10 10 10 10 10 10 10 10 8 8 8 10 10 9 3 10 10 10 10 10 10 10 10 10 7 8 10 10 8 9 8 9 10 8 10 10 10 10 10 100 10 10 8 10 10 8 10 10 7 10 10 8 8 100 10 10 100 10 10 10 10 10 10 10 10 10 3 10 3 10 3 3 3 3 3 3 100 10 10 10 3 9 10 3 10 10 10 10 10 10 10 10 10 10 10 10 10 10 100 10 10 10 100 10 10 10 10 10 10 8 10 10 10 10 10 10 10 10 10 10 10 10 10 100 10 100 8 10 7 10 10 10 10 10 8 8 8 8 10 10 10 8 8 10 8 10 10 10 8 8 10 10 8 10 8 10 10 10 8 8 8 100 10 8 8 8 8 10 7 100 7 10 100 10 7 10 9 10 100 100 7 1 1 1 1 1 1 1 1 1 1 1 1 1 1 1 1 1 3 1 3 1 3 1 3 1 3 1 3 1 1 1 1 1 1 1 1 3 1 1 1 1 3 1 1 1 1 1 1 1 1 1 1 1 1 1 1 1 1 1 1 1 1 1 1 1 1 1 1 1 1 1 1 1 1 1 1 1 1 1 1 1 1 1 1 1 1 1 1 1 1 1 1 1 1 1 1 1 1 1 1 1 1 1 1 1 1 1 1 1 1 1 1 1 1 1 1 1 1 1 1 1 1 1 1 1 1 1 1 1 1 1 1 1 1 1 1 1 1 1 1 1 1 1 1 1 1 1 1 1 1 1 1 1 1 1 1 1 1 1 1 1 1 1 7 1 1 1 1 1 1 1 1 1 1 1 100 1 1 1 1 1 1 100 1 1 1 1 1 1 1 1 1 1 1 1 1 1 1 1 1 1 1 1 1 1 1 1 1 1 1 1 1 1 1 1 1 1 1 1 1 1 1 1 1 1 1 1 1 1 1 100 1 1 7 1 1 1 1 1 1 1 1 1 7 1 1 12 12 12 12 12 12 12 12 12 12 100 12 12 1 1 12 1 12 12 12 12 12 1 100 12 1 1 12 1 12 12 1 1 12 12 12 12 12 12 12 12 12 12 1 1 1 100 12 12 12 12 12 12 12 12 12 12 12 1 12 12 100 100 12 1 12 12 12 12 12 1 12 12 1 12 12 1 12 12 1 12 12 1 1 1 12 100 12 1 12 12 12 12 12 12 12 12 12 12 100 1 12 7 12 12 12 12 12 7 12 12 12 12 12 12 12 12 12 1 12 1 12 12 12 12 12 12 12 12 12 12 12 12 12 1 12 1 1 1 12 12 12 12 12 1 1 1 1 12 12 12 1 1 12 1 12 12 1 1 12 1 12 1 12 12 12 1 1 1 1 1 1 1 1 12 1 1 1 1 1 12 12 12 1 1 1 1 1 1 1 1 1 1 1 1 1 1 1 1 1 1 1 1 1 1 1 1 1 1 1 1 1 1 1 1 1 1 1 1 1 1 1 1 1 1 1 1 1 1 1 1 1 1 1 1 1 1 1 1 1 1 1 1 1 1 1 1 1 1 1 1 1 1 1 1 1 1 1 1 1 1 1 1 1 1 1 1 1 1 1 1 1 1 1 1 1 1 1 1 1
staticfield java/lang/invoke/MemberName $assertionsDisabled Z 1
ciInstanceKlass java/lang/invoke/ResolvedMethodName 1 1 16 10 100 100 1 1 1 1 1 1 1 1 1 12 1 1
ciInstanceKlass java/lang/invoke/MethodHandleNatives 1 1 660 100 10 9 10 100 10 10 10 10 8 8 8 8 8 8 8 8 8 8 7 10 7 10 10 7 10 10 8 10 8 10 8 10 9 8 10 100 10 100 100 8 7 7 10 10 7 9 10 10 10 7 10 10 10 10 10 9 8 10 8 10 8 8 8 100 10 8 10 10 10 100 8 10 7 8 10 8 8 8 8 8 10 10 10 10 10 7 10 100 100 10 10 8 8 10 10 10 8 10 8 8 10 10 100 10 7 9 10 10 10 9 10 9 9 10 10 10 7 7 10 10 10 10 10 8 10 10 10 10 10 10 100 8 10 9 10 10 100 10 10 100 100 10 10 100 100 10 100 10 10 10 10 10 10 10 10 10 10 10 10 8 100 10 10 10 10 10 10 7 10 10 10 10 1 1 7 1 1 1 1 1 1 1 1 1 1 1 1 1 1 1 1 1 100 1 1 1 1 1 1 1 1 1 1 1 1 1 1 1 1 1 1 1 1 1 1 1 1 1 1 1 1 1 1 1 1 1 1 1 1 1 1 1 1 1 1 1 1 1 1 1 1 1 1 1 1 1 100 1 1 1 1 1 1 1 1 1 1 1 1 1 1 1 1 1 1 1 1 1 1 7 1 1 1 1 1 1 1 1 1 1 1 1 1 1 1 1 1 1 1 1 1 1 1 1 1 1 1 1 1 1 1 1 1 1 1 1 1 1 1 1 1 1 7 1 1 1 1 1 1 1 1 1 1 1 1 100 1 1 1 1 1 1 1 1 1 1 1 1 1 1 7 1 1 1 1 1 1 1 1 1 1 1 1 1 1 100 1 1 1 1 1 1 1 1 1 1 1 1 1 1 1 1 12 12 12 1 12 12 12 1 1 1 1 1 1 1 1 1 1 1 12 1 12 12 1 12 1 12 1 12 1 12 100 12 1 100 12 1 12 1 1 1 1 1 12 1 7 12 12 12 12 1 12 7 12 12 12 12 12 1 12 1 12 1 1 1 1 12 1 12 12 100 12 1 100 12 1 1 12 1 1 1 1 1 12 12 12 12 12 1 12 1 1 12 12 1 1 12 12 1 100 12 1 1 12 12 1 12 1 12 7 12 12 12 12 12 12 12 12 12 1 1 12 12 12 7 12 12 1 12 12 12 12 7 12 12 1 1 12 12 12 1 12 12 1 1 1 1 1 12 12 12 12 12 12 12 12 12 1 1 12 12 12 12 12 12 1 12 12 12 1 1 1 1 1 100 1 1 1 1 1 1 1 1 1 1 1 1 1 1 1 1 1 1 1 1 1 1 1 1 1 1 1 1 1 1 1 1 1 1 1 1 1 1 1 1 1 1 1 1 1 1 1 1 1 1 1 1 1 1 1 1 1 1 1 1 1 1 1 1 1 1 1 1 1 1 1 1 1 1 1 1 1 1 1 1 1 1 1 1 1 1 1 1 1 1 1 1 1 1 1 1 1 1 1 1 1 1 1 1 1 1 1 1 1 1 1 1
staticfield java/lang/invoke/MethodHandleNatives $assertionsDisabled Z 1
ciInstanceKlass java/lang/invoke/LambdaForm 1 1 1075 100 9 10 10 9 9 10 100 10 9 10 9 10 7 9 9 9 9 10 7 10 7 10 10 10 10 10 10 9 100 10 9 10 10 10 10 10 7 10 10 8 10 10 10 7 10 10 7 10 10 9 9 9 10 9 10 10 100 10 9 10 10 100 10 10 10 10 10 10 10 8 10 10 8 8 9 9 9 10 10 10 9 10 10 10 10 10 10 9 10 8 8 8 8 8 8 8 8 10 9 7 10 9 10 10 10 10 10 10 10 10 10 10 10 10 10 10 100 8 10 10 10 10 8 10 8 8 10 9 10 10 100 10 10 10 10 9 8 10 10 10 10 10 9 8 10 100 10 10 9 9 8 10 10 100 100 10 10 8 8 100 8 10 10 10 8 8 9 10 10 8 8 8 100 8 100 8 100 8 10 8 9 10 10 9 10 10 10 10 10 10 10 10 10 10 8 100 10 10 9 10 8 8 100 8 8 8 8 8 8 8 8 10 10 10 10 8 8 8 10 8 10 8 8 8 8 8 10 10 10 10 10 10 10 10 10 10 10 9 8 10 9 10 9 9 9 9 7 10 9 10 10 7 8 10 9 7 10 8 100 10 9 9 10 7 10 10 10 9 10 10 10 9 10 10 10 9 10 9 7 9 10 9 10 100 10 7 9 100 1 1 100 1 100 1 1 1 7 1 7 1 1 1 1 1 1 1 1 1 1 1 1 1 1 1 1 1 1 1 1 1 3 1 3 1 1 1 1 1 3 1 1 1 7 1 1 1 1 1 1 1 1 1 1 1 1 1 1 1 1 1 1 1 1 1 1 1 1 1 1 1 1 1 1 1 1 1 1 1 1 1 1 1 1 1 1 1 1 1 1 1 1 1 1 1 1 1 1 1 1 1 1 1 1 1 1 1 1 1 1 1 1 1 1 1 1 1 1 1 1 1 1 1 1 1 1 1 1 1 1 1 1 1 1 1 1 1 1 1 1 1 1 1 1 1 1 1 1 1 1 100 1 1 1 1 1 1 1 1 1 1 1 1 1 1 1 1 1 1 1 1 1 1 1 1 1 1 1 1 1 1 1 1 1 1 1 1 1 1 1 1 1 1 1 1 1 1 1 1 1 1 1 1 1 1 1 1 1 1 1 1 1 1 7 1 1 1 1 1 1 1 1 1 1 1 1 1 1 1 1 1 1 1 1 1 1 1 1 100 1 1 1 1 1 1 1 1 1 1 1 1 1 1 1 1 1 1 1 1 100 1 1 1 1 1 1 1 1 1 1 1 1 1 1 1 1 1 1 1 1 1 1 1 1 1 1 1 1 1 1 1 1 1 1 1 1 1 1 1 1 1 1 1 1 1 1 1 1 1 1 1 100 1 1 1 1 1 1 1 1 1 1 1 1 1 1 1 1 1 1 1 1 1 1 1 1 100 1 1 1 100 1 1 12 12 12 12 12 12 1 12 12 12 7 12 12 12 12 12 12 1 12 1 12 12 100 12 100 12 12 12 12 1 12 12 12 12 12 12 12 1 12 1 12 12 12 1 12 12 1 12 12 12 12 12 12 12 12 12 1 12 12 12 12 1 12 12 12 12 12 12 12 1 12 12 1 1 12 12 12 12 7 12 12 12 7 12 12 12 12 12 12 12 1 1 1 1 1 1 1 1 12 12 1 12 12 12 12 12 12 12 12 12 12 12 12 12 12 12 1 1 12 12 12 1 12 1 1 12 12 12 12 1 12 12 7 12 12 12 1 100 12 12 12 12 12 12 1 12 12 7 12 12 1 12 12 1 1 12 1 1 1 1 12 12 12 1 1 12 12 12 1 1 1 1 1 1 1 1 1 12 1 12 12 12 12 12 12 12 12 12 12 12 12 1 12 12 12 12 1 1 1 1 1 1 1 1 1 1 1 12 12 12 12 1 1 1 12 1 12 1 1 1 1 1 12 12 12 7 12 12 12 12 12 12 12 12 12 1 12 12 12 12 12 12 12 1 7 12 12 12 12 1 1 12 12 1 12 1 1 12 12 12 12 1 12 7 12 12 7 12 12 12 12 12 12 12 12 12 12 12 12 12 1 1 1 1 1 1 1 1 1 1 1 1 1 1 1 1 1 1 1 1 1 1 1 1 1 1 1 1 1 1 1 1 1 1 1 1 1 1 1 1 1 1 1 1 1 1 1 1 1 1 1 1 1 1 1 1 1 1 1 1 1 1 1 1 1 1 1 1 1 1 1 1 1 1 1 1 1 1 1 1 1 1 1 1 1 1 1 1 1 1 1 1 1 1 1 1 1 1 1 1 1 1 1 1 1 1 1 1 1 1 1 1 1 1 1 1 1 1 1 1 1 1 1 1 1 1 1 1 1 1 1 1 1 1 1 1 1 1 1 1 1 1 1 1 1 1 1 1 1 1 1 1 1 1 1 1 1 1 1 1 1
staticfield java/lang/invoke/LambdaForm COMPILE_THRESHOLD I 0
staticfield java/lang/invoke/LambdaForm INTERNED_ARGUMENTS [[Ljava/lang/invoke/LambdaForm$Name; 5 [[Ljava/lang/invoke/LambdaForm$Name;
staticfield java/lang/invoke/LambdaForm IMPL_NAMES Ljava/lang/invoke/MemberName$Factory; java/lang/invoke/MemberName$Factory
staticfield java/lang/invoke/LambdaForm LF_identity [Ljava/lang/invoke/LambdaForm; 6 [Ljava/lang/invoke/LambdaForm;
staticfield java/lang/invoke/LambdaForm LF_zero [Ljava/lang/invoke/LambdaForm; 6 [Ljava/lang/invoke/LambdaForm;
staticfield java/lang/invoke/LambdaForm NF_identity [Ljava/lang/invoke/LambdaForm$NamedFunction; 6 [Ljava/lang/invoke/LambdaForm$NamedFunction;
staticfield java/lang/invoke/LambdaForm NF_zero [Ljava/lang/invoke/LambdaForm$NamedFunction; 6 [Ljava/lang/invoke/LambdaForm$NamedFunction;
staticfield java/lang/invoke/LambdaForm createFormsLock Ljava/lang/Object; java/lang/Object
staticfield java/lang/invoke/LambdaForm DEBUG_NAME_COUNTERS Ljava/util/HashMap; null
staticfield java/lang/invoke/LambdaForm DEBUG_NAMES Ljava/util/HashMap; null
staticfield java/lang/invoke/LambdaForm TRACE_INTERPRETER Z 0
staticfield java/lang/invoke/LambdaForm $assertionsDisabled Z 1
ciInstanceKlass java/lang/invoke/MethodType 1 1 674 7 10 9 9 9 10 9 8 10 10 9 9 10 7 10 8 10 10 10 100 8 10 100 10 10 10 10 11 9 11 7 7 10 10 9 10 10 10 10 10 10 9 7 10 7 10 10 10 10 10 10 10 10 10 8 8 10 9 100 10 10 10 10 10 10 10 10 10 8 10 10 10 10 10 10 10 10 10 9 10 10 10 10 9 7 10 10 10 10 10 10 10 10 7 8 8 8 10 10 10 10 11 11 10 9 10 10 10 10 10 10 10 10 10 10 10 10 9 7 10 10 10 10 10 10 10 8 10 11 9 10 10 10 10 10 9 9 10 9 10 10 100 10 7 10 7 7 9 100 1 1 100 1 1 1 1 5 0 1 1 1 1 1 1 1 1 1 1 1 1 1 1 1 1 1 1 1 3 1 3 1 3 1 1 1 1 1 1 1 1 1 1 1 1 1 1 1 1 1 1 1 1 1 1 1 1 1 1 1 1 1 1 1 1 1 1 1 1 1 1 1 1 1 1 1 1 1 1 1 1 1 1 1 1 1 1 1 1 1 1 1 1 1 1 1 1 1 1 1 1 1 1 1 1 1 1 1 1 1 1 1 1 1 1 1 1 1 1 1 1 1 1 1 1 1 1 1 1 1 1 1 1 1 1 1 1 1 1 1 1 1 1 1 1 1 1 1 1 1 1 1 1 1 1 1 1 1 1 1 1 1 1 1 1 1 1 1 1 1 1 1 1 1 1 1 1 1 1 1 1 1 1 1 1 1 1 1 1 1 1 1 1 1 1 1 1 1 1 7 1 1 1 1 1 1 1 1 1 1 1 1 1 1 1 1 1 1 1 1 1 1 1 100 1 1 1 1 1 1 1 1 1 1 1 100 100 1 100 100 1 1 1 1 1 1 1 1 1 1 1 1 100 1 1 1 100 1 1 1 1 1 1 1 100 1 12 12 12 12 7 12 7 12 1 100 12 12 7 7 12 1 1 12 12 12 1 1 12 1 12 12 12 12 12 12 1 7 12 12 12 12 12 12 7 12 12 12 12 1 12 1 12 12 7 12 12 12 12 12 12 12 1 1 12 12 1 12 12 12 12 100 12 12 12 1 12 7 12 12 12 12 12 12 12 12 12 12 12 12 12 1 12 7 12 12 7 12 12 12 1 1 1 1 12 12 12 12 12 100 12 12 12 12 12 12 12 12 12 12 12 12 12 12 1 12 12 12 12 12 12 12 1 7 12 12 12 12 12 100 12 12 12 12 12 100 12 12 100 12 12 12 1 1 1 12 1 1 1 1 1 1 1 1 1 1 1 1 1 1 1 1 1 1 1 1 1 1 1 1 1 1 1 1 1 1 1 1 1 1 1 1 1 1 1 1 1 1 1 1 1 1 1 1 1 1 1 1 1 1 1 1 1 1 1 1 1 1 1 1 1 1 1 1 1 1 1 1 1 1 1 1 1 1 1 1 1 1 1 1 1 1 1 1 1 1 1 1 1 1 1 1 1 1 1 1 1 1 1 1 1 1 1 1
staticfield java/lang/invoke/MethodType internTable Ljava/lang/invoke/MethodType$ConcurrentWeakInternSet; java/lang/invoke/MethodType$ConcurrentWeakInternSet
staticfield java/lang/invoke/MethodType NO_PTYPES [Ljava/lang/Class; 0 [Ljava/lang/Class;
staticfield java/lang/invoke/MethodType objectOnlyTypes [Ljava/lang/invoke/MethodType; 20 [Ljava/lang/invoke/MethodType;
staticfield java/lang/invoke/MethodType METHOD_HANDLE_ARRAY [Ljava/lang/Class; 1 [Ljava/lang/Class;
staticfield java/lang/invoke/MethodType serialPersistentFields [Ljava/io/ObjectStreamField; 0 [Ljava/io/ObjectStreamField;
staticfield java/lang/invoke/MethodType $assertionsDisabled Z 1
ciInstanceKlass java/lang/BootstrapMethodError 0 0 45 10 10 10 10 10 100 100 1 1 1 5 0 1 1 1 1 1 1 1 1 1 1 1 1 1 1 1 100 100 1 1 12 12 12 12 12 1 1 1 1 1 1 1 1
instanceKlass java/lang/invoke/VolatileCallSite
instanceKlass java/lang/invoke/MutableCallSite
instanceKlass java/lang/invoke/ConstantCallSite
ciInstanceKlass java/lang/invoke/CallSite 1 1 299 10 10 9 10 9 10 10 100 7 10 7 10 10 10 100 100 10 10 10 8 10 10 10 10 10 10 10 10 9 9 7 8 10 10 100 10 9 8 7 10 10 100 8 10 10 10 7 10 10 10 10 10 9 9 8 10 9 100 10 10 10 10 10 10 100 8 10 10 100 100 100 8 10 10 1 1 1 7 1 1 1 1 1 1 1 1 1 1 1 1 1 1 1 1 1 1 1 1 1 1 1 1 1 1 1 1 1 1 1 1 1 1 1 1 1 1 1 7 1 1 1 1 1 1 1 1 1 1 1 1 1 1 1 1 1 1 1 1 1 1 1 1 1 1 1 1 1 1 1 1 1 1 1 1 1 1 1 100 7 1 1 1 1 1 1 12 12 12 12 12 12 12 1 1 12 1 12 12 12 1 1 12 12 1 12 12 12 12 12 7 12 12 12 7 12 1 12 12 1 100 12 12 12 12 1 1 12 12 1 12 12 12 12 12 12 12 100 12 12 1 7 12 12 12 12 7 12 1 1 12 1 1 1 1 12 12 1 1 1 1 1 1 1 1 1 1 1 1 1 1 1 1 1 1 1 1 1 1 1 1 1 1 1 1 1 1 1 1 1 1 1 1 1 1 1 1 1 1 1 1 1 1 1 1 1 1 1 1 1 1 1 1 1 1 1 1 1 1
staticfield java/lang/invoke/CallSite $assertionsDisabled Z 1
ciInstanceKlass java/lang/invoke/MethodHandleNatives$CallSiteContext 1 1 49 10 7 10 10 10 10 7 100 1 1 1 1 1 1 1 1 1 1 1 1 1 1 1 1 1 1 7 12 1 7 12 7 12 12 1 1 1 1 1 1 1 1 100 1 1 1 1 1
ciInstanceKlass java/lang/invoke/ConstantCallSite 1 1 49 10 9 10 100 10 9 100 10 10 7 7 1 1 1 1 1 1 1 1 1 1 1 1 1 1 1 1 100 1 1 1 1 1 1 1 1 12 12 12 1 12 12 1 12 1 1 1 1
instanceKlass org/codehaus/groovy/vmplugin/v8/CacheableCallSite
ciInstanceKlass java/lang/invoke/MutableCallSite 1 1 67 10 10 9 10 10 10 9 10 10 7 10 7 7 1 1 1 1 1 1 1 1 1 1 1 1 1 1 1 1 1 1 1 1 1 1 1 1 1 100 1 1 1 1 12 12 12 12 12 12 12 12 7 12 1 12 1 1 1 1 1 1 1 1 1 1 1
staticfield java/lang/invoke/MutableCallSite STORE_BARRIER Ljava/util/concurrent/atomic/AtomicInteger; java/util/concurrent/atomic/AtomicInteger
ciInstanceKlass java/lang/invoke/VolatileCallSite 0 0 41 10 10 10 10 10 10 100 100 1 1 1 1 1 1 1 1 1 1 1 1 1 1 1 1 1 1 1 12 12 12 12 12 12 1 1 1 1 1 1 1
ciInstanceKlass java/lang/AssertionStatusDirectives 1 1 24 10 100 100 1 1 1 1 1 1 1 1 1 1 1 1 1 1 1 1 1 12 1 1
instanceKlass java/lang/StringBuilder
instanceKlass java/lang/StringBuffer
ciInstanceKlass java/lang/AbstractStringBuilder 1 1 522 7 7 10 9 9 9 9 10 9 10 10 10 10 10 10 10 10 7 3 10 3 100 10 10 100 10 10 10 10 10 10 10 100 10 10 10 10 10 10 10 10 10 10 10 10 10 10 10 10 10 10 10 11 10 10 8 10 10 10 10 10 10 10 10 10 10 10 10 10 10 10 10 10 10 10 10 10 10 10 10 10 10 10 10 10 10 10 10 10 10 10 18 100 10 18 10 10 10 11 10 10 10 100 10 8 10 10 8 8 10 10 10 10 100 10 100 10 100 10 7 100 7 1 1 1 1 1 1 1 1 1 1 1 1 1 1 1 1 1 1 1 1 1 1 1 1 1 1 100 1 1 1 1 1 1 1 1 1 1 1 1 1 1 1 1 1 1 1 1 1 1 1 1 1 1 1 1 1 1 1 1 1 1 1 1 1 1 1 1 1 1 1 1 1 1 1 1 1 1 1 1 1 1 1 1 1 1 1 1 1 1 1 1 1 1 1 1 1 1 1 1 1 1 1 1 1 1 1 1 1 1 1 1 1 1 1 1 1 1 1 1 1 1 1 1 1 1 1 1 1 1 1 1 1 1 1 1 1 1 1 1 1 1 1 1 1 1 1 1 1 1 1 1 1 1 1 1 1 1 1 1 1 1 1 1 1 1 1 1 1 100 1 1 1 1 1 1 7 1 1 1 100 1 1 1 1 1 1 1 1 1 12 12 12 12 12 7 12 12 12 7 12 12 12 12 12 7 12 1 12 1 12 1 12 12 12 12 12 12 1 12 100 12 12 12 12 12 12 12 12 12 12 12 12 12 12 12 12 12 1 12 12 12 12 12 12 7 12 12 12 100 12 12 12 12 12 12 12 12 12 7 12 12 12 12 12 12 12 12 12 12 12 12 12 12 12 12 1 15 16 15 16 12 1 100 12 15 12 12 12 12 12 12 1 1 12 12 1 1 12 12 12 1 1 12 1 1 1 1 1 1 1 1 1 1 1 1 1 1 1 1 1 1 1 1 1 1 1 1 1 1 1 1 1 1 1 1 1 1 1 1 1 1 1 1 1 1 1 1 1 1 1 1 1 1 1 1 1 1 1 1 1 1 1 1 1 1 1 1 1 10 1 10 1 1 1 1 1 10 1 1 1 1 1 1 1 1 1 1 100 12 12 12 1 1 100 1 1 100 1 1
staticfield java/lang/AbstractStringBuilder EMPTYVALUE [B 0
ciInstanceKlass java/lang/StringBuffer 1 1 471 10 10 10 11 10 10 10 9 10 10 10 9 10 10 10 10 10 10 10 10 10 10 10 10 10 10 10 10 10 10 10 10 10 10 10 10 10 10 10 10 10 10 10 10 10 10 10 10 10 10 10 10 10 10 10 10 10 9 10 10 7 10 10 10 10 10 8 10 8 10 8 10 10 10 10 7 10 100 8 10 10 10 10 10 10 10 10 10 10 10 10 10 10 10 10 10 10 10 10 10 10 10 10 10 10 10 10 10 10 10 10 10 10 7 10 7 10 9 9 9 7 100 100 100 1 1 1 1 1 5 0 1 1 1 1 1 1 1 1 1 1 1 1 1 1 1 1 1 1 1 1 1 1 1 1 1 1 1 1 1 1 1 1 1 1 1 1 1 1 1 1 1 1 1 1 1 1 1 1 1 1 1 1 1 1 1 1 1 1 1 1 1 1 1 1 1 1 1 1 1 1 1 1 1 1 1 1 1 1 1 1 1 1 1 1 1 1 1 1 1 1 1 1 1 1 1 1 1 1 1 1 1 1 1 1 1 1 1 1 1 1 1 1 1 1 1 1 1 1 1 1 1 1 1 1 1 1 100 1 1 1 1 1 100 1 1 1 100 1 1 100 1 1 1 1 1 1 1 1 1 1 1 1 1 1 1 1 1 1 1 1 1 1 1 1 1 1 1 1 1 1 1 1 1 1 1 1 1 1 1 1 1 1 1 1 1 12 12 12 12 12 12 12 12 12 12 12 12 12 12 12 12 12 12 12 12 12 12 12 12 12 12 12 12 12 12 12 12 12 12 12 12 12 12 12 12 12 12 12 12 12 12 12 12 12 12 12 12 12 12 7 12 7 1 12 100 12 12 1 12 1 12 1 12 12 100 12 12 12 1 1 12 12 12 12 12 12 12 12 12 12 12 12 12 12 12 12 12 12 12 12 12 12 12 12 12 12 12 12 12 12 12 12 12 1 12 1 12 7 12 7 12 1 1 1 1 1 1 1 1 1 1 1 1 1 1 1 1 1 1 1 1 1 1 1 1 1 1 1 1 1 1 1 1 1 1 1 1 1 1
staticfield java/lang/StringBuffer serialPersistentFields [Ljava/io/ObjectStreamField; 3 [Ljava/io/ObjectStreamField;
ciInstanceKlass java/lang/StringBuilder 1 1 409 10 10 10 11 10 10 10 10 10 10 10 10 10 10 10 10 10 10 10 10 10 10 10 10 10 10 10 10 10 10 10 10 10 10 10 10 10 10 10 10 10 10 9 9 10 10 10 10 10 10 10 10 10 10 10 100 100 8 10 10 10 10 10 10 10 10 10 10 10 10 10 10 10 10 10 10 10 10 10 10 10 10 10 10 10 10 10 10 10 10 10 10 10 10 10 10 10 10 10 10 10 10 10 10 10 7 10 7 100 100 100 1 1 1 5 0 1 1 1 1 1 1 1 1 1 1 1 1 1 1 1 1 1 1 1 1 1 1 1 1 1 1 1 1 1 1 1 1 1 1 1 1 1 1 1 1 1 1 1 1 1 1 1 1 1 1 1 1 1 1 1 1 1 1 1 1 1 1 1 1 1 1 1 1 1 1 1 1 1 1 1 1 1 1 1 1 1 1 1 1 1 1 1 7 1 1 1 1 1 7 1 1 1 7 1 1 1 1 1 1 1 1 1 1 1 1 1 1 1 1 1 1 1 1 1 1 1 1 1 1 1 1 1 1 1 1 1 1 1 1 1 1 1 1 1 1 1 1 1 1 1 1 1 1 1 1 1 1 1 1 1 1 1 1 12 12 12 12 12 12 12 12 12 12 12 12 12 12 12 12 12 12 12 12 12 12 12 12 12 12 12 12 12 12 12 12 12 12 12 12 12 12 12 12 12 12 7 12 7 100 12 12 12 12 12 100 12 12 12 1 1 12 12 12 12 12 12 12 12 12 12 12 12 12 12 12 12 12 12 12 12 12 12 12 12 12 12 12 12 12 12 12 12 12 12 12 12 12 12 12 12 12 12 12 12 12 1 12 1 1 1 1 1 1 1 1 1 1 1 1 1 1 1 1 1 1 1 1 1 1 1 1 1 1 1 1 1 1
ciInstanceKlass jdk/internal/misc/Unsafe 1 1 1165 10 9 9 10 10 10 10 10 10 10 10 10 10 10 10 10 10 10 10 10 100 10 10 10 5 0 10 10 10 10 10 10 10 10 10 100 10 10 10 10 10 10 10 10 10 10 10 10 10 10 5 0 5 0 5 0 10 10 10 100 10 10 10 10 10 10 10 10 10 100 10 10 10 10 8 10 8 8 10 9 9 9 9 9 9 9 9 10 10 10 10 5 0 5 0 9 10 10 10 10 10 8 3 10 10 10 10 10 10 10 10 10 10 10 10 10 10 10 10 10 10 10 10 10 10 10 10 10 10 10 10 10 10 10 10 10 10 10 10 10 10 10 10 10 10 10 10 10 10 10 10 10 10 10 10 10 10 10 10 10 10 10 10 10 10 10 10 10 10 10 10 10 10 10 10 10 10 10 10 10 10 10 10 10 10 10 10 10 10 10 10 10 10 10 10 10 10 10 10 100 10 100 10 9 5 0 10 5 0 10 5 0 10 10 10 10 10 10 10 10 10 10 10 10 10 10 10 10 10 10 10 10 10 10 10 10 10 10 10 10 10 10 10 5 0 5 0 5 0 10 10 10 10 10 7 10 7 10 9 7 9 7 9 7 9 7 9 7 9 7 9 7 9 7 9 10 9 9 9 9 9 9 9 9 9 10 10 10 7 1 1 1 1 1 3 1 1 1 1 1 1 1 1 1 1 1 1 1 1 1 1 1 1 1 1 1 1 1 1 1 1 1 1 1 1 1 1 1 1 1 1 1 1 1 1 1 1 1 1 1 1 1 1 1 1 1 1 1 1 1 1 1 1 1 1 1 1 1 1 1 1 1 1 1 1 1 1 1 1 1 1 1 1 1 1 1 1 1 1 1 1 1 1 1 1 1 1 1 1 1 1 1 1 1 1 1 1 1 1 1 1 1 1 1 1 1 1 1 1 1 1 1 1 1 7 1 1 1 1 1 1 1 1 1 1 1 1 1 1 1 1 1 1 1 1 1 1 1 1 1 1 1 1 1 1 1 1 1 1 1 1 1 1 1 1 1 1 1 1 1 1 1 1 1 1 1 1 1 1 1 1 1 1 1 1 1 1 1 1 1 1 1 1 1 1 1 1 1 1 1 1 100 1 1 1 1 1 1 1 1 1 1 1 1 1 1 1 1 1 1 1 1 1 1 1 1 1 1 1 1 1 1 1 1 1 1 1 1 1 1 1 1 1 1 1 1 1 1 1 1 1 1 1 1 1 1 1 1 1 1 1 1 1 1 1 1 1 1 1 1 1 1 1 1 1 1 1 1 1 1 1 1 1 1 1 1 1 1 1 1 1 1 1 1 1 1 1 1 1 1 1 1 1 1 1 1 1 1 1 1 1 1 1 1 1 1 1 1 1 1 1 1 1 1 1 1 1 1 1 1 1 1 1 1 1 1 1 1 1 1 1 1 1 1 1 1 1 1 1 1 1 1 1 1 1 1 1 1 1 1 1 1 1 1 1 1 1 1 1 1 1 1 1 1 1 1 1 1 1 1 1 1 1 1 1 1 1 1 1 1 1 1 1 1 1 1 1 1 1 1 1 1 1 1 1 1 1 1 1 1 1 1 1 1 1 1 1 1 1 1 1 1 1 1 1 1 1 1 1 1 1 1 1 1 1 1 1 1 1 1 1 1 1 1 1 1 1 1 1 1 1 1 1 1 1 1 1 1 1 1 1 1 1 1 1 1 1 1 1 1 1 1 1 1 1 1 1 1 1 1 1 1 1 1 1 1 1 1 1 1 1 1 1 1 1 1 1 1 1 1 1 1 1 1 1 1 1 1 1 1 1 1 1 1 1 1 1 1 1 1 1 1 1 1 1 1 1 1 1 1 1 1 1 1 1 1 1 1 1 1 1 1 1 1 1 1 1 1 1 1 1 1 1 1 1 1 1 1 1 1 1 1 1 1 1 1 1 1 1 1 1 1 1 1 1 1 1 1 1 1 1 1 1 1 1 1 1 1 1 1 1 1 12 12 12 12 7 12 12 12 12 12 12 12 12 12 12 12 12 12 12 12 12 1 12 12 12 12 12 12 12 12 12 12 12 1 12 12 12 12 12 12 12 12 12 12 12 12 12 12 12 12 1 12 12 12 12 12 12 12 12 1 12 12 12 1 12 1 1 12 7 12 100 7 7 100 100 100 12 12 12 12 12 12 12 12 12 12 1 12 12 12 12 12 12 12 12 12 12 12 12 12 12 12 12 12 12 12 12 12 12 12 12 12 12 12 12 12 12 12 12 12 12 12 12 12 12 12 12 12 12 12 12 12 12 12 12 12 12 12 12 12 12 12 12 12 12 12 12 12 12 12 12 12 12 12 12 12 12 12 12 12 12 12 12 12 12 12 12 12 12 12 12 12 12 12 12 12 12 12 12 12 12 12 12 1 1 12 12 12 12 12 12 12 12 12 12 12 12 12 12 12 12 12 12 12 12 12 12 12 12 12 12 12 12 12 12 12 12 12 12 12 12 12 12 1 1 12 12 12 1 12 1 12 1 12 1 12 1 12 12 12 12 12 12 12 12 12 12 12 12 12 12 12 12 1 1 1 1 1 1 1 1 1 1 1 1 1 1 1 1 1 1 1 1 1 1 1 1 1 1 1 1 1
staticfield jdk/internal/misc/Unsafe theUnsafe Ljdk/internal/misc/Unsafe; jdk/internal/misc/Unsafe
staticfield jdk/internal/misc/Unsafe ARRAY_BOOLEAN_BASE_OFFSET I 16
staticfield jdk/internal/misc/Unsafe ARRAY_BYTE_BASE_OFFSET I 16
staticfield jdk/internal/misc/Unsafe ARRAY_SHORT_BASE_OFFSET I 16
staticfield jdk/internal/misc/Unsafe ARRAY_CHAR_BASE_OFFSET I 16
staticfield jdk/internal/misc/Unsafe ARRAY_INT_BASE_OFFSET I 16
staticfield jdk/internal/misc/Unsafe ARRAY_LONG_BASE_OFFSET I 16
staticfield jdk/internal/misc/Unsafe ARRAY_FLOAT_BASE_OFFSET I 16
staticfield jdk/internal/misc/Unsafe ARRAY_DOUBLE_BASE_OFFSET I 16
staticfield jdk/internal/misc/Unsafe ARRAY_OBJECT_BASE_OFFSET I 16
staticfield jdk/internal/misc/Unsafe ARRAY_BOOLEAN_INDEX_SCALE I 1
staticfield jdk/internal/misc/Unsafe ARRAY_BYTE_INDEX_SCALE I 1
staticfield jdk/internal/misc/Unsafe ARRAY_SHORT_INDEX_SCALE I 2
staticfield jdk/internal/misc/Unsafe ARRAY_CHAR_INDEX_SCALE I 2
staticfield jdk/internal/misc/Unsafe ARRAY_INT_INDEX_SCALE I 4
staticfield jdk/internal/misc/Unsafe ARRAY_LONG_INDEX_SCALE I 8
staticfield jdk/internal/misc/Unsafe ARRAY_FLOAT_INDEX_SCALE I 4
staticfield jdk/internal/misc/Unsafe ARRAY_DOUBLE_INDEX_SCALE I 8
staticfield jdk/internal/misc/Unsafe ARRAY_OBJECT_INDEX_SCALE I 4
staticfield jdk/internal/misc/Unsafe ADDRESS_SIZE I 8
staticfield jdk/internal/misc/Unsafe BE Z 0
staticfield jdk/internal/misc/Unsafe unalignedAccess Z 1
ciInstanceKlass jdk/internal/module/Modules 1 1 483 10 9 11 11 11 11 11 11 11 11 10 10 18 10 100 10 10 10 10 11 10 10 10 10 9 10 10 10 100 100 11 10 11 10 10 10 10 10 11 18 11 10 11 100 11 11 11 10 10 18 11 18 11 10 18 18 10 9 11 100 10 11 11 7 11 10 100 10 10 10 11 10 100 10 18 10 100 8 10 10 18 11 11 10 10 10 18 10 10 7 10 10 100 1 1 1 1 1 1 1 1 1 1 1 1 1 1 1 1 1 1 1 1 1 1 1 1 1 1 1 1 1 1 1 1 1 1 1 1 1 1 1 1 1 1 1 1 1 1 1 1 1 1 1 1 1 1 1 1 7 100 100 1 1 1 1 1 1 1 1 1 1 1 1 1 1 1 1 1 1 1 1 1 1 1 1 1 1 1 1 1 1 1 100 100 100 100 100 100 100 100 1 1 1 1 1 1 100 1 1 1 1 1 1 1 1 1 1 100 1 1 1 1 1 1 1 1 1 12 12 7 12 12 12 12 12 12 12 12 12 100 12 1 15 16 15 16 12 100 12 1 100 12 100 12 12 12 12 12 12 12 12 12 100 12 1 1 12 100 12 12 12 12 100 12 12 12 12 16 15 16 12 12 100 12 100 12 1 12 12 12 12 100 12 16 15 16 12 12 16 15 16 12 12 12 15 16 15 16 12 12 12 1 12 12 1 12 1 12 12 12 12 12 1 15 16 12 12 1 1 12 12 15 16 12 12 12 15 12 1 12 7 12 1 1 1 1 1 1 1 1 1 1 1 1 1 1 1 1 1 1 1 1 10 1 10 1 1 1 1 1 1 1 1 1 1 1 1 1 1 1 1 1 1 1 1 1 1 1 1 1 1 1 1 1 1 1 1 1 1 1 1 1 1 1 10 1 1 1 1 1 1 1 1 1 1 1 1 1 1 1 1 1 1 1 1 10 1 1 1 1 1 1 10 1 1 1 1 1 1 10 1 10 1 1 1 1 1 1 1 1 1 1 1 1 1 10 1 1 1 1 1 10 1 1 10 1 1 1 1 1 100 12 12 12 12 12 12 12 12 12 1 1 100 1 1 1 1 1 100 1 1
staticfield jdk/internal/module/Modules JLA Ljdk/internal/misc/JavaLangAccess; java/lang/System$2
staticfield jdk/internal/module/Modules $assertionsDisabled Z 1
instanceKlass org/apache/http/conn/EofSensorInputStream
instanceKlass org/apache/http/impl/io/EmptyInputStream
instanceKlass sun/security/ssl/SSLSocketImpl$AppInputStream
instanceKlass org/apache/http/impl/io/ContentLengthInputStream
instanceKlass org/apache/http/impl/io/IdentityInputStream
instanceKlass org/apache/http/impl/io/ChunkedInputStream
instanceKlass jdk/nio/zipfs/ZipFileSystem$EntryInputStream
instanceKlass java/io/ObjectInputStream
instanceKlass sun/nio/ch/ChannelInputStream
instanceKlass java/util/zip/ZipFile$ZipFileInputStream
instanceKlass java/io/FilterInputStream
instanceKlass java/io/FileInputStream
instanceKlass java/io/ByteArrayInputStream
ciInstanceKlass java/io/InputStream 1 1 170 100 10 100 10 10 10 10 7 3 10 100 8 10 7 10 3 100 8 10 100 10 11 10 11 11 11 100 10 5 0 10 8 10 8 10 10 7 100 1 1 1 1 3 1 3 1 1 1 1 1 1 1 1 1 1 1 1 1 1 1 1 1 1 1 1 1 1 1 1 1 1 1 1 1 1 1 1 1 1 1 1 1 1 100 100 1 1 1 1 1 1 1 1 1 1 1 1 1 1 1 1 1 1 1 1 1 1 1 1 12 1 12 7 12 12 1 12 1 1 12 1 7 12 1 1 1 12 100 12 12 12 12 100 12 12 1 12 100 12 1 1 1 1 1 1 1 1 1 1 1 1 1 1 1 1 1 1 1 1 1 1 1 1 1 1 1 1 1 1
instanceKlass sun/security/util/DerInputBuffer
ciInstanceKlass java/io/ByteArrayInputStream 1 1 96 10 9 9 9 9 10 10 10 10 10 10 7 7 1 1 1 1 1 1 1 1 1 1 1 1 1 1 1 1 1 1 1 1 1 1 1 1 1 1 1 1 1 1 1 1 1 1 100 1 1 1 1 1 1 1 1 1 1 1 1 1 1 12 12 12 12 12 7 12 7 12 7 12 100 12 12 7 12 1 1 1 1 1 1 1 1 1 1 1 1 1 1 1 1 1
ciInstanceKlass java/net/URL 1 1 744 10 10 10 9 9 10 10 10 9 10 8 10 100 10 10 8 10 9 7 8 10 10 8 9 10 9 10 10 9 9 8 9 10 8 9 10 10 8 10 7 10 10 10 10 10 8 10 10 8 9 8 10 10 100 10 10 10 100 8 10 10 8 10 10 10 10 10 10 8 10 7 10 10 10 9 10 9 10 10 100 100 10 10 10 10 10 10 7 10 10 10 7 10 10 8 9 10 10 9 10 100 10 10 10 10 10 10 10 10 10 10 10 9 9 100 8 10 10 9 10 8 10 8 10 10 8 8 10 7 10 10 10 7 7 10 9 10 8 10 7 10 10 8 9 10 10 10 10 10 11 10 10 9 10 10 10 8 10 7 7 10 8 8 10 8 8 8 100 10 9 10 10 10 10 10 10 10 10 10 10 10 10 10 10 10 7 8 10 10 10 10 10 8 7 10 7 10 7 10 7 7 10 9 9 7 10 10 100 1 1 1 1 1 1 1 5 0 1 1 1 1 1 1 1 1 1 1 1 1 1 1 1 1 1 1 1 1 1 1 1 1 1 1 1 1 1 1 1 1 1 1 1 1 1 1 1 1 1 1 1 1 1 1 1 1 1 1 1 1 1 1 1 1 1 1 1 1 1 1 1 1 1 1 1 1 1 1 1 1 1 1 1 1 1 1 100 1 1 1 1 1 1 1 1 1 1 1 1 1 1 1 1 1 1 1 1 1 1 1 1 1 1 1 1 1 1 1 1 1 1 1 100 100 1 1 1 1 1 1 1 1 1 1 1 1 1 1 7 1 1 1 1 1 1 1 1 1 1 1 1 1 1 100 7 1 1 1 1 1 1 1 1 1 1 1 1 1 1 1 1 1 1 100 1 1 100 1 1 7 1 1 1 1 1 1 1 1 1 1 1 1 1 1 1 1 1 1 1 1 1 1 1 12 12 12 12 12 7 12 12 12 12 12 1 12 1 12 1 12 12 1 1 12 12 1 12 12 12 12 12 12 12 1 12 12 1 12 12 7 12 1 12 1 12 12 12 12 12 1 12 12 1 12 1 12 12 1 12 12 12 1 1 12 1 12 12 12 12 12 12 1 12 1 7 12 12 100 12 12 12 12 100 12 1 1 12 12 12 12 12 12 1 12 1 12 12 1 12 100 12 12 100 12 12 1 12 12 12 12 12 12 12 7 12 12 12 12 12 1 1 12 12 12 1 7 12 1 12 12 1 1 12 1 100 12 12 12 1 1 12 12 1 12 1 7 12 100 12 12 12 12 12 7 12 12 12 12 12 12 100 12 12 12 1 1 12 1 12 12 12 12 12 12 12 12 12 12 12 12 12 12 1 1 12 12 12 1 1 1 1 1 1 12 7 12 12 1 7 12 1 1 1 1 1 1 1 1 1 1 1 1 1 1 1 1 1 1 1 1 1 1 1 1 1 1 1 1 1 1 1 1 1 1 1 1 1 1 1 1 1 1 1 1 1 1 1 1 1 1 1 1 1 1 1 1 1 1 1 1 1 1 1 1 1 1 1 1 1 1 1 1 1 1 1 1 1 1 1 1 1 1 1 1 1 1 1 1 1 1 1 1 1 1 1 1 1 1 1 1 1 1 1 1 1 1 1 1 1 1 1 1 1 1 1 1 1 1 1 1 1 1 1 1 1 1 1 1 1 1 1 1 1 1
staticfield java/net/URL defaultFactory Ljava/net/URLStreamHandlerFactory; java/net/URL$DefaultFactory
staticfield java/net/URL streamHandlerLock Ljava/lang/Object; java/lang/Object
staticfield java/net/URL serialPersistentFields [Ljava/io/ObjectStreamField; 7 [Ljava/io/ObjectStreamField;
ciInstanceKlass java/util/jar/Manifest 1 1 301 10 7 10 9 7 10 9 9 10 10 10 10 10 11 11 10 10 100 100 10 8 10 10 10 10 11 100 10 10 11 11 11 11 100 100 8 10 11 7 9 10 10 10 10 8 10 10 11 10 10 10 8 10 7 10 10 10 100 8 10 10 8 10 10 10 10 11 10 10 10 7 10 11 10 11 10 7 100 1 1 1 1 1 1 1 1 1 1 1 1 1 1 1 1 1 1 1 1 1 1 1 1 1 1 1 1 1 1 1 1 1 1 1 1 1 1 1 1 1 1 1 1 1 1 1 1 1 1 1 1 1 100 100 1 1 1 1 1 1 1 1 1 1 1 1 1 1 1 1 1 1 1 1 100 100 1 1 1 1 1 1 1 1 1 1 1 1 1 1 1 1 12 1 12 1 12 12 12 12 12 12 12 7 12 12 100 12 1 1 1 12 12 12 12 1 12 12 12 100 12 12 12 1 1 1 12 1 7 12 12 12 12 12 1 12 12 12 12 12 1 12 1 12 12 12 1 1 12 1 12 100 12 12 12 12 12 7 12 12 1 12 12 12 1 1 1 1 1 1 1 1 1 1 1 1 1 1 1 1 1 1 1 1 1 1 1 1 1 1 1 1 1 1 1 1 1 1 1 1 1 1 1 1 1 1 1 1 1 1 1 1 1 1 1 1 1 1 1 1 1
ciInstanceKlass jdk/internal/loader/ClassLoaders 1 1 143 10 9 9 9 7 11 100 11 11 10 10 100 100 10 9 8 10 7 10 7 10 10 7 10 8 10 8 8 7 10 7 100 1 1 1 1 1 1 1 1 1 1 1 1 1 1 1 1 1 1 1 1 1 1 1 1 1 1 1 1 1 1 1 100 1 1 1 1 1 1 1 1 1 1 1 1 12 12 12 12 1 100 12 1 12 12 100 12 100 12 1 1 7 12 12 1 7 12 1 12 1 12 12 1 12 1 7 12 1 1 1 12 1 1 1 1 1 1 1 1 1 1 1 1 1 1 1 1 1 1 1 1 1 1 1 1 1 1 1 1 1 1
staticfield jdk/internal/loader/ClassLoaders JLA Ljdk/internal/misc/JavaLangAccess; java/lang/System$2
staticfield jdk/internal/loader/ClassLoaders BOOT_LOADER Ljdk/internal/loader/ClassLoaders$BootClassLoader; jdk/internal/loader/ClassLoaders$BootClassLoader
staticfield jdk/internal/loader/ClassLoaders PLATFORM_LOADER Ljdk/internal/loader/ClassLoaders$PlatformClassLoader; jdk/internal/loader/ClassLoaders$PlatformClassLoader
staticfield jdk/internal/loader/ClassLoaders APP_LOADER Ljdk/internal/loader/ClassLoaders$AppClassLoader; jdk/internal/loader/ClassLoaders$AppClassLoader
instanceKlass jdk/internal/loader/ClassLoaders$BootClassLoader
instanceKlass jdk/internal/loader/ClassLoaders$PlatformClassLoader
instanceKlass jdk/internal/loader/ClassLoaders$AppClassLoader
ciInstanceKlass jdk/internal/loader/BuiltinClassLoader 1 1 717 10 10 9 9 7 10 9 9 10 10 11 100 100 10 10 8 10 10 7 10 10 11 11 11 7 9 8 8 10 10 9 11 7 10 10 10 10 10 10 10 11 10 7 10 10 10 100 8 10 10 8 10 10 11 11 7 7 10 11 11 10 7 10 10 7 7 10 7 7 10 10 100 10 11 100 100 10 10 100 100 10 10 18 10 10 18 100 10 7 10 10 10 10 10 9 100 10 10 10 10 10 10 10 10 10 10 18 7 10 10 10 10 100 10 7 10 10 10 11 7 10 7 100 10 10 11 10 10 10 10 10 10 10 10 8 10 10 10 100 8 8 10 10 8 8 10 11 9 10 9 9 9 9 9 9 10 8 10 7 10 10 7 7 10 11 10 10 10 100 10 10 10 7 10 10 8 10 7 100 1 1 1 1 1 1 1 1 1 1 1 1 1 1 1 1 1 1 1 1 1 1 1 1 1 1 1 1 1 7 7 1 1 1 1 1 1 1 1 1 1 1 7 1 1 1 1 1 1 1 1 1 1 1 1 1 1 1 1 1 1 1 1 1 1 1 1 1 1 1 1 1 1 1 1 1 1 1 100 1 1 1 1 1 1 1 1 1 1 1 1 1 1 1 1 1 1 1 1 1 1 1 100 100 1 1 1 1 1 1 1 1 1 1 1 1 1 7 1 1 1 1 1 1 1 1 1 1 1 1 1 1 1 1 1 1 1 1 1 1 1 1 1 1 7 1 1 1 1 1 1 1 1 1 1 1 1 7 7 1 1 1 1 1 1 1 1 1 1 1 1 1 1 1 1 1 7 1 1 1 1 1 1 1 1 1 1 7 12 12 12 12 1 12 12 12 12 12 12 1 1 12 1 12 12 1 12 12 7 12 12 12 1 12 1 1 12 7 12 12 12 1 12 12 12 7 12 12 12 12 12 7 12 1 7 12 12 1 1 12 1 12 12 12 12 1 1 12 12 1 12 12 1 1 12 1 1 12 7 12 1 12 12 1 1 12 12 1 1 12 12 1 15 16 15 16 12 12 12 15 16 1 7 12 1 12 12 12 12 12 1 12 12 12 12 12 12 12 12 12 15 16 12 1 12 12 12 12 1 12 100 1 1 12 12 12 12 1 12 1 12 12 12 12 12 12 12 12 12 12 12 1 12 12 12 1 1 1 12 1 1 7 12 7 12 7 12 12 12 12 12 12 12 12 12 1 12 1 12 12 1 1 12 12 12 12 1 12 12 1 12 12 1 12 1 1 1 1 1 1 1 1 1 1 1 1 1 1 1 1 1 1 1 1 1 1 1 1 1 1 1 1 1 1 1 1 1 1 1 1 1 1 1 1 1 1 1 1 1 1 1 1 1 1 1 1 1 1 1 1 1 1 1 1 1 1 1 1 1 1 1 1 1 1 10 10 1 1 1 1 10 1 1 1 1 1 1 1 1 1 1 1 1 1 10 1 1 1 1 1 1 1 1 1 1 1 1 1 1 1 1 1 1 1 1 1 1 1 1 1 1 1 1 1 1 1 1 1 1 1 1 1 1 1 1 1 1 1 1 1 1 1 1 1 1 1 1 1 1 1 1 1 1 1 100 12 12 12 12 1 1 100 1 1 100 1 1
staticfield jdk/internal/loader/BuiltinClassLoader packageToModule Ljava/util/Map; java/util/concurrent/ConcurrentHashMap
staticfield jdk/internal/loader/BuiltinClassLoader $assertionsDisabled Z 1
ciInstanceKlass jdk/internal/loader/ClassLoaders$AppClassLoader 1 1 134 8 10 9 10 10 10 10 10 10 7 8 10 10 10 9 11 10 10 100 10 7 7 1 1 1 100 1 1 1 1 1 1 1 1 1 1 1 1 1 1 1 1 1 1 1 1 1 1 100 1 100 1 1 1 1 1 1 1 1 1 1 1 1 1 1 1 1 1 1 1 1 1 1 1 1 1 1 1 100 1 12 12 7 12 100 12 12 12 12 12 1 1 12 7 12 100 12 12 100 12 12 7 12 1 12 1 1 1 1 1 1 1 1 1 1 1 1 1 1 1 1 1 1 1 1 1 1 1 1 1 1 1 1
ciInstanceKlass jdk/internal/loader/ClassLoaders$PlatformClassLoader 1 1 57 8 10 9 11 10 100 10 100 7 1 100 1 1 1 1 1 1 1 1 1 1 1 1 1 1 1 1 1 1 1 1 1 1 1 100 1 12 12 100 12 7 12 1 12 1 1 1 1 1 1 1 1 1 1 1 1
ciInstanceKlass java/security/CodeSource 1 1 402 10 9 9 9 9 10 9 10 100 10 100 10 7 10 10 10 100 10 10 10 10 10 100 10 10 10 10 10 10 10 10 10 10 10 10 10 8 10 10 10 10 8 10 10 7 10 10 8 10 10 10 8 8 9 100 8 10 10 8 10 8 8 8 10 10 10 10 10 10 100 100 10 10 10 10 10 100 10 10 8 10 10 10 100 10 100 100 8 8 10 10 10 100 10 10 11 10 10 11 10 10 8 100 10 10 100 10 11 11 7 100 1 1 1 5 0 1 1 1 1 1 1 1 1 1 1 1 1 1 1 1 1 1 1 1 1 1 100 1 1 1 1 1 1 1 1 1 1 1 1 1 1 1 1 1 1 1 1 1 1 1 1 1 1 1 1 1 1 1 1 1 1 1 1 1 1 1 1 1 100 1 1 1 1 1 1 1 1 1 1 1 1 1 100 1 1 1 1 1 1 1 1 1 1 1 1 1 1 1 1 1 1 100 100 100 1 1 1 1 1 1 1 1 1 12 12 12 12 12 7 12 12 100 12 100 12 1 12 12 100 1 12 100 12 12 12 1 12 100 100 12 100 12 12 12 12 12 12 1 12 12 12 12 1 12 1 12 1 12 12 12 1 1 12 1 1 12 12 1 12 1 1 1 12 12 12 12 12 12 1 1 12 12 12 12 12 1 12 1 12 12 12 1 12 1 1 1 1 12 100 12 1 12 12 12 12 12 100 1 1 12 12 1 12 12 1 1 1 1 1 1 1 1 1 1 1 1 1 1 1 1 1 1 1 1 1 1 1 1 1 1 1 1 1 1 1 1 1 1 1 1 1 1 1 1 1 1 1 1 1 1 1 1 1 1 1 1 1 1 1 1 1 1 1 1 1 1 1 1 1 1 1 1 1 1 1 1 1 1 1 1
ciInstanceKlass java/lang/StackTraceElement 1 1 224 10 10 9 9 9 9 8 10 7 9 8 9 9 9 8 10 10 7 10 10 8 10 10 8 8 8 10 8 8 10 8 8 7 10 10 10 10 9 10 10 7 10 10 10 10 10 10 10 10 10 7 100 7 1 1 1 1 1 1 1 1 1 1 1 1 1 1 1 1 1 1 1 3 1 3 1 1 5 0 1 1 1 1 1 1 1 1 1 1 1 1 1 1 1 1 1 1 1 1 1 1 1 1 1 1 1 1 1 1 1 1 1 1 1 1 1 1 7 100 7 100 1 1 1 1 1 1 1 1 1 1 1 1 1 100 1 1 1 1 1 1 1 1 1 1 12 12 12 12 12 12 1 100 12 1 12 1 12 12 12 1 12 12 1 12 1 12 12 1 1 1 12 1 1 12 1 1 1 12 12 12 12 12 12 12 1 12 7 12 7 12 12 12 12 12 12 1 1 1 1 1 1 1 1 1 1 1 1 1 1 1 1 1 1 1 1 1 1 1 1 1 1 1
instanceKlass java/nio/IntBuffer
instanceKlass java/nio/LongBuffer
instanceKlass java/nio/CharBuffer
instanceKlass java/nio/ByteBuffer
ciInstanceKlass java/nio/Buffer 1 1 195 100 10 9 9 10 9 10 10 100 100 10 8 10 10 8 8 10 10 8 9 100 8 10 8 8 9 10 8 8 8 10 8 8 8 100 10 100 10 100 10 100 10 7 10 10 9 7 10 10 7 1 1 1 1 1 1 3 1 1 1 1 1 1 1 1 1 1 1 1 1 1 1 1 1 1 1 1 1 1 1 1 1 1 1 1 1 100 1 1 1 1 1 1 1 1 1 1 1 1 1 1 1 1 1 1 1 1 1 1 1 1 1 1 1 1 1 1 1 1 1 1 1 1 1 1 1 1 1 1 1 1 1 12 12 12 12 12 12 12 1 1 1 12 12 1 1 12 12 1 12 1 1 12 1 1 12 12 1 1 1 12 1 1 1 1 1 1 1 1 7 12 7 12 12 1 7 12 1 1 1 1 1 1 1 1 1 1 1 1 1 1 1 1 1
staticfield java/nio/Buffer UNSAFE Ljdk/internal/misc/Unsafe; jdk/internal/misc/Unsafe
staticfield java/nio/Buffer $assertionsDisabled Z 1
ciInstanceKlass java/lang/StackWalker 0 0 235 9 10 100 10 10 11 10 10 100 10 100 8 10 10 10 10 9 9 9 9 10 9 10 11 100 8 10 10 9 10 10 10 18 100 8 10 10 10 9 11 10 100 100 1 1 1 100 1 1 1 1 1 1 1 1 1 1 1 1 1 1 1 1 1 1 1 1 1 1 1 1 1 1 1 1 1 1 1 1 1 1 1 1 1 1 1 1 1 1 1 100 1 1 1 1 1 1 1 1 1 1 1 1 1 1 1 1 1 1 1 1 1 1 1 1 1 1 1 1 1 1 1 1 1 1 1 1 1 1 12 100 12 1 100 12 12 100 12 12 12 1 12 1 1 12 12 12 12 12 12 12 12 12 12 100 12 12 1 1 12 12 12 100 12 100 12 1 15 16 15 16 12 1 1 12 100 12 12 100 12 12 1 1 1 1 1 1 1 1 1 1 1 1 1 1 1 1 1 1 1 1 1 1 1 1 1 1 1 1 10 10 1 1 1 1 1 1 1 1 1 1 1 1 100 12 12 1 1 100 1 1 100 1 1
ciInstanceKlass java/lang/StackStreamFactory$AbstractStackWalker 1 0 306 100 100 3 10 10 10 9 10 9 9 9 9 9 10 10 9 10 10 9 9 100 10 8 10 10 8 10 10 100 8 10 8 10 9 10 9 8 5 0 8 8 9 10 10 10 9 10 10 10 10 10 10 8 10 10 10 10 8 100 10 10 10 10 10 10 9 8 10 10 10 10 10 10 10 10 10 10 8 100 1 1 1 1 1 1 1 1 1 1 100 1 1 1 1 1 1 1 1 1 1 1 1 1 1 1 1 1 1 1 1 1 1 1 1 1 1 1 1 1 1 1 1 1 100 1 1 1 1 1 1 100 1 1 1 1 1 1 1 100 1 1 1 1 1 1 1 1 1 1 1 1 1 1 1 1 1 1 1 1 1 1 1 1 1 12 12 100 12 12 12 12 12 12 12 100 12 100 12 12 12 12 12 12 100 12 1 1 12 12 1 12 100 12 1 1 12 1 12 100 12 12 12 1 1 1 12 12 12 12 12 12 12 12 12 12 12 1 12 12 12 12 1 1 12 12 12 12 12 100 12 12 1 12 12 12 12 12 12 12 12 12 12 1 1 1 1 1 1 1 1 1 1 1 1 1 1 1 1 1 1 1 1 1 1 1 1 1 1 1 1 1 1 1 1 1 1 1 1 1 1 1 1 1 1 1 1 1 1 1 1 1 1 1 1 1 1 1 1 1 1 1 1 1 1 1
instanceKlass java/lang/LiveStackFrameInfo
ciInstanceKlass java/lang/StackFrameInfo 0 0 132 10 9 9 9 11 9 11 10 10 10 11 11 11 10 9 10 10 10 11 10 9 10 100 8 10 10 100 100 100 1 1 1 1 1 1 1 1 1 1 1 1 1 1 1 1 1 1 1 1 1 1 1 1 1 1 1 1 1 1 1 1 1 1 1 1 1 1 1 1 1 100 100 1 1 1 1 1 12 100 12 12 100 12 12 12 12 100 12 12 12 12 12 12 12 12 12 12 12 12 12 12 1 1 12 100 12 1 1 1 1 1 1 1 1 1 1 1 1 1 1 1 1 1 1 1 1 1 1 1 1 1
ciInstanceKlass java/lang/LiveStackFrameInfo 0 0 97 10 9 9 9 9 9 100 10 10 8 10 100 8 8 8 10 100 10 100 10 100 100 100 1 1 1 1 1 1 1 1 3 1 3 1 1 1 1 1 1 1 1 1 1 1 1 1 1 1 1 1 1 1 1 1 1 1 100 1 1 1 1 1 1 1 1 1 1 12 12 12 12 12 12 1 12 12 1 12 1 1 1 1 1 12 1 12 1 1 1 1 1 1 1 1 1
instanceKlass java/util/concurrent/locks/AbstractQueuedSynchronizer
ciInstanceKlass java/util/concurrent/locks/AbstractOwnableSynchronizer 1 1 32 10 9 7 7 100 1 1 1 5 0 1 1 1 1 1 1 1 1 1 1 1 1 1 1 1 1 12 12 1 1 1
ciInstanceKlass java/lang/Boolean 1 1 128 10 9 10 10 8 10 9 9 8 10 7 10 10 100 100 10 10 8 10 9 7 100 100 1 1 1 1 1 1 1 1 1 1 1 1 5 0 1 1 1 1 1 1 1 1 1 1 1 1 1 1 1 1 1 1 1 1 1 1 1 1 1 1 7 1 1 1 1 1 1 1 1 1 1 1 100 1 1 1 1 1 1 1 1 1 1 1 1 1 1 1 1 1 12 12 12 12 1 12 12 12 1 12 1 12 7 12 1 1 12 12 1 7 12 12 1 1 1 1 1 1 1 1 1 1 1 1
staticfield java/lang/Boolean TRUE Ljava/lang/Boolean; java/lang/Boolean
staticfield java/lang/Boolean FALSE Ljava/lang/Boolean; java/lang/Boolean
staticfield java/lang/Boolean TYPE Ljava/lang/Class; java/lang/Class
ciInstanceKlass java/lang/Character 1 1 550 7 100 10 9 9 10 10 10 10 10 3 3 3 3 3 10 10 3 11 11 10 10 100 10 10 3 10 10 10 100 8 7 10 10 10 10 10 10 10 10 10 10 10 10 10 10 10 10 10 10 10 10 10 10 10 10 10 10 10 10 10 10 10 10 10 10 10 10 10 10 10 10 10 10 10 10 10 5 0 10 10 10 10 10 10 10 10 10 10 9 100 10 10 10 3 10 10 10 100 10 10 10 10 8 10 9 10 10 10 10 10 10 10 10 10 100 8 10 10 8 10 9 100 100 7 1 1 100 1 100 1 100 1 1 1 1 3 1 3 1 1 3 1 3 1 1 1 1 1 1 1 3 1 1 3 1 3 1 3 1 3 1 3 1 3 1 3 1 3 1 3 1 3 1 3 1 3 1 3 1 3 1 3 1 3 1 3 1 3 1 3 1 3 1 3 1 3 1 3 1 3 1 3 1 3 1 3 1 3 1 1 1 1 1 1 1 1 1 1 1 1 1 1 1 1 1 1 1 3 1 1 1 1 1 1 1 3 1 1 3 1 1 1 1 1 3 1 1 1 5 0 1 1 1 1 1 1 1 1 1 1 1 1 1 1 1 1 1 1 1 1 1 1 1 1 1 1 1 1 1 1 1 1 1 1 1 1 1 1 1 1 1 1 1 1 1 1 1 1 1 1 1 1 1 1 1 1 1 1 1 1 1 1 1 1 1 1 1 1 1 1 1 1 1 1 1 1 1 1 1 1 1 1 1 1 1 1 1 1 1 1 1 1 1 1 1 1 1 1 1 1 1 1 1 1 1 1 1 1 1 1 1 1 1 1 1 1 1 1 1 1 1 1 1 1 1 1 1 1 1 1 1 1 1 1 1 1 1 1 1 1 1 1 1 1 1 7 1 1 1 1 1 1 1 1 1 1 1 1 1 12 12 12 12 12 12 12 12 12 12 7 12 12 12 12 1 12 12 12 12 1 1 1 100 12 12 12 12 12 12 12 12 7 12 12 12 12 12 12 12 12 12 12 12 12 12 12 12 12 12 12 12 12 12 12 12 12 12 12 12 12 12 12 12 1 12 12 100 12 12 12 1 12 12 12 1 12 100 12 12 12 12 12 12 12 1 1 12 7 12 1 12 12 1 1 1 1 1 1 1 1 1 1 1 1 1 1 1 1 1 1 1 1 1 1 1 1 1 1 1 1 1 1 1 1 1 1 1 1 1 1 1 1 1 1 1 1 1 1
staticfield java/lang/Character TYPE Ljava/lang/Class; java/lang/Class
staticfield java/lang/Character $assertionsDisabled Z 1
instanceKlass com/google/gson/internal/LazilyParsedNumber
instanceKlass java/util/concurrent/atomic/Striped64
instanceKlass java/math/BigDecimal
instanceKlass java/math/BigInteger
instanceKlass java/util/concurrent/atomic/AtomicLong
instanceKlass java/util/concurrent/atomic/AtomicInteger
instanceKlass java/lang/Long
instanceKlass java/lang/Integer
instanceKlass java/lang/Short
instanceKlass java/lang/Byte
instanceKlass java/lang/Double
instanceKlass java/lang/Float
ciInstanceKlass java/lang/Number 1 1 37 10 10 100 7 100 1 1 1 5 0 1 1 1 1 1 1 1 1 1 1 1 1 1 1 1 1 1 1 1 1 1 12 12 1 1 1
ciInstanceKlass java/lang/Float 1 1 192 7 100 10 10 4 100 10 10 8 8 10 10 10 10 4 4 4 10 9 10 10 10 10 10 10 3 10 10 10 10 8 10 9 7 100 1 1 1 1 1 4 1 1 1 4 1 1 3 1 3 1 3 1 3 1 1 1 1 1 1 1 5 0 1 1 1 1 1 1 1 1 1 1 1 1 1 7 1 1 1 1 1 1 1 1 1 1 1 1 1 1 1 1 1 1 1 1 1 1 1 1 1 1 1 1 1 1 1 1 1 1 1 1 1 1 1 1 1 1 1 1 1 1 1 1 1 1 1 1 1 1 1 1 1 1 1 1 1 1 1 1 1 1 1 1 7 12 100 12 1 12 12 1 1 100 12 12 12 12 12 12 12 12 12 12 12 12 12 12 12 1 7 12 12 1 1 1 1 1 1 1 1 1 1 1 1 1 1 1 1 1
staticfield java/lang/Float TYPE Ljava/lang/Class; java/lang/Class
ciInstanceKlass java/lang/Double 1 1 254 7 100 10 10 10 100 10 10 6 0 8 10 8 10 8 6 0 10 100 5 0 5 0 8 8 10 10 8 10 8 8 8 10 10 10 10 10 10 10 10 6 0 6 0 6 0 10 9 10 10 10 10 5 0 10 10 10 10 8 10 9 7 100 1 1 1 1 1 6 0 1 1 1 6 0 1 1 3 1 3 1 3 1 3 1 1 1 1 1 1 1 5 0 1 1 1 1 1 1 1 1 1 1 1 1 1 1 1 100 1 1 1 1 7 1 1 1 1 1 1 1 1 1 1 1 1 1 1 1 1 1 1 1 1 1 1 1 1 1 1 1 1 1 1 1 1 1 1 1 1 1 1 1 1 1 1 1 1 1 1 1 1 1 1 1 1 1 1 1 1 1 1 1 1 1 1 1 1 1 1 1 1 7 12 12 12 1 12 100 12 1 12 1 12 1 12 1 1 1 100 12 12 1 12 1 1 1 12 12 12 12 12 12 12 12 12 12 12 12 12 12 12 12 12 1 7 12 12 1 1 1 1 1 1 1 1 1 1 1 1 1 1 1 1 1 1 1 1 1 1 1 1 1
staticfield java/lang/Double TYPE Ljava/lang/Class; java/lang/Class
ciInstanceKlass java/lang/Byte 1 1 178 7 10 9 10 7 100 10 8 10 8 10 10 10 10 10 10 10 10 8 8 10 9 10 10 10 10 10 5 0 10 8 10 9 7 100 7 1 1 1 1 1 3 1 3 1 1 1 1 1 1 1 3 1 3 1 1 5 0 1 1 1 1 1 1 1 1 1 1 1 1 1 1 1 1 1 1 1 1 1 1 1 1 1 1 1 1 1 1 1 1 1 1 1 1 1 1 1 1 1 1 1 1 1 1 1 1 1 1 1 1 1 1 1 1 1 1 1 1 1 1 1 1 1 1 1 1 1 1 1 100 12 12 12 1 1 12 1 12 1 12 12 12 12 12 12 12 12 1 1 12 12 12 12 12 12 12 1 7 12 12 1 1 1 1 1 1 1 1 1 1 1 1 1 1 1 1 1
staticfield java/lang/Byte TYPE Ljava/lang/Class; java/lang/Class
ciInstanceKlass java/lang/Short 1 1 186 7 100 10 10 7 100 10 8 10 8 10 10 10 10 10 10 9 10 10 10 8 8 10 9 10 10 10 10 10 3 3 5 0 10 8 10 9 7 100 7 1 1 1 1 1 3 1 3 1 1 1 1 1 1 1 3 1 3 1 1 5 0 1 1 1 1 1 1 1 1 1 1 1 1 1 1 1 1 1 1 1 1 1 1 1 1 1 1 1 1 1 1 1 1 1 1 1 1 1 1 1 1 1 1 1 1 1 1 1 1 1 1 1 1 1 1 1 1 1 1 1 1 1 1 1 1 1 1 1 1 1 1 1 1 1 1 100 12 12 1 1 12 1 12 1 12 12 12 12 12 12 12 12 12 12 1 1 12 12 12 12 12 12 12 1 7 12 12 1 1 1 1 1 1 1 1 1 1 1 1 1 1 1 1 1
staticfield java/lang/Short TYPE Ljava/lang/Class; java/lang/Class
ciInstanceKlass java/lang/Integer 1 1 417 7 100 7 7 10 9 9 10 10 10 10 10 10 10 10 10 10 10 10 10 10 10 10 9 9 7 8 10 100 10 8 10 10 8 10 8 10 3 10 3 10 10 10 7 11 100 10 11 10 8 10 8 100 10 10 5 0 8 10 10 10 10 7 9 9 10 10 9 10 10 10 10 100 100 10 10 8 8 10 8 8 8 8 8 8 10 10 10 5 0 3 3 3 3 10 3 10 10 8 10 9 3 3 3 3 3 3 9 7 100 1 1 1 1 1 1 1 1 1 1 1 1 1 1 1 1 1 1 1 3 1 3 1 1 5 0 1 1 1 1 1 1 1 1 1 1 1 1 100 1 1 1 1 1 1 1 1 1 1 1 1 1 1 1 1 1 1 1 1 1 1 1 1 1 1 1 1 1 1 1 1 1 1 1 1 1 1 1 1 1 1 1 1 1 1 1 1 1 1 1 1 1 1 1 1 1 1 1 1 1 1 1 1 1 1 1 1 1 1 1 1 1 1 1 1 1 1 1 1 1 1 1 1 1 100 1 1 1 1 1 1 1 1 1 1 1 1 1 1 1 1 1 1 1 1 1 1 1 1 1 1 1 1 1 1 1 1 1 1 1 1 1 1 1 1 1 1 1 1 1 12 12 12 100 12 12 100 12 12 100 12 12 12 7 12 12 12 12 12 12 12 12 12 1 1 12 1 12 1 12 12 1 12 1 12 12 12 12 7 12 1 1 12 1 12 1 1 12 12 1 12 12 12 12 1 12 12 12 12 12 12 12 7 12 1 1 12 12 1 1 12 1 1 1 1 1 1 12 12 12 12 12 12 1 7 12 12 12 1 1 1 1 1 1 1 1 1 1 1 1 1 1 1 1 1 1 1 1 1 1 1 1 1 1 1 1 1 1 1 1 1 1 1 1 1 1 1 1 1 1 1 1 1 1 1 1
staticfield java/lang/Integer TYPE Ljava/lang/Class; java/lang/Class
staticfield java/lang/Integer digits [C 36
staticfield java/lang/Integer DigitTens [B 100
staticfield java/lang/Integer DigitOnes [B 100
staticfield java/lang/Integer sizeTable [I 10
ciInstanceKlass java/lang/Long 1 1 482 7 100 7 7 10 9 9 10 10 10 10 10 10 10 10 5 0 5 0 100 10 10 10 10 10 10 10 10 10 10 10 10 10 10 10 10 10 10 10 10 7 5 0 5 0 9 9 5 0 7 8 10 8 10 8 8 10 5 0 10 5 0 10 10 10 7 11 100 10 11 10 8 10 8 100 10 10 8 8 11 10 10 10 5 0 5 0 9 10 10 8 8 10 8 8 8 8 8 8 10 10 10 10 9 10 10 10 100 100 10 10 10 10 10 10 10 5 0 5 0 5 0 10 5 0 5 0 10 10 10 8 10 9 7 100 7 1 1 1 1 1 1 5 0 1 1 1 1 1 1 1 3 1 3 1 5 0 1 1 1 1 1 1 1 1 1 1 1 1 1 100 1 1 1 1 1 1 1 1 1 1 1 1 1 1 1 1 1 1 1 1 1 1 1 1 1 1 1 1 1 1 1 1 1 1 1 1 1 1 1 1 1 1 1 1 1 1 1 1 1 1 1 1 1 1 1 1 1 1 1 1 1 1 1 1 1 1 1 1 1 1 1 1 1 1 1 1 1 1 1 1 1 1 1 1 1 1 1 1 1 1 1 1 1 1 1 1 1 1 1 1 1 1 1 1 100 1 1 1 1 1 1 1 1 1 1 1 1 1 1 1 1 1 1 1 1 1 1 1 1 1 1 1 1 1 1 1 1 1 1 1 1 1 1 1 1 1 1 12 12 12 7 12 12 100 12 12 12 12 12 1 12 12 12 12 12 12 100 12 12 12 12 12 12 7 12 12 12 12 12 12 12 1 12 12 1 1 12 1 12 1 1 12 12 12 12 7 12 1 1 12 1 12 1 1 12 12 1 1 12 12 12 12 12 12 12 1 1 12 1 1 1 1 1 1 12 12 12 12 12 12 7 12 1 1 12 12 12 12 12 12 12 12 12 12 1 7 12 12 1 1 1 1 1 1 1 1 1 1 1 1 1 1 1 1 1 1 1 1 1 1 1 1 1 1 1 1 1 1 1 1 1 1 1 1 1 1 1 1 1 1 1 1 1 1 1 1 1 1 1 1 1 1 1 1 1 1 1 1 1 1
staticfield java/lang/Long TYPE Ljava/lang/Class; java/lang/Class
ciInstanceKlass java/util/Iterator 1 1 53 100 8 10 10 11 11 11 7 100 1 1 1 1 1 1 1 1 1 1 1 1 1 1 1 1 1 1 1 1 1 1 1 1 1 1 12 7 12 12 12 7 12 1 1 1 1 1 1 1 1 1 1
ciInstanceKlass java/lang/NullPointerException 1 1 26 10 10 100 7 1 1 1 5 0 1 1 1 1 1 1 1 1 1 1 1 1 12 12 1 1
ciInstanceKlass java/lang/ArithmeticException 1 1 26 10 10 100 100 1 1 1 5 0 1 1 1 1 1 1 1 1 1 1 1 1 12 12 1 1
ciInstanceKlass java/util/Set 1 1 138 100 10 10 7 10 10 7 7 10 7 7 7 10 10 11 100 1 1 1 1 1 1 1 1 1 1 1 1 1 1 1 1 1 1 1 1 1 1 1 1 1 1 1 1 1 1 1 1 1 1 1 1 1 1 1 1 1 1 1 1 1 1 1 1 1 1 1 1 1 1 1 1 1 1 1 1 1 1 1 1 1 1 1 1 1 1 1 1 1 1 1 1 1 1 1 1 1 1 1 1 1 1 1 1 1 1 1 7 12 7 12 1 1 1 12 12 1 1 1 12 1 1 1 1 12 12 12 1 1 1 1 1 1 1 1 1 1
ciInstanceKlass java/util/Objects 1 1 140 10 100 8 10 10 10 10 10 10 10 11 100 10 10 8 10 8 100 11 8 100 10 10 10 7 7 1 1 1 1 1 1 1 1 1 1 1 1 1 1 1 1 1 1 1 1 1 1 1 1 1 1 1 1 1 1 1 1 1 1 1 1 1 1 1 1 1 1 1 1 1 1 1 1 1 1 1 1 1 1 1 1 1 1 1 1 1 1 1 1 1 1 1 1 1 1 1 1 1 12 1 1 12 12 7 12 12 12 12 12 100 12 1 12 12 1 12 1 1 7 12 12 12 1 1 1 1 1 1 1 1 1 1 1 1 1 1 1 1
instanceKlass io/qameta/allure/internal/shadowed/jackson/core/util/InternCache
ciInstanceKlass java/util/concurrent/ConcurrentHashMap 1 1 1210 7 7 3 10 3 100 10 100 10 100 11 11 11 9 9 9 10 7 10 10 10 4 10 9 10 100 10 5 0 10 10 5 0 10 10 9 10 9 9 10 9 10 9 10 100 10 7 10 10 10 10 10 10 10 100 10 7 100 8 10 10 10 11 10 11 11 11 11 7 11 11 10 10 9 10 9 10 9 10 5 0 9 7 10 9 7 10 9 7 10 7 10 10 8 10 10 7 11 100 10 10 8 10 8 10 8 10 10 10 10 10 100 10 9 9 10 9 11 11 100 10 11 10 11 10 100 10 7 10 10 9 10 3 10 9 10 9 9 10 10 9 9 10 10 3 9 9 10 7 9 3 9 100 10 9 10 9 7 10 9 10 100 10 100 5 0 10 100 10 10 10 100 10 10 100 100 10 10 10 100 10 10 100 10 10 100 10 100 10 10 10 100 10 10 10 100 10 10 100 10 10 100 10 10 100 10 10 100 10 10 100 10 10 100 10 10 100 10 10 100 10 10 100 10 10 100 10 10 100 10 10 100 10 10 100 10 10 100 10 10 100 10 10 100 10 10 100 10 10 100 10 10 100 10 10 100 10 10 100 10 10 100 10 10 100 10 10 10 10 10 7 7 10 9 9 10 8 10 8 8 8 8 7 10 10 100 8 10 7 7 100 100 1 1 1 1 1 1 1 1 1 1 1 1 1 1 1 1 1 1 1 1 1 1 1 1 1 1 1 1 1 1 1 1 100 1 1 1 1 100 1 100 1 100 1 100 1 100 1 100 1 1 1 100 1 1 100 1 1 1 1 1 1 1 1 1 1 1 5 0 1 1 1 3 1 3 1 1 1 1 3 1 3 1 3 1 1 1 1 1 3 1 3 1 3 1 1 1 1 1 1 1 1 1 1 1 1 1 1 1 1 1 1 1 1 1 1 1 1 1 1 1 1 1 1 1 1 1 1 1 1 1 1 1 1 1 1 1 1 1 1 1 1 1 1 1 1 1 1 1 1 1 100 7 100 1 1 1 1 1 1 1 1 1 1 1 1 1 1 1 1 1 1 1 1 1 1 1 1 1 1 1 1 1 1 1 1 1 1 1 1 1 1 1 1 1 1 1 1 1 1 1 1 1 1 1 1 1 1 1 1 1 1 1 1 1 1 1 1 1 1 1 1 1 1 1 1 1 1 1 1 1 7 1 1 1 1 1 1 1 1 1 1 1 1 1 1 1 1 1 1 1 1 1 1 1 1 1 1 1 1 1 1 1 1 1 1 1 1 1 1 1 1 1 1 1 1 1 1 1 100 1 1 1 100 1 100 1 1 1 1 1 1 1 1 1 1 1 1 1 100 100 1 1 1 1 1 1 1 1 1 1 1 1 1 1 1 1 1 1 1 1 1 1 1 1 1 1 1 1 1 1 1 1 1 1 1 1 1 1 7 1 1 1 1 1 7 1 1 1 1 1 1 1 1 1 1 1 1 1 1 1 1 1 1 1 1 1 1 1 1 1 1 1 1 1 1 1 1 1 1 1 1 1 1 1 1 1 1 1 1 1 1 1 1 1 1 1 1 1 1 1 1 1 1 1 1 1 1 1 1 1 1 7 1 1 1 1 1 1 1 1 1 1 1 1 1 1 1 1 1 1 1 1 1 1 1 1 1 1 1 1 1 1 1 1 1 1 1 1 1 1 1 1 1 1 1 1 1 1 1 1 1 1 1 1 1 1 1 1 1 1 1 1 1 1 1 1 1 1 1 1 1 1 1 1 1 1 1 1 1 1 1 1 1 1 1 1 1 1 1 1 1 1 1 1 1 1 1 1 1 1 1 1 1 1 1 1 1 1 1 1 1 1 1 1 1 1 1 1 1 1 1 1 1 1 1 1 1 1 1 1 1 1 1 1 1 1 1 1 12 1 12 1 12 1 12 12 12 12 12 12 12 1 12 12 12 12 12 12 1 12 12 12 12 12 12 12 12 12 12 12 12 12 1 1 12 12 12 12 12 12 12 1 12 1 1 1 12 12 12 12 12 12 7 12 12 12 1 12 12 12 12 12 12 12 12 12 12 1 12 12 1 12 12 1 1 12 1 12 12 1 1 12 12 12 12 12 12 12 12 12 1 12 12 12 12 7 12 12 1 1 12 100 12 12 12 1 12 1 7 12 12 100 12 12 12 12 12 12 100 12 12 12 12 12 12 12 12 1 12 1 12 12 12 12 1 12 12 100 12 12 1 100 12 1 12 12 12 1 12 1 1 12 1 12 1 12 1 12 1 12 12 1 12 12 1 12 1 12 1 12 1 12 1 12 1 12 1 12 1 12 1 1 1 1 12 1 12 1 12 1 12 1 12 1 1 1 1 12 1 12 1 12 1 12 1 12 12 7 12 12 1 12 12 12 12 12 12 12 1 1 1 1 1 1 1 1 1 1 1 1 1 1 1 1 1 1 1 1 1 1 1 1 1 1 1 1 1 1 1 1 1 1 1 1 1 1 1 1 1 1 1 1 1 1 1 1 1 1 1 1 1 1 1 1 1 1 1 1 1 1 1 1 1 1 1 1 1 1 1 1 1 1 1 1 1 1 1 1 1 1 1 1 1 1 1 1 1 1 1 1 1 1 1 1 1 1 1 1 1 1 1 1 1 1 1 1 1 1 1 1 1 1 1 1 1 1 1 1 1 1 1 1 1 1 1 1 1 1 1 1 1 1 1 1 1 1 1 1 1 1 1 1 1 1 1 1 1
staticfield java/util/concurrent/ConcurrentHashMap NCPU I 4
staticfield java/util/concurrent/ConcurrentHashMap serialPersistentFields [Ljava/io/ObjectStreamField; 3 [Ljava/io/ObjectStreamField;
staticfield java/util/concurrent/ConcurrentHashMap U Ljdk/internal/misc/Unsafe; jdk/internal/misc/Unsafe
staticfield java/util/concurrent/ConcurrentHashMap SIZECTL J 20
staticfield java/util/concurrent/ConcurrentHashMap TRANSFERINDEX J 32
staticfield java/util/concurrent/ConcurrentHashMap BASECOUNT J 24
staticfield java/util/concurrent/ConcurrentHashMap CELLSBUSY J 36
staticfield java/util/concurrent/ConcurrentHashMap CELLVALUE J 144
staticfield java/util/concurrent/ConcurrentHashMap ABASE I 16
staticfield java/util/concurrent/ConcurrentHashMap ASHIFT I 2
ciInstanceKlass java/lang/StringLatin1 1 1 314 7 10 100 10 10 10 10 10 10 10 10 10 10 10 10 10 9 10 10 10 10 10 10 10 100 10 10 10 8 8 8 10 10 10 7 10 10 10 10 10 10 10 10 10 10 10 8 10 100 10 10 10 10 10 7 100 100 1 1 1 1 1 1 1 1 1 1 1 1 1 1 1 1 1 1 1 1 1 1 1 1 1 1 1 1 1 1 1 1 1 1 1 1 1 1 1 1 1 1 1 1 1 1 1 1 1 1 1 1 1 1 1 1 1 1 1 1 1 1 1 1 1 100 1 1 1 1 1 1 1 1 1 1 1 1 1 1 1 1 1 1 1 1 1 1 1 1 1 1 1 1 1 1 1 1 1 1 1 1 1 1 1 1 1 1 1 1 1 1 1 1 1 1 1 1 1 1 1 1 100 7 1 1 1 1 1 1 1 1 1 1 1 1 1 1 1 1 1 1 1 1 1 1 1 1 1 1 1 1 1 1 1 1 1 1 1 1 1 12 1 12 12 7 12 12 7 12 12 7 12 12 12 12 12 7 12 12 12 12 12 12 12 12 1 12 12 1 1 1 12 100 12 12 1 12 12 12 12 12 12 12 12 12 12 1 12 1 12 100 12 7 12 12 1 1 1 1 1 1 1 1 1 1 1 1 1 1 1 1 1 1 1 1 1 1 1 1 1 1 1 1 1 1 1 1 1 1 1 1 1 1 1 1
ciInstanceKlass java/util/Arrays 1 1 1057 10 100 100 10 8 10 10 8 8 10 10 100 10 10 10 10 10 10 10 10 10 7 10 100 10 10 100 10 10 100 10 10 100 10 10 100 10 10 100 10 10 100 10 10 9 10 100 10 10 10 100 10 10 7 9 10 10 10 10 10 10 7 11 10 10 10 10 10 10 10 10 11 10 100 10 10 100 10 10 100 10 10 100 10 10 10 10 10 10 10 10 10 10 10 10 10 10 10 10 10 10 10 10 10 10 10 10 10 10 10 10 10 10 10 7 10 10 8 7 10 10 10 10 9 100 10 9 100 10 9 100 10 9 100 10 9 100 10 9 100 10 9 100 10 100 10 10 9 100 10 10 10 10 10 10 10 10 10 10 10 8 8 10 10 8 10 10 10 10 100 3 10 100 10 10 11 10 10 10 10 10 10 10 10 10 11 8 10 11 11 11 11 18 11 11 18 11 18 11 18 100 10 10 10 10 10 10 10 10 10 10 10 10 10 10 10 10 10 10 10 10 10 10 10 10 10 10 10 10 10 10 10 10 10 100 1 1 1 7 1 100 1 1 1 1 3 1 3 1 1 1 1 1 1 1 1 1 1 1 1 1 1 1 1 1 1 1 1 1 1 1 1 1 1 1 1 1 1 1 1 1 1 1 1 1 1 1 1 1 1 1 1 1 1 1 1 1 1 1 1 1 1 1 7 1 1 1 1 1 1 1 1 1 1 1 1 1 1 1 1 1 1 1 1 1 1 1 1 1 1 1 1 1 1 1 1 1 1 1 1 1 1 1 1 1 1 1 1 1 1 1 1 1 1 1 1 1 1 1 1 1 1 1 1 1 1 1 1 1 1 1 1 1 1 1 1 1 1 1 1 1 1 1 1 1 1 1 1 1 1 1 1 1 1 1 1 1 1 1 1 1 1 1 1 1 1 1 1 1 1 1 1 1 1 1 1 1 1 1 1 1 1 1 1 1 1 1 1 1 1 1 1 1 1 1 1 1 1 1 1 1 1 1 1 1 1 1 1 1 1 1 1 1 1 1 1 1 1 1 1 1 1 1 1 1 1 1 1 1 1 1 1 1 1 1 1 1 1 1 1 1 1 1 1 1 1 1 1 1 1 1 1 1 1 7 1 1 1 1 1 1 1 1 1 1 1 1 1 1 1 1 1 1 1 1 1 1 1 1 1 1 1 1 1 1 1 1 1 1 1 1 1 1 1 1 1 1 1 1 1 1 1 1 1 1 1 100 1 1 1 100 1 1 1 100 1 1 1 1 1 1 1 1 1 1 1 1 1 1 1 1 1 1 1 1 1 1 1 1 1 1 1 1 1 1 1 1 1 1 1 1 1 1 1 1 1 1 1 1 1 1 1 1 1 1 1 1 1 1 1 1 1 1 12 1 1 1 12 12 1 1 12 12 1 12 7 12 12 12 12 12 12 12 12 1 100 12 100 1 1 1 12 12 100 1 1 12 100 1 1 12 100 1 1 12 100 1 1 12 100 1 1 12 100 1 1 12 12 7 12 100 1 1 12 12 7 12 12 12 12 7 12 100 12 12 12 12 1 12 12 7 12 12 12 100 12 12 12 12 7 12 100 1 1 12 1 1 12 1 1 12 1 1 12 12 12 12 12 12 12 100 12 12 100 12 12 12 7 12 12 12 12 12 12 12 12 12 12 12 12 12 12 12 12 12 12 1 7 12 12 1 1 12 12 12 12 100 12 12 12 100 12 100 12 100 12 100 12 12 12 12 12 1 12 12 12 12 12 12 12 12 12 12 1 1 12 12 1 12 12 12 100 12 1 1 12 100 12 12 12 12 12 12 12 12 12 12 12 1 12 7 12 100 12 12 1 15 16 15 12 12 100 12 15 12 100 12 15 12 100 12 15 12 1 7 12 12 12 12 12 12 12 12 12 12 7 12 12 12 12 12 12 12 12 12 12 12 12 12 12 12 12 12 12 12 12 12 12 12 1 1 1 1 1 1 1 1 1 1 1 1 1 1 1 1 1 1 1 1 1 1 1 1 100 1 1 1 1 1 1 1 1 1 1 1 1 1 1 1 1 1 1 1 1 1 1 1 1 1 1 1 1 1 1 1 1 1 1 1 1 1 1 1 1 1 1 1 1 1 1 1 1 1 1 1 1 1 1 1 1 1 1 1 1 1 1 1 1 1 1 1 1 1 1 1 1 1 1 1 1 1 1 1 1 1 1 1 1 1 1 1 1 1 1 1 1 1 1 1 1 1 1 1 1 1 10 10 1 1 1 1 1 1 1 10 1 1 1 1 10 1 1 1 1 10 1 1 1 1 1 1 1 1 1 1 1 1 1 1 1 1 1 1 1 1 1 1 1 1 1 1 1 100 12 12 12 12 12 1 1 100 1 1 100 1 1
staticfield java/util/Arrays $assertionsDisabled Z 1
ciInstanceKlass java/lang/Math 1 1 389 10 10 10 10 10 10 10 7 6 0 6 0 10 10 10 10 10 10 10 10 10 10 10 10 100 3 3 3 10 100 5 0 5 0 5 0 5 0 5 0 9 10 100 8 10 8 10 10 100 5 0 5 0 100 3 5 0 3 5 0 10 10 10 9 9 10 7 6 0 10 9 100 10 10 100 10 10 10 10 10 10 10 10 10 6 0 10 10 10 10 7 4 10 10 10 10 10 10 10 10 10 10 10 5 0 6 0 4 6 0 4 6 0 4 10 9 10 9 10 4 6 0 100 100 1 1 1 1 1 6 0 1 6 0 1 1 1 1 1 1 1 1 1 1 1 1 1 1 1 1 1 1 1 1 1 1 1 1 1 1 1 1 1 1 1 1 1 1 1 1 1 1 1 1 1 1 1 1 1 1 1 1 1 1 1 1 1 1 1 1 1 1 1 1 1 1 1 1 1 1 1 1 1 1 1 1 1 1 1 1 1 1 1 1 1 1 1 1 1 1 1 1 1 1 1 1 1 1 1 1 1 1 1 1 1 1 1 1 1 1 1 1 1 1 1 1 1 1 1 1 1 1 1 1 1 1 1 1 1 1 1 1 1 1 1 1 1 1 1 1 1 1 1 1 1 1 1 1 1 1 1 1 12 7 12 12 12 12 12 12 1 12 12 12 12 12 12 12 12 12 12 12 12 1 12 1 12 100 12 1 1 12 1 12 12 1 1 12 12 12 12 12 12 1 12 12 1 12 1 12 12 12 12 12 12 12 12 12 12 12 12 12 1 12 12 12 12 12 12 12 12 12 12 12 12 12 12 12 7 12 1 1 1 1 1 1 1 1 1 1 1 1 1 1 1 1 1 1 1 1 1 1 1 1 1 1 1 1
staticfield java/lang/Math negativeZeroFloatBits J -2147483648
staticfield java/lang/Math negativeZeroDoubleBits J -9223372036854775808
staticfield java/lang/Math $assertionsDisabled Z 1
ciInstanceKlass java/lang/StringUTF16 1 1 532 100 7 10 100 10 7 3 100 100 10 8 10 10 8 10 10 9 10 100 8 10 9 9 10 10 10 10 10 10 10 10 10 10 10 10 10 10 10 10 10 10 100 10 10 10 10 10 10 10 10 10 10 10 10 7 3 10 10 10 10 10 10 10 9 10 10 10 10 100 10 10 10 10 10 8 8 8 10 10 10 10 10 10 10 10 10 10 10 10 10 10 10 10 8 10 100 10 10 10 10 11 10 10 10 9 9 5 0 5 0 10 10 10 10 10 100 100 1 1 100 1 1 1 1 1 1 1 1 1 1 1 1 1 1 1 1 1 1 1 1 1 1 1 1 1 1 1 1 1 1 1 1 1 1 1 1 1 1 1 1 1 1 1 1 1 1 1 1 1 1 1 1 1 1 1 1 100 1 1 1 1 1 1 1 1 1 1 1 1 1 1 1 1 1 1 1 1 1 1 1 1 1 1 1 1 1 1 1 1 1 1 1 1 1 1 1 1 1 1 1 1 1 1 1 1 1 1 1 1 1 1 1 1 1 1 1 1 1 1 1 1 1 1 1 1 1 1 1 1 1 1 1 1 1 1 1 1 1 1 1 1 1 1 1 1 1 1 1 1 1 1 1 1 7 100 1 1 1 1 1 1 1 1 1 1 1 1 1 1 1 1 1 1 1 1 1 1 1 1 1 1 1 1 1 1 1 1 1 1 1 1 1 1 1 1 1 1 1 1 1 1 1 1 1 1 1 1 1 1 1 1 1 1 1 1 1 1 1 1 1 1 1 1 1 1 1 1 1 1 1 1 1 1 1 1 1 1 1 1 12 1 1 1 1 1 12 12 1 12 12 12 12 1 1 12 12 12 12 12 12 12 12 12 12 12 12 12 12 12 12 12 12 12 12 1 12 12 12 12 12 100 12 100 12 12 12 12 12 1 12 12 12 12 12 12 12 12 12 12 12 12 1 12 12 7 12 12 1 1 1 12 12 12 12 100 12 12 12 12 12 12 12 12 7 12 12 12 12 1 12 1 12 100 12 12 12 7 12 12 12 12 12 12 12 12 12 7 12 12 1 1 1 1 1 1 1 1 1 1 1 1 1 1 1 1 1 1 1 1 1 1 1 1 1 1 1 1 1 1 1 1 1 1 1 1 1 1 1 1 1 1 1 1 1 1 1 1 1 1 1 1 1 1 1 1 1 1 1 1 1 1
staticfield java/lang/StringUTF16 HI_BYTE_SHIFT I 0
staticfield java/lang/StringUTF16 LO_BYTE_SHIFT I 8
staticfield java/lang/StringUTF16 $assertionsDisabled Z 1
ciInstanceKlass java/lang/reflect/Modifier 1 1 153 100 10 7 8 10 8 10 8 8 8 8 8 8 8 8 8 8 8 10 3 7 10 10 7 7 10 10 100 1 1 1 3 1 3 1 3 1 3 1 3 1 3 1 3 1 3 1 3 1 3 1 3 1 3 1 1 1 3 1 3 1 3 1 1 3 1 3 1 3 1 3 1 3 1 1 1 1 1 1 1 1 1 1 1 1 1 1 1 1 1 1 1 1 1 1 1 1 1 1 1 1 1 1 1 1 1 1 1 1 1 1 1 1 1 1 1 12 1 1 12 1 12 1 1 1 1 1 1 1 1 1 1 1 12 1 1 1 7 12 1 1 12 1 1 1 1 1 1 1 1 1 1
ciInstanceKlass jdk/internal/reflect/Reflection 1 1 293 10 10 10 10 10 10 10 10 10 10 10 10 10 10 10 10 10 9 10 9 11 100 100 10 8 10 10 10 10 7 10 11 100 10 7 7 11 10 10 100 10 10 7 10 8 10 8 8 8 8 8 10 8 8 8 8 100 10 10 7 7 8 8 7 8 7 8 100 1 1 1 1 1 1 1 1 1 1 1 1 1 1 1 1 1 1 1 1 1 1 1 1 1 1 1 1 1 1 1 1 1 1 1 1 1 1 1 1 1 1 1 1 1 1 1 1 7 1 1 1 1 1 1 1 1 1 1 1 1 1 1 1 1 1 1 1 1 1 1 1 1 1 1 1 1 1 1 1 1 1 1 1 1 1 1 1 1 1 1 1 7 1 1 1 1 1 1 100 1 1 1 1 1 1 1 1 1 1 1 1 1 12 12 12 12 12 12 7 12 12 12 12 12 12 12 12 12 100 12 12 12 12 12 7 12 1 1 1 12 12 12 12 1 12 12 12 12 12 100 12 7 12 7 12 1 12 1 12 1 1 1 1 1 12 1 1 1 1 1 1 1 1 1 1 1 1 1 1 1 1 1 1 1 1 1 1 1 1 1 1 1 1 1 1 1 1 1 1 1 1 1 1 1 1 1 1 1 1 1 1 1 1 1 1 1 1 1 1 1 1 1 1
ciInstanceKlass java/util/List 1 1 212 10 11 11 11 11 11 11 10 100 100 10 100 10 10 7 10 10 7 7 10 10 7 100 1 1 1 1 1 1 1 1 1 1 1 1 1 1 1 1 1 1 1 1 1 1 1 1 1 1 1 1 1 1 1 1 1 1 1 1 1 1 1 1 1 1 7 1 1 1 1 1 1 1 1 1 1 1 100 100 1 1 1 1 1 1 1 1 1 1 1 1 1 1 1 1 1 1 1 1 1 1 1 1 1 1 1 1 1 1 1 1 1 1 1 1 1 1 1 1 1 1 1 1 1 1 1 1 1 1 1 1 1 1 1 1 1 1 1 1 1 1 1 1 1 1 1 1 1 1 1 1 1 1 1 1 100 12 12 12 12 100 12 12 12 7 12 1 100 1 1 1 12 1 100 12 7 12 1 1 12 12 1 1 1 12 12 1 1 1 1 1 1 1 1 1 1 1 1 1 1 1 1 1 1 1 1 1 1 1 1 1
instanceKlass freemarker/core/Environment$5
instanceKlass freemarker/template/utility/NullWriter
instanceKlass freemarker/template/utility/XmlEscape$1
instanceKlass freemarker/template/utility/NormalizeNewlines$1
instanceKlass freemarker/template/utility/HtmlEscape$1
instanceKlass freemarker/template/utility/StandardCompress$StandardCompressWriter
instanceKlass freemarker/template/utility/CaptureOutput$1
instanceKlass org/apache/groovy/json/internal/CharBuf
instanceKlass java/io/CharArrayWriter
instanceKlass com/google/gson/internal/Streams$AppendableWriter
instanceKlass org/codehaus/groovy/control/io/NullWriter
instanceKlass org/apache/groovy/io/StringBuilderWriter
instanceKlass java/io/PrintWriter
instanceKlass io/qameta/allure/internal/shadowed/jackson/core/io/UTF8Writer
instanceKlass io/qameta/allure/internal/shadowed/jackson/core/io/SegmentedStringWriter
instanceKlass org/codehaus/plexus/util/xml/XmlStreamWriter
instanceKlass java/io/StringWriter
instanceKlass java/io/BufferedWriter
instanceKlass sun/nio/cs/StreamEncoder
instanceKlass java/io/OutputStreamWriter
ciInstanceKlass java/io/Writer 1 1 114 100 10 10 9 100 10 9 7 10 10 10 10 10 10 8 11 10 10 10 10 7 100 100 100 1 1 1 1 1 1 3 1 1 1 1 1 1 1 1 1 1 1 1 1 1 1 1 100 1 7 1 1 1 1 1 1 1 1 1 100 7 1 1 1 1 1 1 1 1 1 1 1 1 1 1 1 1 1 1 12 12 1 12 1 12 12 12 12 12 12 1 100 12 12 12 12 12 1 1 1 1 1 1 1 1 1 1 1 1 1 1 1 1
instanceKlass java/security/InvalidParameterException
instanceKlass freemarker/template/utility/NullArgumentException
instanceKlass java/util/regex/PatternSyntaxException
instanceKlass java/nio/file/InvalidPathException
instanceKlass java/nio/file/ProviderMismatchException
instanceKlass java/nio/charset/UnsupportedCharsetException
instanceKlass java/lang/NumberFormatException
instanceKlass org/apache/maven/cli/MavenCli$IllegalUseOfUndefinedProperty
ciInstanceKlass java/lang/IllegalArgumentException 1 1 35 10 10 10 10 100 7 1 1 1 5 0 1 1 1 1 1 1 1 1 1 1 1 1 1 1 1 1 1 12 12 12 12 1 1
instanceKlass java/lang/CharacterData00
instanceKlass java/lang/CharacterDataLatin1
ciInstanceKlass java/lang/CharacterData 1 1 79 10 10 9 9 9 9 9 9 9 100 7 1 1 1 1 1 1 1 1 1 1 1 1 1 1 1 1 1 1 1 1 1 1 1 1 1 1 1 1 1 1 1 1 1 1 1 1 1 1 1 1 1 1 1 12 12 7 12 7 12 100 12 100 100 100 100 1 1 1 1 1 1 1 1 1 1 1 1
ciInstanceKlass java/lang/CharacterDataLatin1 1 1 130 9 9 10 100 10 3 3 3 10 9 3 3 9 10 7 10 9 3 3 3 3 3 3 3 3 3 3 3 3 3 3 3 3 3 3 3 3 3 3 3 3 3 3 3 3 3 3 3 3 3 3 3 7 1 1 1 1 1 1 1 1 1 1 1 1 1 1 1 1 1 1 1 1 1 1 1 1 1 1 1 1 1 1 1 1 1 1 1 1 1 1 1 1 1 1 1 1 1 1 1 1 1 1 1 1 1 1 1 1 1 1 100 1 1 1 1 1 12 12 12 1 12 12 12 12 12 1 12 1
staticfield java/lang/CharacterDataLatin1 DIGITS [B 256
staticfield java/lang/CharacterDataLatin1 instance Ljava/lang/CharacterDataLatin1; java/lang/CharacterDataLatin1
staticfield java/lang/CharacterDataLatin1 A [I 256
staticfield java/lang/CharacterDataLatin1 B [C 256
instanceKlass org/apache/maven/plugin/surefire/log/api/Level
instanceKlass org/apache/maven/surefire/shared/lang3/JavaVersion
instanceKlass groovy/transform/SealedMode
instanceKlass org/codehaus/groovy/vmplugin/v8/IndyInterface$CallType
instanceKlass org/codehaus/groovy/classgen/FinalVariableAnalyzer$VariableState
instanceKlass org/codehaus/groovy/runtime/memoize/EvictableCache$EvictionStrategy
instanceKlass org/codehaus/groovy/transform/sc/StaticCompilationMetadataKeys
instanceKlass groovyjarjarantlr4/v4/runtime/atn/PredictionMode
instanceKlass groovyjarjarantlr4/v4/runtime/atn/LexerActionType
instanceKlass groovyjarjarantlr4/v4/runtime/atn/ATNDeserializer$UnicodeDeserializingMode
instanceKlass groovyjarjarantlr4/v4/runtime/atn/ATNType
instanceKlass groovyjarjarantlr4/v4/runtime/CodePointBuffer$Type
instanceKlass groovyjarjarantlr4/v4/runtime/CharStreams
instanceKlass org/codehaus/groovy/control/CompilePhase
instanceKlass sun/security/ssl/Alert$Level
instanceKlass sun/security/ssl/Alert
instanceKlass io/qameta/allure/internal/shadowed/jackson/annotation/JsonFormat$Feature
instanceKlass io/qameta/allure/internal/shadowed/jackson/annotation/JsonProperty$Access
instanceKlass io/qameta/allure/internal/shadowed/jackson/databind/AnnotationIntrospector$ReferenceProperty$Type
instanceKlass io/qameta/allure/internal/shadowed/jackson/annotation/PropertyAccessor
instanceKlass io/qameta/allure/internal/shadowed/jackson/core/StreamWriteCapability
instanceKlass io/qameta/allure/internal/shadowed/jackson/core/JsonEncoding
instanceKlass org/apache/maven/plugin/surefire/report/ReportEntryType
instanceKlass javax/net/ssl/SSLEngineResult$HandshakeStatus
instanceKlass sun/security/ssl/Finished$VerifyDataScheme
instanceKlass sun/security/ssl/SSLTrafficKeyDerivation
instanceKlass sun/security/ssl/SSLMasterKeyDerivation
instanceKlass java/time/Month
instanceKlass sun/security/validator/CADistrustPolicy
instanceKlass java/text/Normalizer$Form
instanceKlass sun/security/ssl/X509Authentication
instanceKlass sun/security/ssl/ContentType
instanceKlass sun/security/ssl/SSLKeyExchange$T12KeyAgreement
instanceKlass sun/security/ssl/PskKeyExchangeModesExtension$PskKeyExchangeMode
instanceKlass sun/security/ssl/SignatureScheme$SigAlgParamSpec
instanceKlass sun/security/ssl/SignatureScheme
instanceKlass sun/security/ssl/ECPointFormatsExtension$ECPointFormat
instanceKlass sun/security/ssl/CertStatusExtension$CertStatusRequestType
instanceKlass sun/security/ssl/SSLExtension
instanceKlass sun/security/ssl/ClientAuthType
instanceKlass sun/security/ssl/SSLHandshake
instanceKlass org/apache/http/auth/AuthProtocolState
instanceKlass org/apache/http/impl/cookie/BrowserCompatSpecFactory$SecurityLevel
instanceKlass org/apache/http/client/utils/URIUtils$UriFlag
instanceKlass java/net/Proxy$Type
instanceKlass org/apache/http/conn/routing/RouteInfo$TunnelType
instanceKlass org/apache/http/conn/routing/RouteInfo$LayerType
instanceKlass sun/security/rsa/RSAUtil$KeyType
instanceKlass sun/security/ssl/NamedGroup
instanceKlass sun/security/ssl/NamedGroup$NamedGroupSpec
instanceKlass sun/security/ssl/CipherSuite$KeyExchange
instanceKlass sun/security/ssl/CipherSuite$MacAlg
instanceKlass sun/security/ssl/CipherSuite$HashAlg
instanceKlass sun/security/ssl/CipherType
instanceKlass sun/security/ssl/SSLCipher
instanceKlass sun/security/ssl/CipherSuite
instanceKlass java/security/CryptoPrimitive
instanceKlass sun/security/util/DisabledAlgorithmConstraints$Constraint$Operator
instanceKlass sun/security/ssl/ProtocolVersion
instanceKlass io/restassured/internal/http/ContentEncoding$Type
instanceKlass io/restassured/internal/http/Status
instanceKlass freemarker/ext/beans/MemberSelectorListMemberAccessPolicy$ListType
instanceKlass java/lang/Thread$State
instanceKlass groovy/lang/MetaClassImpl$InvokeMethodResult
instanceKlass groovy/json/JsonTokenType
instanceKlass java/nio/file/FileVisitResult
instanceKlass java/nio/file/FileTreeWalker$EventType
instanceKlass java/nio/file/FileVisitOption
instanceKlass com/google/gson/ReflectionAccessFilter$FilterResult
instanceKlass com/google/gson/LongSerializationPolicy
instanceKlass com/google/gson/ToNumberPolicy
instanceKlass com/google/gson/FieldNamingPolicy
instanceKlass io/restassured/authentication/OAuthSignature
instanceKlass io/restassured/internal/RequestSpecificationImpl$EncodingTarget
instanceKlass org/apache/groovy/util/concurrent/ConcurrentReferenceHashMap$ReferenceType
instanceKlass org/apache/groovy/util/concurrent/ConcurrentReferenceHashMap$Option
instanceKlass io/restassured/config/CsrfConfig$CsrfPrioritization
instanceKlass io/restassured/path/xml/XmlPath$CompatibilityMode
instanceKlass io/restassured/filter/log/LogDetail
instanceKlass io/restassured/parsing/Parser
instanceKlass io/restassured/http/Method
instanceKlass io/restassured/mapper/ObjectMapperType
instanceKlass io/restassured/config/ParamConfig$UpdateStrategy
instanceKlass io/restassured/config/MatcherConfig$ErrorDescriptionType
instanceKlass io/restassured/path/json/config/JsonPathConfig$NumberReturnType
instanceKlass io/restassured/config/DecoderConfig$ContentDecoder
instanceKlass io/restassured/http/ContentType
instanceKlass org/apache/http/entity/mime/HttpMultipartMode
instanceKlass com/sun/beans/introspect/PropertyInfo$Name
instanceKlass com/sun/beans/util/Cache$Kind
instanceKlass java/lang/System$Logger$Level
instanceKlass java/lang/invoke/MethodHandleImpl$ArrayAccess
instanceKlass groovy/io/FileType
instanceKlass org/codehaus/groovy/util/ReferenceType
instanceKlass io/qameta/allure/model/Parameter$Mode
instanceKlass io/qameta/allure/model/Stage
instanceKlass io/qameta/allure/model/Status
instanceKlass io/qameta/allure/internal/shadowed/jackson/core/JsonParser$NumberType
instanceKlass io/qameta/allure/internal/shadowed/jackson/databind/DeserializationFeature
instanceKlass io/qameta/allure/internal/shadowed/jackson/databind/cfg/JsonNodeFeature
instanceKlass io/qameta/allure/internal/shadowed/jackson/databind/cfg/EnumFeature
instanceKlass io/qameta/allure/internal/shadowed/jackson/databind/SerializationFeature
instanceKlass io/qameta/allure/internal/shadowed/jackson/databind/MapperFeature
instanceKlass io/qameta/allure/internal/shadowed/jackson/annotation/JsonFormat$Shape
instanceKlass io/qameta/allure/internal/shadowed/jackson/databind/cfg/CoercionInputShape
instanceKlass io/qameta/allure/internal/shadowed/jackson/databind/cfg/CoercionAction
instanceKlass io/qameta/allure/internal/shadowed/jackson/databind/type/LogicalType
instanceKlass io/qameta/allure/internal/shadowed/jackson/annotation/JsonAutoDetect$Visibility
instanceKlass io/qameta/allure/internal/shadowed/jackson/annotation/Nulls
instanceKlass io/qameta/allure/internal/shadowed/jackson/annotation/JsonInclude$Include
instanceKlass io/qameta/allure/internal/shadowed/jackson/core/JsonGenerator$Feature
instanceKlass io/qameta/allure/internal/shadowed/jackson/core/JsonParser$Feature
instanceKlass io/qameta/allure/internal/shadowed/jackson/core/JsonFactory$Feature
instanceKlass io/qameta/allure/internal/shadowed/jackson/core/Base64Variant$PaddingReadBehaviour
instanceKlass io/qameta/allure/internal/shadowed/jackson/databind/util/internal/PrivateMaxEntriesMap$DrainStatus
instanceKlass org/apache/maven/surefire/api/report/RunMode
instanceKlass org/apache/maven/surefire/api/testset/ResolvedTest$Type
instanceKlass org/apache/maven/surefire/api/cli/CommandLineOption
instanceKlass org/apache/maven/surefire/api/testset/ResolvedTest$Type
instanceKlass org/apache/maven/surefire/api/booter/Shutdown
instanceKlass org/apache/maven/surefire/booter/ProcessCheckerType
instanceKlass org/apache/maven/surefire/api/cli/CommandLineOption
instanceKlass org/apache/maven/surefire/shared/lang3/JavaVersion
instanceKlass org/apache/maven/plugin/surefire/AbstractSurefireMojo$PluginFailureReason
instanceKlass org/codehaus/plexus/compiler/CompilerConfiguration$CompilerReuseStrategy
instanceKlass java/time/format/TextStyle
instanceKlass java/time/format/DateTimeFormatterBuilder$SettingsParser
instanceKlass java/time/format/ResolverStyle
instanceKlass java/time/format/SignStyle
instanceKlass java/time/temporal/JulianFields$Field
instanceKlass java/time/temporal/IsoFields$Unit
instanceKlass java/time/temporal/IsoFields$Field
instanceKlass java/time/temporal/ChronoField
instanceKlass com/google/inject/internal/ErrorId
instanceKlass org/eclipse/sisu/space/GlobberStrategy
instanceKlass org/eclipse/aether/util/graph/transformer/ConflictResolver$Verbosity
instanceKlass java/util/stream/MatchOps$MatchKind
instanceKlass java/nio/file/AccessMode
instanceKlass org/eclipse/aether/RepositoryEvent$EventType
instanceKlass org/eclipse/aether/named/support/ReadWriteLockNamedLock$Step
instanceKlass org/apache/maven/plugin/MojoExecution$Source
instanceKlass org/apache/maven/project/ProjectBuildingRequest$RepositoryMerging
instanceKlass org/fusesource/jansi/Ansi$Attribute
instanceKlass org/fusesource/jansi/Ansi$Color
instanceKlass org/apache/maven/shared/utils/logging/Style
instanceKlass java/security/DrbgParameters$Capability
instanceKlass sun/security/util/KnownOIDs
instanceKlass org/eclipse/sisu/inject/QualifyingStrategy
instanceKlass com/google/inject/internal/InjectorImpl$JitLimitation
instanceKlass org/eclipse/sisu/bean/DeclaredMembers$View
instanceKlass com/google/inject/internal/Initializer$InjectableReferenceState
instanceKlass com/google/common/collect/MapMakerInternalMap$Strength
instanceKlass org/apache/maven/settings/building/SettingsProblem$Severity
instanceKlass org/eclipse/aether/metadata/Metadata$Nature
instanceKlass org/apache/maven/model/building/ModelProblem$Version
instanceKlass org/apache/maven/building/Problem$Severity
instanceKlass org/apache/maven/plugin/internal/DefaultPluginValidationManager$ValidationReportLevel
instanceKlass org/apache/maven/plugin/PluginValidationManager$IssueLocality
instanceKlass org/apache/maven/classrealm/ClassRealmRequest$RealmType
instanceKlass org/apache/maven/model/building/ModelProblem$Severity
instanceKlass org/apache/maven/execution/ExecutionEvent$Type
instanceKlass org/apache/maven/artifact/ArtifactScopeEnum
instanceKlass com/google/inject/spi/InjectionPoint$Position
instanceKlass java/lang/annotation/ElementType
instanceKlass java/lang/annotation/RetentionPolicy
instanceKlass com/google/inject/internal/InternalFlags$ColorizeOption
instanceKlass com/google/inject/internal/InternalFlags$BytecodeGenOption
instanceKlass com/google/inject/internal/InternalFlags$NullableProvidesOption
instanceKlass com/google/inject/internal/InternalFlags$CustomClassLoadingOption
instanceKlass com/google/inject/internal/InternalFlags$IncludeStackTraceOption
instanceKlass com/google/inject/Key$NullAnnotationStrategy
instanceKlass sun/reflect/annotation/TypeAnnotation$TypeAnnotationTarget
instanceKlass com/google/common/cache/LocalCache$EntryFactory
instanceKlass com/google/common/cache/CacheBuilder$NullListener
instanceKlass com/google/common/cache/CacheBuilder$OneWeigher
instanceKlass com/google/common/cache/LocalCache$Strength
instanceKlass java/time/temporal/ChronoUnit
instanceKlass jdk/internal/logger/BootstrapLogger$LoggingBackend
instanceKlass java/lang/invoke/StringConcatFactory$Mode
instanceKlass java/lang/invoke/StringConcatFactory$Strategy
instanceKlass com/google/inject/Stage
instanceKlass org/eclipse/sisu/space/BeanScanning
instanceKlass java/math/RoundingMode
instanceKlass sun/util/locale/provider/LocaleProviderAdapter$Type
instanceKlass java/util/stream/StreamShape
instanceKlass java/util/stream/Collector$Characteristics
instanceKlass java/util/stream/StreamOpFlag$Type
instanceKlass java/util/stream/StreamOpFlag
instanceKlass java/util/Locale$Category
instanceKlass org/slf4j/impl/OutputChoice$OutputChoiceType
instanceKlass org/fusesource/jansi/AnsiColors
instanceKlass org/fusesource/jansi/AnsiMode
instanceKlass org/fusesource/jansi/AnsiType
instanceKlass java/util/regex/Pattern$Qtype
instanceKlass java/lang/invoke/MethodHandleImpl$Intrinsic
instanceKlass java/lang/invoke/LambdaForm$BasicType
instanceKlass java/lang/invoke/LambdaForm$Kind
instanceKlass sun/invoke/util/Wrapper
instanceKlass java/lang/invoke/VarHandle$AccessMode
instanceKlass java/lang/invoke/VarHandle$AccessType
instanceKlass java/util/concurrent/TimeUnit
instanceKlass java/nio/file/LinkOption
instanceKlass sun/nio/fs/WindowsPathType
instanceKlass java/nio/file/StandardOpenOption
instanceKlass jdk/internal/module/IllegalAccessLogger$Mode
instanceKlass java/io/File$PathStatus
instanceKlass java/lang/module/ModuleDescriptor$Requires$Modifier
instanceKlass java/lang/module/ModuleDescriptor$Modifier
ciInstanceKlass java/lang/Enum 1 1 140 9 9 10 10 7 10 10 10 100 10 10 7 10 11 100 8 10 7 7 10 8 10 10 8 10 10 100 8 10 10 7 100 100 1 1 1 1 1 1 1 1 1 1 1 1 1 1 1 1 1 1 1 1 1 1 1 1 1 1 1 1 1 1 1 1 1 1 1 1 1 1 1 7 1 1 1 1 1 1 1 1 1 1 1 1 1 1 7 7 1 7 1 1 1 1 12 12 12 12 1 12 12 1 12 1 12 7 12 1 1 12 1 1 1 12 12 1 12 1 1 12 1 1 1 1 1 1 1 1 1 1 1 1 1 1 1 1 1 1
ciInstanceKlass java/util/Optional 1 1 176 10 9 9 10 7 10 10 10 100 8 10 11 11 10 11 11 10 11 11 11 100 10 10 8 7 10 8 10 1 1 1 1 1 1 1 1 1 1 1 1 1 1 1 1 1 1 1 1 1 1 1 1 1 1 1 1 1 1 1 1 1 1 1 1 1 1 1 1 1 1 1 1 1 1 1 1 1 1 1 1 1 1 1 1 1 1 1 1 1 1 1 1 1 1 1 1 1 1 1 1 1 1 1 1 1 1 1 1 1 1 1 1 1 1 1 1 1 100 1 1 1 1 12 12 12 7 12 1 12 12 12 1 1 12 7 12 100 12 12 7 12 7 12 12 7 12 7 12 12 1 12 12 1 1 12 1 1 1 1 1 1 1 1 1 1 1 1 1 1 1 1 1 1 1 1
staticfield java/util/Optional EMPTY Ljava/util/Optional; java/util/Optional
ciInstanceKlass java/util/function/Function 1 1 77 10 18 18 18 11 7 100 1 1 1 1 1 1 1 1 1 1 1 1 1 1 1 1 1 1 1 1 1 1 1 1 1 1 1 1 1 1 1 1 1 1 1 7 12 1 15 16 15 12 15 15 12 12 1 1 1 1 10 11 1 11 11 7 12 12 12 12 1 1 100 1 1 1 100 1 1
ciInstanceKlass java/lang/invoke/MethodHandles 1 1 1530 10 7 10 10 10 100 10 8 10 10 10 10 9 10 9 10 10 100 8 10 10 8 10 10 10 100 8 10 10 10 9 10 100 8 10 10 8 8 10 8 10 10 9 10 11 8 10 7 10 10 10 10 10 10 9 10 9 9 10 10 9 10 10 10 8 10 10 100 10 10 10 10 10 10 10 10 10 10 10 10 100 8 10 10 100 10 10 9 10 10 10 10 10 10 10 10 10 10 7 10 10 10 10 10 5 0 10 10 100 10 10 10 10 10 8 10 8 8 10 9 8 10 10 10 10 10 10 7 10 9 10 9 10 10 10 10 10 10 10 10 9 10 9 10 10 10 9 10 10 10 10 9 7 10 10 100 10 10 100 10 10 100 10 10 10 8 8 10 11 10 10 7 10 10 10 10 11 11 11 11 10 8 8 11 8 11 8 10 10 10 10 10 10 10 10 8 8 10 10 9 10 10 10 10 10 10 10 10 10 10 8 10 8 8 8 10 8 8 8 8 10 8 9 8 8 10 8 8 7 10 100 10 8 8 8 10 10 10 100 10 11 18 11 18 11 7 18 11 11 11 11 7 11 10 11 18 10 11 10 10 18 18 18 11 10 10 10 11 10 10 10 11 10 10 10 10 10 10 18 18 11 18 11 18 10 8 18 11 8 18 8 8 8 11 18 18 11 18 10 10 18 8 8 8 18 8 8 10 8 18 8 18 8 8 8 8 18 18 10 100 10 8 10 8 8 10 10 10 9 8 8 11 8 8 10 7 10 10 8 8 100 8 10 10 10 10 10 8 8 8 8 7 10 10 9 7 8 10 7 7 1 1 1 100 1 1 1 1 1 1 1 1 1 1 1 1 1 1 1 1 1 1 1 1 1 1 1 1 1 1 1 1 1 1 1 1 1 1 1 1 1 1 1 1 1 100 7 100 1 1 1 1 1 1 1 1 1 1 1 1 1 1 1 1 1 1 1 1 1 1 1 1 1 1 1 100 1 1 1 1 1 1 1 1 1 1 1 1 100 1 1 1 1 1 1 1 1 1 1 7 1 1 1 1 1 1 1 1 1 1 1 1 1 1 1 1 1 1 1 1 1 1 7 7 1 1 1 1 1 1 1 1 1 1 1 1 1 1 1 1 1 1 1 1 1 1 1 1 1 1 1 1 1 1 1 1 1 1 1 1 1 1 1 1 1 1 1 1 1 1 1 1 1 1 1 1 1 1 1 1 1 1 100 1 1 1 1 1 1 1 1 1 1 1 1 1 1 1 1 1 1 1 1 1 1 1 1 1 1 1 1 1 1 1 1 1 1 1 1 1 1 1 1 1 1 1 1 1 1 1 1 1 1 1 1 1 7 1 1 1 1 1 1 1 1 1 1 1 1 1 1 1 1 1 1 1 1 1 1 1 1 1 1 1 1 1 1 1 1 1 1 1 1 1 1 1 1 1 1 1 1 1 1 1 1 1 1 1 1 1 1 1 1 1 1 1 1 1 1 1 1 1 1 1 1 1 1 1 1 1 100 100 1 1 1 1 1 1 1 1 1 1 1 1 1 1 1 1 1 1 1 1 1 1 1 1 1 1 1 1 1 1 1 1 1 1 1 1 1 1 1 1 1 1 1 1 1 1 1 1 1 1 1 1 1 1 1 1 1 1 1 1 1 1 1 1 1 1 1 1 1 1 1 1 1 1 1 1 1 1 1 1 1 1 1 1 1 1 1 1 1 1 1 1 1 1 1 1 1 1 1 1 1 1 1 1 1 1 1 1 1 1 1 1 1 1 1 1 1 1 1 1 1 1 1 1 1 1 1 1 1 1 1 1 12 1 7 12 12 12 1 1 12 12 12 100 12 12 7 12 12 12 12 1 1 12 12 1 12 12 12 1 1 12 12 12 12 1 1 12 12 1 1 12 1 100 12 12 12 12 100 12 1 12 1 12 12 12 12 12 12 7 12 12 12 12 7 12 100 12 12 12 12 12 1 12 12 12 12 7 12 12 12 12 12 12 12 12 12 12 1 1 100 12 12 12 12 12 12 7 12 12 12 7 12 12 12 12 1 12 12 12 12 12 12 1 12 12 12 12 12 1 12 1 1 12 7 12 1 12 12 12 12 12 12 1 12 12 12 12 12 12 12 12 12 12 12 12 7 12 12 12 12 12 12 12 12 12 12 12 12 1 12 12 1 12 12 1 12 12 1 12 12 7 12 1 1 12 12 12 12 12 12 12 12 12 12 12 12 12 1 1 12 1 1 12 12 12 12 12 12 12 1 1 12 12 12 12 12 12 12 12 12 12 12 12 12 1 12 1 1 1 12 1 1 1 1 1 7 1 1 12 1 1 1 12 1 1 1 1 12 12 12 1 12 1 15 16 15 16 12 12 16 15 16 12 12 1 16 15 16 12 12 12 12 12 1 12 12 12 15 16 100 12 12 12 12 15 16 15 16 15 16 12 100 12 12 12 12 12 12 12 12 12 12 12 12 12 12 15 16 15 16 12 12 15 16 12 15 12 1 15 12 1 15 1 1 1 12 15 16 12 16 15 16 12 12 15 12 12 15 1 1 1 15 12 1 1 12 1 15 1 15 1 1 1 1 15 16 12 15 12 12 1 12 1 1 12 12 12 1 1 1 1 12 1 12 12 1 1 1 1 12 12 12 12 12 1 1 1 1 1 12 7 12 12 1 1 1 1 1 1 1 1 1 100 1 1 1 1 1 1 1 1 1 1 1 1 1 1 1 1 1 1 1 1 1 1 1 1 1 1 1 1 1 1 1 1 1 1 1 1 1 1 1 1 1 1 1 1 1 1 1 1 1 1 1 1 1 1 1 1 1 1 1 1 1 1 1 1 1 1 1 1 1 1 1 1 1 1 1 1 1 1 1 1 1 1 1 1 1 1 1 1 1 1 1 1 1 1 1 1 1 1 1 1 1 1 1 1 1 1 1 1 1 1 1 1 1 1 1 1 1 1 1 1 1 1 1 1 1 1 1 1 1 1 1 1 1 1 1 1 1 1 1 1 1 1 1 1 1 1 1 1 1 1 1 1 1 1 1 1 1 1 1 1 1 1 1 1 1 1 1 1 1 1 1 1 1 1 1 1 1 1 1 1 1 1 1 1 1 1 1 1 1 1 1 1 1 1 1 1 1 1 1 1 1 1 1 1 1 1 1 1 1 1 1 1 1 1 1 1 1 1 1 1 1 1 1 1 10 10 1 1 10 1 1 1 1 1 1 1 1 1 1 1 1 1 1 1 10 1 1 1 1 1 10 1 1 1 1 1 1 1 1 1 1 1 1 1 1 10 1 1 1 1 11 1 1 10 1 1 10 1 10 10 1 1 10 1 1 1 10 10 10 1 1 10 10 10 1 1 1 1 1 1 1 1 1 1 1 1 1 1 100 12 12 12 12 12 12 100 12 12 12 12 12 12 12 12 12 12 12 1 1 1 1 1 1
staticfield java/lang/invoke/MethodHandles IMPL_NAMES Ljava/lang/invoke/MemberName$Factory; java/lang/invoke/MemberName$Factory
staticfield java/lang/invoke/MethodHandles ACCESS_PERMISSION Ljava/security/Permission; java/lang/reflect/ReflectPermission
staticfield java/lang/invoke/MethodHandles IDENTITY_MHS [Ljava/lang/invoke/MethodHandle; 10 [Ljava/lang/invoke/MethodHandle;
staticfield java/lang/invoke/MethodHandles ZERO_MHS [Ljava/lang/invoke/MethodHandle; 10 [Ljava/lang/invoke/MethodHandle;
staticfield java/lang/invoke/MethodHandles $assertionsDisabled Z 1
ciInstanceKlass java/lang/invoke/MethodHandles$Lookup 1 1 1047 7 7 100 9 9 10 10 10 10 10 10 10 10 10 10 10 100 100 10 10 8 10 10 10 10 10 100 8 10 10 100 8 10 9 100 10 10 100 100 10 10 100 100 10 10 10 8 10 10 10 10 8 10 10 8 10 11 10 9 18 10 100 10 8 10 8 10 10 8 8 8 8 8 8 8 8 10 10 10 10 10 7 10 7 10 10 8 10 8 10 10 10 10 10 7 8 10 8 10 10 10 7 10 8 10 10 10 10 10 10 10 10 10 10 10 10 8 8 10 10 10 10 10 10 10 10 10 9 10 10 10 10 10 10 10 10 10 10 10 10 10 10 10 10 10 10 10 10 10 10 10 8 10 10 10 10 10 10 10 8 7 10 10 9 10 10 7 10 10 10 10 10 7 10 10 8 8 8 10 8 10 10 9 10 9 8 8 10 8 8 10 8 8 10 10 10 10 10 7 8 10 8 10 10 10 10 10 8 8 10 8 8 8 8 10 8 10 10 10 10 10 9 10 10 10 10 10 100 10 10 10 10 10 10 10 10 10 10 10 10 10 10 10 10 10 10 10 10 10 7 7 8 10 9 10 10 10 7 10 10 10 10 10 10 10 10 100 10 8 7 10 9 7 10 1 1 1 1 1 1 1 1 3 1 3 1 3 1 3 1 3 1 3 1 3 1 3 1 3 1 1 1 1 1 1 1 1 1 1 1 1 1 1 1 1 1 1 1 1 1 1 1 1 1 1 1 1 1 1 1 1 1 1 1 1 1 1 1 1 1 1 1 1 1 1 1 1 1 1 1 1 1 1 1 1 1 1 1 1 1 1 100 7 7 1 1 1 1 1 1 1 1 1 1 1 1 1 1 1 1 1 1 1 1 1 1 1 1 1 1 1 1 1 1 1 1 1 1 1 1 1 1 1 100 1 1 1 1 1 1 1 1 1 1 1 1 1 1 1 1 1 1 1 1 1 1 1 1 1 1 1 1 1 1 1 1 1 1 1 1 1 1 1 1 1 1 1 1 1 1 1 1 1 1 1 1 1 1 1 1 1 1 1 1 1 1 1 1 1 1 1 1 1 1 1 1 1 1 1 1 1 1 1 1 1 1 1 1 1 1 1 1 1 1 1 1 1 1 1 1 1 1 1 1 1 1 1 1 1 1 1 1 1 1 1 1 1 1 1 1 1 1 1 1 1 1 1 1 1 1 1 1 1 1 1 1 1 1 1 1 1 1 1 1 1 1 1 1 1 1 1 1 1 1 1 1 1 1 1 1 1 1 1 1 1 1 1 1 1 1 1 1 1 1 1 1 7 1 1 12 12 12 12 12 7 12 7 12 12 100 12 12 12 12 12 1 1 12 1 12 12 12 12 7 12 1 12 1 1 12 1 100 12 1 12 12 1 1 12 12 1 12 12 12 12 1 12 12 1 100 12 100 12 12 12 1 15 16 15 16 12 100 12 1 12 1 12 1 12 100 12 1 1 1 1 1 1 1 1 100 12 12 12 12 12 1 12 1 12 12 1 12 1 12 12 100 12 12 12 1 1 12 12 12 1 12 1 12 12 12 12 12 12 12 12 12 12 12 12 1 1 12 100 12 7 12 12 12 12 12 12 12 12 12 100 12 12 12 12 12 12 100 12 12 12 12 12 100 12 12 12 12 12 12 1 12 12 12 12 12 12 12 1 1 12 12 12 12 12 1 7 12 12 12 12 1 12 12 1 1 1 12 1 12 100 12 100 12 12 12 1 1 12 1 1 12 1 1 12 12 12 12 12 1 1 12 1 12 12 12 12 1 1 12 1 1 1 1 12 1 12 12 12 12 12 12 12 12 12 12 1 12 12 12 12 12 12 12 12 12 12 12 12 12 12 7 12 12 12 1 1 1 12 12 12 12 12 1 12 12 12 12 12 12 12 12 1 12 1 1 12 12 1 1 1 1 1 1 1 1 1 1 1 1 1 1 1 1 1 1 1 1 1 1 1 1 1 1 1 1 1 1 1 1 1 1 1 1 1 1 1 1 1 1 1 1 1 1 1 1 10 10 1 1 1 1 1 1 1 1 1 1 1 1 1 1 1 1 1 1 1 1 1 1 1 1 1 1 1 1 1 1 1 1 1 1 1 1 1 1 1 1 1 1 1 1 1 1 1 1 1 1 1 1 1 1 1 1 1 1 1 1 1 1 1 1 1 1 1 1 1 1 1 1 1 1 1 1 1 1 1 1 1 1 1 1 1 1 1 1 1 1 1 1 1 1 1 1 1 1 1 1 1 1 1 1 1 1 1 1 1 1 1 1 1 1 1 1 1 1 1 1 1 1 1 1 1 1 1 1 1 1 1 1 1 1 1 1 1 100 12 12 1 1 1 1
staticfield java/lang/invoke/MethodHandles$Lookup IMPL_LOOKUP Ljava/lang/invoke/MethodHandles$Lookup; java/lang/invoke/MethodHandles$Lookup
staticfield java/lang/invoke/MethodHandles$Lookup PUBLIC_LOOKUP Ljava/lang/invoke/MethodHandles$Lookup; java/lang/invoke/MethodHandles$Lookup
staticfield java/lang/invoke/MethodHandles$Lookup $assertionsDisabled Z 1
ciInstanceKlass sun/invoke/util/VerifyAccess 1 1 260 100 7 7 10 9 100 10 10 10 10 10 10 10 100 100 10 8 10 10 10 10 10 10 10 10 10 10 10 10 10 10 10 10 10 10 7 10 10 8 10 7 10 10 7 10 10 10 10 10 10 10 10 10 10 1 1 1 1 3 1 3 1 3 1 3 1 3 1 3 1 1 1 1 1 1 1 1 1 1 1 1 1 1 1 1 1 1 1 1 1 1 1 1 1 1 1 1 1 1 1 1 1 1 1 1 7 1 1 1 1 1 1 1 1 1 100 7 1 1 1 1 1 1 1 1 1 1 1 1 1 1 1 1 1 1 1 1 1 1 1 1 1 1 1 1 1 100 1 1 1 1 12 12 1 12 12 12 12 12 7 12 1 1 1 12 12 12 12 12 12 12 12 12 12 12 12 12 12 12 12 7 12 12 1 12 12 1 12 1 12 7 12 1 7 12 12 12 12 7 12 12 12 12 12 12 1 1 1 1 1 1 1 1 1 1 1 1 1 1 1 1 1 1 1 1 1 1 1 1 1 1 1 1 1 1 1 1 1 1 1 1 1 1 1 1 1 1 1 1 1 1 1 1 1 1 1 1 1 1
staticfield sun/invoke/util/VerifyAccess $assertionsDisabled Z 1
ciInstanceKlass java/lang/Void 1 1 31 10 8 10 9 7 100 1 1 1 1 1 1 1 1 1 1 1 1 1 1 12 1 7 12 12 1 1 1 1 1
staticfield java/lang/Void TYPE Ljava/lang/Class; java/lang/Class
instanceKlass org/apache/http/ConnectionClosedException
instanceKlass java/nio/charset/CharacterCodingException
instanceKlass org/apache/http/NoHttpResponseException
instanceKlass java/net/SocketException
instanceKlass freemarker/template/MalformedTemplateNameException
instanceKlass freemarker/core/ParseException
instanceKlass java/util/zip/ZipException
instanceKlass com/google/gson/stream/MalformedJsonException
instanceKlass javax/net/ssl/SSLException
instanceKlass java/io/InterruptedIOException
instanceKlass org/apache/http/client/ClientProtocolException
instanceKlass java/net/UnknownHostException
instanceKlass io/qameta/allure/internal/shadowed/jackson/core/JacksonException
instanceKlass org/apache/maven/settings/io/SettingsParseException
instanceKlass org/apache/http/client/ClientProtocolException
instanceKlass java/nio/file/FileSystemException
instanceKlass org/apache/maven/model/io/ModelParseException
instanceKlass org/apache/maven/toolchain/io/ToolchainsParseException
instanceKlass org/apache/maven/artifact/repository/metadata/io/MetadataParseException
instanceKlass org/apache/maven/repository/LocalRepositoryNotAccessibleException
instanceKlass java/io/ObjectStreamException
instanceKlass java/io/EOFException
instanceKlass org/codehaus/plexus/util/xml/XmlReaderException
instanceKlass java/io/UnsupportedEncodingException
instanceKlass java/io/FileNotFoundException
instanceKlass java/net/MalformedURLException
ciInstanceKlass java/io/IOException 1 1 34 10 10 10 10 100 7 1 1 1 5 0 1 1 1 1 1 1 1 1 1 1 1 1 1 1 1 1 12 12 12 12 1 1
instanceKlass java/io/CharArrayReader
instanceKlass java/io/FilterReader
instanceKlass java/io/StringReader
instanceKlass org/codehaus/plexus/util/xml/XmlReader
instanceKlass sun/nio/cs/StreamDecoder
instanceKlass java/io/BufferedReader
instanceKlass java/io/InputStreamReader
ciInstanceKlass java/io/Reader 1 1 127 100 10 10 9 9 100 10 10 10 10 100 8 10 7 5 0 10 7 8 10 8 8 10 10 7 100 100 1 1 1 1 3 1 1 1 1 1 1 1 1 1 1 1 1 1 1 1 1 1 1 1 1 1 1 1 100 1 1 1 1 1 1 1 1 1 1 1 100 1 1 1 1 1 1 1 1 1 1 1 1 1 1 1 1 1 1 1 12 12 12 1 7 12 12 12 1 1 12 1 100 12 1 1 1 100 12 100 12 1 1 1 1 1 1 1 1 1 1 1 1 1 1 1 1 1 1
instanceKlass java/io/FileReader
ciInstanceKlass java/io/InputStreamReader 1 1 96 10 10 10 9 100 8 10 10 8 8 10 10 10 10 10 10 7 7 1 1 1 1 1 1 1 1 1 1 1 1 1 1 1 100 100 1 100 1 1 1 7 1 1 1 100 1 1 1 1 100 1 1 1 1 1 1 1 1 1 1 1 1 12 12 7 12 12 1 12 12 1 1 12 12 12 12 12 12 1 1 1 1 1 1 1 1 1 1 1 1 1 1 1 1 1
instanceKlass groovy/io/LineColumnReader
ciInstanceKlass java/io/BufferedReader 1 1 211 10 7 9 9 9 9 100 8 10 9 9 9 9 9 10 7 8 10 10 10 9 10 10 10 100 10 10 10 10 10 7 10 10 7 9 10 10 8 8 8 8 10 100 10 100 10 10 7 1 1 1 1 1 1 1 1 1 1 3 1 3 1 1 1 1 1 1 1 1 1 1 1 1 1 1 1 1 1 1 1 1 1 1 1 1 1 1 1 100 100 1 1 1 1 1 1 100 1 1 1 1 1 1 1 1 1 1 1 1 1 1 1 1 1 1 1 1 1 1 1 1 1 1 1 1 1 1 1 1 1 1 1 1 1 1 12 1 12 12 12 12 1 1 12 12 12 12 12 12 12 1 1 7 12 12 12 12 12 7 12 1 12 12 12 12 12 1 12 12 1 12 12 12 1 1 1 1 12 1 12 1 100 12 100 12 1 1 1 1 1 1 1 1 1 1 1 1 1 1 1 1 1 1 1 1 1 1 1 1 1
instanceKlass java/lang/invoke/BoundMethodHandle$Species_LLLLILLLL
instanceKlass java/lang/invoke/BoundMethodHandle$Species_LLLLILLL
instanceKlass java/lang/invoke/BoundMethodHandle$Species_LLLLILL
instanceKlass java/lang/invoke/BoundMethodHandle$Species_LLLLIL
instanceKlass java/lang/invoke/BoundMethodHandle$Species_LLLLI
instanceKlass java/lang/invoke/BoundMethodHandle$Species_LI
instanceKlass java/lang/invoke/BoundMethodHandle$Species_I
instanceKlass java/lang/invoke/BoundMethodHandle$Species_LLLLLLLIIL
instanceKlass java/lang/invoke/BoundMethodHandle$Species_LLLLLLLII
instanceKlass java/lang/invoke/BoundMethodHandle$Species_LLLLLLLI
instanceKlass java/lang/invoke/BoundMethodHandle$Species_LLLLLLLLIILL
instanceKlass java/lang/invoke/BoundMethodHandle$Species_LLLLLLLLIIL
instanceKlass java/lang/invoke/BoundMethodHandle$Species_LLLLLLLLII
instanceKlass java/lang/invoke/BoundMethodHandle$Species_LLLLLLLLI
instanceKlass java/lang/invoke/BoundMethodHandle$Species_LLLLLLLLLIIL
instanceKlass java/lang/invoke/BoundMethodHandle$Species_LLLLLLLLLII
instanceKlass java/lang/invoke/BoundMethodHandle$Species_LLLLLLLLLI
instanceKlass java/lang/invoke/BoundMethodHandle$Species_LLLLLLLLL
instanceKlass java/lang/invoke/BoundMethodHandle$Species_LLLLLLLL
instanceKlass java/lang/invoke/BoundMethodHandle$Species_LLLLLLL
instanceKlass java/lang/invoke/BoundMethodHandle$Species_LLLLLLIIL
instanceKlass java/lang/invoke/BoundMethodHandle$Species_LLLLLLII
instanceKlass java/lang/invoke/BoundMethodHandle$Species_LLLLLLI
instanceKlass java/lang/invoke/BoundMethodHandle$Species_LLLLLL
instanceKlass java/lang/invoke/BoundMethodHandle$Species_LLLLL
instanceKlass java/lang/invoke/BoundMethodHandle$Species_LLLL
instanceKlass java/lang/invoke/BoundMethodHandle$Species_LLL
instanceKlass java/lang/invoke/BoundMethodHandle$Species_LL
instanceKlass java/lang/invoke/BoundMethodHandle$Species_L
instanceKlass java/lang/invoke/SimpleMethodHandle
ciInstanceKlass java/lang/invoke/BoundMethodHandle 1 1 418 10 9 10 10 100 10 9 10 10 9 10 7 9 10 10 10 10 9 100 10 10 9 100 10 10 9 100 10 10 100 10 8 10 10 10 10 100 10 9 10 10 10 10 10 10 10 10 10 10 10 7 10 100 9 10 10 10 9 9 10 8 10 8 10 8 10 8 10 8 8 8 10 11 7 10 10 10 10 10 10 10 10 10 10 10 100 8 10 100 8 10 8 10 8 8 8 10 10 7 10 8 9 8 7 100 1 1 1 7 1 1 1 1 3 1 3 1 1 1 1 1 1 1 1 1 1 1 1 1 1 1 1 100 7 1 100 1 1 1 1 1 1 1 1 1 1 1 1 1 1 1 1 1 1 1 1 1 1 1 1 1 1 1 1 1 1 1 1 1 1 1 1 1 1 1 100 1 1 1 1 1 1 1 1 1 1 1 1 1 1 1 1 1 1 1 1 1 1 1 1 1 1 1 1 1 1 1 1 1 1 1 1 1 1 1 100 12 12 12 12 1 12 12 12 12 12 12 1 12 12 12 100 12 12 12 1 12 12 12 1 12 12 12 1 12 12 1 1 12 12 12 100 12 1 12 12 12 12 7 12 12 12 12 12 12 12 12 1 12 1 12 12 7 12 12 12 7 12 1 12 1 12 1 12 1 12 1 1 1 12 100 12 1 12 12 12 12 100 12 12 12 12 12 12 12 1 1 12 1 1 1 12 1 1 1 12 12 1 1 7 1 1 1 1 1 1 1 1 1 1 1 1 1 1 100 1 1 1 1 1 1 1 1 1 1 1 1 1 1 1 1 1 1 1 1 1 1 1 1 1 1 1 1 1 1 1 1 1 1 1 1 1 1 1 1 100 1 1 1 1 1 1 1 1 1 1 1 1 1 1 1 1 1 1 1 1 1 1 1 1 1 1 1 1 1 1 1 1 1 1 1 1 1 100 1 1 1
staticfield java/lang/invoke/BoundMethodHandle SPECIALIZER Ljava/lang/invoke/BoundMethodHandle$Specializer; java/lang/invoke/BoundMethodHandle$Specializer
staticfield java/lang/invoke/BoundMethodHandle $assertionsDisabled Z 1
ciInstanceKlass java/lang/invoke/MethodHandleImpl$IntrinsicMethodHandle 1 1 107 10 10 9 9 10 9 100 10 10 10 8 10 10 9 10 10 10 10 10 10 7 7 1 1 1 100 1 1 1 1 1 1 1 1 1 1 1 1 1 1 1 1 1 1 1 1 1 1 1 1 1 1 1 1 1 1 1 1 1 1 1 1 1 100 7 12 12 12 12 12 12 1 12 12 12 1 12 12 12 100 12 12 12 12 1 1 1 1 1 1 1 1 1 1 1 1 1 1 1 1 1 1 1 1 1 1
ciInstanceKlass java/lang/NumberFormatException 0 0 67 10 10 100 100 10 8 10 8 10 10 8 10 8 11 10 100 1 1 1 5 0 1 1 1 1 1 1 1 1 1 1 1 1 1 1 1 1 1 1 1 1 1 12 12 1 1 1 12 1 12 1 12 1 100 12 12 1 1 1 1 1 1 1 1 1 1
ciInstanceKlass java/util/regex/Pattern 1 1 1553 7 10 9 9 10 7 10 9 10 10 10 7 10 10 10 10 10 11 11 10 11 7 10 8 10 10 11 7 10 8 10 7 10 8 10 10 10 100 3 10 10 8 10 10 9 9 9 9 10 7 9 10 9 9 10 100 8 10 10 100 8 10 10 10 10 9 100 10 10 10 8 10 10 10 10 10 9 10 10 7 100 10 11 10 8 18 11 10 10 8 9 8 10 10 10 10 10 10 10 10 10 10 10 9 9 10 10 10 10 10 9 9 10 10 9 7 9 9 10 9 10 9 10 9 10 8 8 7 10 7 10 7 7 9 11 11 11 7 7 9 100 10 10 10 10 10 10 10 100 10 3 10 10 7 10 10 7 10 10 10 100 10 10 10 10 10 10 10 100 10 100 10 10 100 10 7 10 7 10 10 10 10 8 8 10 10 10 10 10 100 10 100 10 10 10 10 100 9 10 10 10 9 11 100 10 10 11 10 100 10 10 10 10 10 10 100 10 100 10 9 10 8 10 10 11 8 8 11 10 10 10 100 10 8 7 10 18 11 8 11 8 10 10 10 10 10 10 10 10 10 10 10 8 10 10 10 8 10 10 10 10 8 8 9 10 10 8 8 8 8 8 8 10 10 10 8 8 8 8 10 8 10 10 8 8 7 7 10 8 10 8 11 10 7 10 100 10 7 9 10 8 8 10 11 9 7 10 10 9 8 10 100 9 9 10 7 10 100 10 7 10 11 11 8 10 8 8 10 9 9 9 7 9 7 100 9 9 9 9 10 9 10 3 11 100 10 7 10 9 9 9 8 10 10 9 10 9 10 7 10 7 10 10 8 8 8 8 8 10 10 3 8 8 8 8 10 10 10 10 10 10 8 10 8 8 8 11 100 10 7 10 100 10 7 10 100 10 10 9 9 10 18 18 18 18 18 18 18 18 18 18 18 18 18 18 18 18 3 3 18 18 18 18 18 18 100 10 100 10 10 10 11 9 10 7 10 10 9 7 10 7 100 100 1 1 7 1 100 1 7 1 1 1 1 1 1 1 1 100 1 1 1 1 1 1 1 1 100 1 1 1 1 1 1 1 1 1 1 1 1 1 1 1 100 1 1 1 1 1 1 1 1 1 1 1 1 1 1 1 1 1 1 1 7 1 1 1 1 1 1 3 1 3 1 3 1 3 1 3 1 3 1 3 1 3 1 3 1 3 1 1 5 0 1 1 1 1 1 1 1 1 1 1 1 1 1 1 1 1 1 1 1 1 1 1 1 1 1 1 1 1 1 1 1 1 1 1 1 1 1 1 1 1 1 1 1 1 1 1 1 1 1 1 1 1 1 1 100 1 1 1 1 1 1 1 1 1 1 1 1 1 1 1 1 1 1 1 1 1 1 1 1 1 1 1 1 1 1 7 7 1 1 1 1 1 1 1 1 1 1 1 1 1 1 1 1 1 1 1 1 1 1 1 1 1 1 1 1 1 1 1 1 1 1 1 1 1 1 100 1 1 1 1 1 1 1 1 1 1 1 1 1 1 100 1 1 1 1 1 1 1 1 1 1 1 1 1 7 1 1 100 1 1 1 1 1 1 1 1 1 1 1 1 1 1 1 1 1 1 1 1 1 1 1 1 1 1 1 1 1 1 1 1 1 1 1 1 1 1 1 1 1 1 1 1 1 1 1 1 1 1 1 1 1 1 1 1 1 1 1 1 1 1 1 1 1 1 1 1 1 1 1 1 1 1 1 1 1 1 1 1 1 1 1 1 1 1 1 1 1 1 1 1 1 1 1 1 1 1 1 1 1 1 1 1 1 1 1 1 1 1 1 1 1 1 1 1 1 1 1 1 1 1 1 1 1 1 1 1 1 1 1 1 1 1 1 1 1 1 1 1 1 1 1 1 1 1 1 1 1 1 1 1 1 1 1 1 1 1 1 1 1 1 1 1 1 1 1 1 1 1 1 1 1 1 1 1 1 1 1 1 1 1 1 1 1 1 1 1 1 1 1 1 1 1 1 1 1 1 1 1 1 1 1 1 1 12 12 12 12 1 12 12 12 12 12 1 12 12 12 12 12 7 12 12 12 12 1 12 1 12 12 7 12 12 1 12 1 1 12 1 12 12 1 12 100 12 12 12 12 12 12 1 12 12 12 12 1 1 12 12 1 1 12 12 12 12 12 1 7 12 12 1 12 12 12 100 12 12 100 12 100 12 12 1 1 12 1 1 15 16 15 16 12 12 12 1 12 1 12 12 12 12 12 12 12 12 100 12 100 12 12 12 12 12 100 12 12 12 12 12 12 12 12 1 12 12 12 12 12 12 12 12 1 1 1 12 1 1 1 12 12 12 12 1 1 12 1 12 12 12 12 12 12 1 12 12 12 1 12 1 12 12 12 1 12 12 12 12 12 12 12 1 1 1 12 1 1 12 12 12 1 1 12 12 12 12 12 1 12 1 12 12 12 1 12 7 12 12 12 12 1 12 12 1 12 12 12 12 12 1 1 12 12 1 12 12 12 1 1 12 12 12 12 1 1 1 16 15 12 12 1 12 1 12 12 12 12 12 12 12 12 12 12 12 1 12 12 12 1 12 12 12 12 1 1 100 12 12 12 1 1 1 1 1 1 12 12 12 1 1 1 1 12 1 12 12 1 1 1 1 12 1 12 1 12 1 1 1 12 12 1 1 12 12 12 1 12 12 1 12 1 12 12 12 1 1 1 12 1 12 1 1 12 12 12 12 1 1 1 12 12 12 12 12 12 1 1 12 12 1 12 12 12 12 1 12 1 12 12 1 1 1 1 1 12 12 1 1 1 1 12 12 12 12 12 12 1 12 1 1 1 1 12 1 1 1 1 12 12 12 15 12 15 12 15 15 15 12 15 12 15 12 15 12 15 15 12 15 15 15 12 15 12 15 12 15 15 15 12 15 15 16 15 16 12 15 1 1 100 12 100 12 12 12 12 7 12 1 12 1 1 1 1 1 1 1 1 1 1 1 1 1 1 1 1 1 1 1 1 1 1 1 1 1 1 1 1 1 1 1 1 1 1 1 1 1 1 1 1 1 1 1 1 1 1 1 1 1 1 1 1 1 1 1 1 1 1 1 1 1 1 1 10 1 10 1 1 1 1 1 1 1 1 1 1 1 1 1 1 1 1 1 1 1 1 1 1 1 1 1 1 1 1 1 1 1 1 1 1 1 1 1 1 1 1 1 1 1 1 1 10 1 1 1 1 1 1 1 1 1 1 1 1 1 1 1 1 1 1 1 1 1 1 1 1 1 1 1 1 1 1 1 1 1 1 1 1 1 1 1 1 1 1 1 1 1 1 1 1 1 1 1 1 1 1 1 1 1 1 1 10 1 10 1 10 10 10 1 10 1 10 10 10 10 10 10 10 10 10 10 10 10 10 10 10 1 1 10 1 1 1 1 1 1 1 1 1 7 12 12 12 12 12 12 12 12 12 12 12 12 12 12 12 12 12 12 12 12 12 12 12 12 12 1 1 100 1 1 100 1 1
staticfield java/util/regex/Pattern accept Ljava/util/regex/Pattern$Node; java/util/regex/Pattern$Node
staticfield java/util/regex/Pattern lastAccept Ljava/util/regex/Pattern$Node; java/util/regex/Pattern$LastNode
staticfield java/util/regex/Pattern $assertionsDisabled Z 1
instanceKlass java/util/regex/Pattern$Behind
instanceKlass java/util/regex/Pattern$Prolog
instanceKlass java/util/regex/Pattern$Loop
instanceKlass java/util/regex/Pattern$NotBehind
instanceKlass java/util/regex/Pattern$Pos
instanceKlass java/util/regex/Pattern$Curly
instanceKlass java/util/regex/Pattern$Branch
instanceKlass java/util/regex/Pattern$BranchConn
instanceKlass java/util/regex/Pattern$BnM
instanceKlass java/util/regex/Pattern$Dollar
instanceKlass java/util/regex/Pattern$CharPropertyGreedy
instanceKlass java/util/regex/Pattern$GroupTail
instanceKlass java/util/regex/Pattern$Start
instanceKlass java/util/regex/Pattern$First
instanceKlass java/util/regex/Pattern$Begin
instanceKlass java/util/regex/Pattern$SliceNode
instanceKlass java/util/regex/Pattern$Ques
instanceKlass java/util/regex/Pattern$CharProperty
instanceKlass java/util/regex/Pattern$GroupHead
instanceKlass java/util/regex/Pattern$LastNode
instanceKlass java/util/regex/Pattern$1
ciInstanceKlass java/util/regex/Pattern$Node 1 1 61 10 9 9 9 9 9 10 9 7 7 1 1 1 1 1 1 1 1 1 1 1 1 1 1 1 1 1 1 1 7 1 1 1 1 1 1 1 1 7 12 12 12 7 12 12 12 12 12 1 1 1 1 1 1 1 1 1 1 1 1
ciInstanceKlass java/util/regex/Pattern$GroupHead 1 1 56 10 9 9 9 10 7 7 1 1 1 100 1 1 1 1 1 1 1 1 1 1 1 1 1 1 1 1 1 1 1 1 1 1 1 1 1 1 100 12 12 7 12 12 12 1 1 1 1 1 1 1 1 1 1 1
ciInstanceKlass java/util/regex/Pattern$Begin 1 1 57 10 9 9 9 10 9 9 9 7 7 1 1 1 1 1 1 1 1 1 1 1 1 1 1 1 1 1 1 1 1 1 1 100 12 7 12 12 12 12 12 12 12 1 1 1 1 1 1 1 1 1 1 1 1 1 1
ciInstanceKlass java/util/LinkedList 1 1 330 10 9 10 10 9 7 10 9 9 9 9 9 100 10 10 10 10 10 10 10 10 10 10 11 10 10 10 100 10 8 10 10 8 10 10 100 10 10 10 10 10 10 10 10 10 7 10 100 10 10 7 100 100 10 10 7 10 10 10 100 10 10 10 10 10 10 7 10 7 100 100 100 100 1 1 1 1 1 1 1 1 1 1 1 1 1 1 1 5 0 1 1 1 1 1 1 1 1 1 1 1 1 1 1 1 1 1 1 1 1 1 1 1 1 1 1 1 1 1 1 1 1 1 1 1 1 1 1 1 1 1 1 1 1 1 1 1 1 1 1 1 1 1 1 1 1 1 1 1 1 1 1 7 1 1 1 1 1 1 1 1 1 1 1 1 1 1 1 1 1 1 1 1 1 1 1 1 1 1 1 1 1 1 1 1 1 1 1 1 1 1 1 1 1 1 1 1 1 1 1 1 1 1 1 1 1 1 1 1 1 1 1 1 1 100 1 1 1 100 1 1 1 1 1 1 1 12 12 12 12 1 12 12 12 12 12 12 1 12 12 12 12 12 12 12 12 12 12 12 12 12 1 1 12 12 1 12 12 1 12 12 12 12 12 12 12 12 12 1 12 1 12 12 1 1 1 12 12 1 12 100 12 100 12 100 12 12 12 100 12 12 12 1 12 1 1 1 1 1 1 1 1 1 1 1 1 1 1 1 1 1 1 1 1 1 1 1 1 1 1 1 1 1 1 1 1 1 1 1
ciInstanceKlass java/util/regex/Matcher 1 1 443 10 7 9 9 9 9 9 9 9 9 9 9 10 9 9 9 9 7 9 10 11 10 100 10 10 100 10 100 8 10 9 10 9 10 9 100 8 10 100 7 10 8 10 10 10 10 10 10 8 10 10 10 8 10 10 10 10 10 10 10 10 10 8 8 10 10 10 10 8 8 8 8 10 11 8 8 11 100 10 8 10 10 10 10 10 10 11 7 100 10 100 10 100 10 10 100 8 10 8 8 8 8 8 10 10 8 10 10 8 10 9 9 9 10 9 11 11 11 8 10 8 8 7 100 1 1 1 1 1 1 1 1 1 1 1 1 1 1 1 3 1 3 1 1 1 1 1 1 1 1 1 1 1 1 1 1 1 1 1 1 1 1 1 1 1 1 1 1 1 1 1 1 1 1 1 1 1 1 1 1 1 1 1 1 1 1 1 1 1 1 1 1 1 1 1 1 1 1 1 1 1 1 1 1 1 1 1 1 1 1 1 1 1 1 1 1 1 1 1 1 1 1 1 1 1 1 1 1 1 1 1 1 1 1 1 1 1 1 1 1 1 1 1 1 1 1 1 1 1 1 1 1 1 1 1 1 1 1 1 1 1 1 1 12 1 12 12 12 12 12 12 12 12 12 7 12 7 12 12 12 12 12 1 12 12 7 12 12 1 12 100 12 12 1 1 12 12 12 12 12 12 1 1 1 1 1 12 12 12 12 1 12 12 12 1 12 12 12 12 12 100 12 12 12 12 1 1 100 12 12 12 1 1 1 1 12 100 12 1 1 12 1 12 1 12 12 12 12 12 100 12 100 12 1 1 1 12 1 100 12 100 12 1 1 1 1 12 12 1 12 12 1 12 12 12 12 7 12 12 12 1 12 1 1 1 1 1 1 1 1 1 1 1 1 1 1 1 1 1 1 1 1 1 1 1 1 1 1 1 1 1 1 1 1 1 1 1 1 1 1 1 1 1 1 1 1 1 1 1 1 1 1 1 1 1 1 1 1 1 1 1 1
ciInstanceKlass java/util/regex/IntHashSet 0 0 54 10 9 9 9 10 10 100 100 1 1 1 1 1 1 1 1 1 1 1 1 1 1 1 1 1 1 1 1 1 1 1 1 1 1 1 1 1 1 100 1 1 12 12 12 12 100 12 12 1 1 1 1 1
ciInstanceKlass java/lang/CloneNotSupportedException 0 0 26 10 10 100 100 1 1 1 5 0 1 1 1 1 1 1 1 1 1 1 1 1 12 12 1 1
ciInstanceKlass java/lang/StringIndexOutOfBoundsException 0 0 45 10 10 100 10 8 10 10 10 100 100 1 1 1 5 0 1 1 1 1 1 1 1 1 1 1 1 1 1 1 1 12 12 1 1 12 12 12 1 1 1 1 1 1 1
ciInstanceKlass java/io/StringReader 1 1 102 10 9 9 9 10 9 7 8 10 9 10 10 100 10 10 10 10 10 100 8 10 7 7 1 1 1 1 1 1 1 1 1 1 1 1 1 1 1 1 1 1 1 1 100 100 1 1 1 1 1 1 1 1 1 1 1 1 1 1 1 1 1 1 1 12 12 12 12 7 12 12 1 1 12 12 12 12 1 7 12 12 12 12 1 1 1 1 1 1 1 1 1 1 1 1 1 1 1 1 1 1
instanceKlass java/lang/invoke/MethodHandleImpl$Makers$3
instanceKlass java/lang/invoke/DirectMethodHandle$EnsureInitialized
instanceKlass groovy/lang/MetaClassImpl$2
instanceKlass java/lang/invoke/MethodHandleImpl$ArrayAccessor$1
instanceKlass java/lang/invoke/MethodHandleImpl$BindCaller$1
instanceKlass org/codehaus/groovy/reflection/v7/GroovyClassValueJava7
instanceKlass java/io/ClassCache$1
instanceKlass com/google/inject/internal/BytecodeGen$1
instanceKlass java/lang/invoke/StringConcatFactory$Stringifiers$StringifierAny
instanceKlass java/lang/invoke/StringConcatFactory$Stringifiers$StringifierMost
ciInstanceKlass java/lang/ClassValue 1 1 202 10 9 7 3 10 3 9 7 10 9 7 10 9 10 10 10 10 10 10 10 10 9 9 10 10 10 10 10 10 10 10 10 10 10 9 7 10 9 10 7 10 7 10 7 10 1 1 1 1 1 1 1 1 1 1 1 1 1 1 1 1 1 1 1 1 1 1 1 1 1 1 1 1 1 1 1 1 1 1 1 1 1 1 1 1 1 1 1 1 1 1 100 1 1 1 1 1 1 1 1 1 1 1 1 1 1 1 1 1 1 1 1 1 100 1 1 1 1 1 1 1 1 1 1 7 1 1 1 1 1 1 1 1 1 12 12 1 12 12 1 12 1 12 12 12 12 12 12 12 12 12 12 12 12 12 12 12 12 12 12 12 12 12 12 12 12 1 12 7 12 1 12 1 1 12 1 1 1 1 1 1 1 1 1 1 1 1 1 1 1 1 1 1 1 1 1 1 1 1 1 1
staticfield java/lang/ClassValue EMPTY_CACHE [Ljava/lang/ClassValue$Entry; 1 [Ljava/lang/ClassValue$Entry;
staticfield java/lang/ClassValue nextHashCode Ljava/util/concurrent/atomic/AtomicInteger; java/util/concurrent/atomic/AtomicInteger
staticfield java/lang/ClassValue CRITICAL_SECTION Ljava/lang/Object; java/lang/Object
staticfield java/lang/ClassValue UNSAFE Ljdk/internal/misc/Unsafe; jdk/internal/misc/Unsafe
ciInstanceKlass java/lang/invoke/DirectMethodHandle$Interface 1 1 106 10 9 10 100 10 9 7 9 10 10 8 100 10 10 10 100 10 10 7 10 1 1 1 1 1 1 1 1 1 1 1 1 1 1 1 1 1 1 1 1 1 1 1 100 100 100 7 1 1 1 1 1 1 1 1 1 1 1 1 1 1 1 1 1 1 12 12 12 1 12 12 1 12 12 12 1 1 12 12 100 12 1 12 12 1 12 1 1 1 1 1 1 1 1 1 1 1 1 1 1 1 1 1 1 1
staticfield java/lang/invoke/DirectMethodHandle$Interface $assertionsDisabled Z 1
ciInstanceKlass groovy/lang/GroovyObject 1 1 43 1 100 1 100 1 1 1 1 1 1 12 11 1 100 1 12 11 1 1 1 1 1 1 1 1 1 12 11 1 1 1 1 12 11 1 1 1 1 1 1 1 1
instanceKlass org/codehaus/groovy/runtime/metaclass/ClosureMetaMethod$AnonymousMetaMethod
instanceKlass org/codehaus/groovy/runtime/metaclass/ClosureMetaMethod
instanceKlass org/codehaus/groovy/runtime/metaclass/ClosureStaticMetaMethod
instanceKlass org/codehaus/groovy/runtime/metaclass/MixinInstanceMetaMethod
instanceKlass org/codehaus/groovy/runtime/metaclass/TransformMetaMethod
instanceKlass groovy/lang/MetaClassImpl$MetaConstructor
instanceKlass groovy/lang/MetaClassImpl$DummyMetaMethod
instanceKlass org/codehaus/groovy/runtime/metaclass/ReflectionMetaMethod
instanceKlass org/codehaus/groovy/runtime/callsite/CallSiteAwareMetaMethod
instanceKlass org/codehaus/groovy/reflection/CachedMethod
instanceKlass org/codehaus/groovy/reflection/GeneratedMetaMethod
ciInstanceKlass groovy/lang/MetaMethod 1 1 239 1 7 1 7 1 100 1 1 1 1 1 1 1 1 12 10 1 1 1 12 10 1 1 1 1 1 1 1 1 1 1 1 1 1 1 1 12 10 1 100 1 7 10 1 8 1 1 12 10 12 10 1 8 1 1 12 10 1 100 1 1 12 10 1 8 12 10 1 12 10 1 1 1 1 7 1 1 12 10 12 10 12 10 1 7 10 1 1 12 10 1 1 1 7 1 12 10 1 1 1 1 1 1 10 1 8 1 8 1 8 1 12 10 1 8 12 10 1 8 1 1 1 100 12 10 1 100 1 8 1 12 10 1 1 1 1 1 1 1 1 12 9 1 1 1 1 1 1 12 10 1 1 1 1 1 1 1 12 10 1 100 1 1 12 10 1 12 9 1 12 10 1 12 10 1 100 10 1 12 10 100 1 8 10 1 1 1 1 1 12 9 12 10 8 1 8 1 12 10 1 12 10 1 1 1 100 1 8 1 100 1 1 12 10 1 1 1 1 1 1 1 100 1 1 12 10 12 10 12 10 1 12 9 1 1 1 1 1
staticfield groovy/lang/MetaMethod EMPTY_ARRAY [Lgroovy/lang/MetaMethod; 0 [Lgroovy/lang/MetaMethod;
ciInstanceKlass org/codehaus/groovy/GroovyBugError 0 0 61 1 100 1 100 1 1 1 5 0 1 1 1 1 1 1 1 12 10 1 1 1 1 12 10 12 9 12 9 1 1 1 1 12 10 1 100 10 1 8 1 1 12 10 12 10 1 8 1 100 10 1 1 1 1 1 1 1 1 1 1
instanceKlass org/codehaus/groovy/syntax/RuntimeParserException
instanceKlass groovy/lang/SpreadMapEvaluatingException
instanceKlass org/codehaus/groovy/control/CompilationFailedException
instanceKlass org/codehaus/groovy/runtime/metaclass/MethodSelectionException
instanceKlass groovy/lang/MissingMethodException
instanceKlass org/codehaus/groovy/reflection/CacheAccessControlException
instanceKlass groovy/lang/MissingFieldException
instanceKlass groovy/lang/MissingPropertyException
instanceKlass org/codehaus/groovy/runtime/InvokerInvocationException
ciInstanceKlass groovy/lang/GroovyRuntimeException 1 1 113 1 100 1 7 1 1 1 5 0 1 1 1 1 1 1 12 10 1 1 1 12 10 1 1 1 12 9 1 12 10 1 1 1 1 1 12 10 1 1 1 12 9 1 1 1 1 1 12 10 1 12 10 1 100 1 1 12 10 1 100 10 1 1 12 10 1 12 10 1 1 1 1 12 10 1 8 1 8 1 100 1 1 12 10 1 12 10 1 8 1 12 10 1 8 1 100 1 12 10 1 1 12 10 1 8 1 1 1 1 1 1 1
ciInstanceKlass groovy/lang/MetaClassRegistry 1 0 29 1 100 1 100 1 1 100 1 1 1 1 1 1 1 1 1 1 1 1 1 1 1 1 1 1 1 1 1
ciInstanceKlass org/codehaus/groovy/runtime/metaclass/MetaClassRegistryImpl 1 1 726 1 7 1 7 1 100 1 1 7 1 1 7 1 1 100 1 7 1 1 7 1 7 1 1 7 1 100 1 1 7 1 1 100 1 100 1 7 1 1 100 1 100 1 1 1 1 8 1 1 1 1 1 1 1 8 1 1 1 1 1 1 1 1 1 1 1 1 1 1 1 1 1 1 1 1 1 3 1 3 1 1 1 1 1 1 1 1 12 10 1 1 1 1 1 12 10 1 7 10 12 9 12 9 1 7 10 12 9 12 9 1 7 1 7 1 1 12 10 1 12 10 12 9 1 7 10 12 9 1 7 1 1 12 10 12 9 12 9 1 100 1 8 1 100 1 1 12 10 1 100 1 1 12 10 1 12 10 1 7 12 9 10 12 9 12 9 1 7 10 1 1 12 10 1 7 1 1 12 9 100 1 1 12 10 1 7 1 1 12 10 1 7 1 1 12 11 1 7 1 12 11 1 12 10 1 1 12 10 1 7 1 1 12 10 1 12 10 1 12 10 1 1 12 10 1 12 10 1 7 1 1 12 10 1 7 1 12 11 1 7 1 1 12 10 1 1 12 10 1 16 1 12 10 15 1 7 1 1 12 10 15 1 1 12 18 1 1 12 10 1 1 1 1 1 1 1 1 1 1 1 1 1 1 1 1 12 11 1 1 12 11 1 7 1 1 12 11 1 1 12 11 1 12 11 1 7 1 12 11 1 7 1 1 12 10 1 1 1 1 1 1 1 1 1 1 12 10 1 1 1 1 1 1 1 7 1 100 1 8 1 1 12 10 1 1 12 10 1 7 1 1 12 10 1 100 1 100 10 1 8 1 1 12 10 1 12 10 1 1 12 10 1 12 10 1 1 1 1 1 1 1 7 1 1 12 10 11 1 12 9 1 1 12 11 1 12 9 1 7 1 1 12 10 1 12 9 1 7 1 1 12 10 1 12 9 1 12 10 1 7 1 1 12 10 1 16 1 1 12 10 15 16 1 1 12 18 1 1 12 11 1 12 11 1 12 10 1 12 10 1 1 12 10 1 100 1 7 1 1 12 10 1 7 1 1 12 10 1 12 10 1 7 1 1 12 10 1 12 10 1 1 12 10 1 12 10 15 18 1 7 1 12 10 1 100 1 7 10 1 1 1 1 1 1 1 1 1 1 1 1 1 1 1 1 1 1 1 1 1 1 1 1 100 1 100 1 100 1 100 1 12 10 1 12 10 15 18 1 100 1 1 1 1 12 10 1 12 10 1 1 1 1 1 12 10 1 12 10 1 12 10 1 1 12 10 1 1 1 1 1 1 1 12 10 1 1 1 1 12 10 1 12 10 1 1 1 1 1 100 1 8 1 12 10 1 12 10 1 12 10 1 12 10 1 1 10 1 7 1 1 1 1 12 10 1 1 12 10 1 7 1 12 10 7 12 11 1 1 1 1 1 1 7 1 12 10 12 10 1 1 12 10 12 9 1 1 12 10 1 1 1 1 1 12 9 10 12 9 10 1 1 1 1 12 9 10 100 1 12 10 1 1 1 12 10 10 1 1 12 10 1 12 10 1 1 12 10 1 8 1 1 12 10 1 100 1 1 12 10 1 1 1 1 1 1 1 1 1 1 1 1 1 1 1 1 1 1 1 1 1 1 1 1 1 1
staticfield org/codehaus/groovy/runtime/metaclass/MetaClassRegistryImpl EMPTY_METACLASS_ARRAY [Lgroovy/lang/MetaClass; 0 [Lgroovy/lang/MetaClass;
staticfield org/codehaus/groovy/runtime/metaclass/MetaClassRegistryImpl EMPTY_METACLASSREGISTRYCHANGEEVENTLISTENER_ARRAY [Lgroovy/lang/MetaClassRegistryChangeEventListener; 0 [Lgroovy/lang/MetaClassRegistryChangeEventListener;
ciInstanceKlass groovy/lang/MetaObjectProtocol 1 1 39 1 100 1 100 1 1 1 1 1 1 1 1 1 1 1 1 1 1 1 1 1 1 1 1 1 1 1 1 1 1 1 1 1 1 1 1 1 1
ciInstanceKlass groovy/lang/MetaClass 1 0 37 1 100 1 100 1 100 1 1 1 1 1 1 1 1 1 1 1 1 1 1 1 1 1 1 1 1 1 1 1 1 1 1 1 1 1 1
instanceKlass groovy/lang/GroovyShell
instanceKlass groovy/xml/slurpersupport/GPathResult
instanceKlass groovy/lang/Binding
instanceKlass groovy/lang/Reference
instanceKlass groovy/lang/Script
instanceKlass org/codehaus/groovy/runtime/NullObject
instanceKlass groovy/lang/GString
instanceKlass groovy/lang/Closure
ciInstanceKlass groovy/lang/GroovyObjectSupport 1 1 74 1 7 1 7 1 100 1 1 100 1 100 1 1 1 1 1 12 10 1 1 12 10 12 9 1 1 1 1 1 1 1 100 1 1 12 10 1 16 15 16 1 100 1 1 12 10 15 1 1 12 18 1 1 12 10 1 100 1 1 12 10 1 7 1 12 10 1 1 1 1 1 1 1
instanceKlass io/restassured/internal/RequestSpecificationImpl$_sendHttpRequest_closure27
instanceKlass org/apache/groovy/parser/antlr4/util/StringUtils$1
instanceKlass org/apache/groovy/parser/antlr4/util/StringUtils$4
instanceKlass org/apache/groovy/parser/antlr4/util/StringUtils$3
instanceKlass org/apache/groovy/parser/antlr4/util/StringUtils$2
instanceKlass io/restassured/internal/path/json/ConfigurableJsonSlurper$__clinit__closure1
instanceKlass io/restassured/internal/ResponseSpecificationImpl$_body_closure11
instanceKlass io/restassured/internal/ResponseSpecificationImpl$_HamcrestAssertionClosure_validate_closure3
instanceKlass io/restassured/internal/ResponseSpecificationImpl$_HamcrestAssertionClosure_fireFailureListeners_closure4
instanceKlass io/restassured/internal/ResponseSpecificationImpl$_HamcrestAssertionClosure_validate_closure2
instanceKlass io/restassured/internal/ResponseSpecificationImpl$_HamcrestAssertionClosure_validateHeadersAndCookies_closure6
instanceKlass io/restassured/internal/ResponseSpecificationImpl$_HamcrestAssertionClosure_validateHeadersAndCookies_closure5
instanceKlass io/restassured/internal/ResponseSpecificationImpl$_statusCode_closure3
instanceKlass io/restassured/internal/http/ContentTypeSubTypeExtractor$_getSubTypeValueFromContentType_closure1
instanceKlass io/restassured/internal/RestAssuredResponseOptionsGroovyImpl$_parseHeaders_closure1
instanceKlass io/restassured/internal/ResponseSpecificationImpl$_HamcrestAssertionClosure_getClosure_closure1
instanceKlass io/restassured/internal/RestAssuredHttpBuilderGroovyHelper$_createClosureThatCalls_closure2
instanceKlass io/restassured/internal/RequestSpecificationImpl$_sendRequest_closure16
instanceKlass io/restassured/internal/RequestSpecificationImpl$_setRequestHeadersToHttpBuilder_closure23
instanceKlass io/restassured/internal/RequestSpecificationImpl$_applyRestAssuredConfig_closure20
instanceKlass io/restassured/internal/RequestSpecificationImpl$_applyHttpClientConfig_closure22
instanceKlass io/restassured/internal/RequestSpecificationImpl$_applyContentDecoders_closure21
instanceKlass io/restassured/internal/RequestSpecificationImpl$_getUndefinedPathParamPlaceholders_closure46
instanceKlass io/restassured/internal/RequestSpecificationImpl$_getUnnamedPathParamValues_closure44
instanceKlass io/restassured/internal/RequestSpecificationImpl$_getUnnamedPathParamValues_closure43
instanceKlass io/restassured/internal/RequestSpecificationImpl$_getPathParams_closure40
instanceKlass io/restassured/internal/RequestSpecificationImpl$_getUnnamedPathParams_closure42
instanceKlass io/restassured/internal/RequestSpecificationImpl$_getUnnamedPathParams_closure41
instanceKlass io/restassured/internal/RequestSpecificationImpl$_getRedundantNamedPathParams_closure48
instanceKlass groovy/json/JsonTokenType$1
instanceKlass io/restassured/internal/RequestSpecificationImpl$_getURI_closure39
instanceKlass io/restassured/internal/RequestSpecificationImpl$_partiallyApplyPathParams_closure36
instanceKlass io/restassured/internal/RequestSpecificationImpl$_partiallyApplyPathParams_closure35
instanceKlass io/restassured/internal/RequestSpecificationImpl$_newFilterContext_closure13
instanceKlass io/restassured/internal/RequestSpecificationImpl$_newFilterContext_closure12
instanceKlass io/restassured/internal/RequestSpecificationImpl$_applyPathParamsAndSendRequest_closure34
instanceKlass io/restassured/internal/RequestSpecificationImpl$_applyPathParamsAndSendRequest_closure33
instanceKlass io/restassured/internal/RequestSpecificationImpl$_applyPathParamsAndSendRequest_closure32
instanceKlass io/restassured/internal/RequestSpecificationImpl$_removeMergedHeadersIfNeeded_closure7_closure50
instanceKlass io/restassured/internal/RequestSpecificationImpl$_removeMergedHeadersIfNeeded_closure7
instanceKlass io/restassured/internal/RequestSpecificationImpl$_header_closure8
instanceKlass org/codehaus/groovy/runtime/MethodClosure
instanceKlass org/codehaus/groovy/runtime/CurriedClosure
instanceKlass groovy/lang/TrampolineClosure
instanceKlass groovy/lang/Closure$WritableClosure
instanceKlass org/codehaus/groovy/runtime/ComposedClosure
instanceKlass groovy/lang/Closure$1
ciInstanceKlass groovy/lang/Closure 1 1 423 1 7 1 1 7 1 100 1 100 1 100 1 100 1 1 100 1 1 7 1 1 3 1 3 1 3 1 3 1 3 1 1 1 1 1 1 1 1 1 1 1 1 1 1 1 1 1 1 5 0 1 1 1 1 1 12 10 12 9 12 9 12 9 12 9 1 7 1 1 12 10 1 7 1 1 12 10 1 7 1 1 12 10 12 9 1 1 12 10 12 9 1 1 1 1 1 12 10 1 1 1 1 1 1 1 8 1 7 1 1 12 10 1 12 10 8 1 12 10 8 10 1 100 1 1 12 10 8 10 1 8 1 1 12 10 1 8 8 1 12 10 8 12 10 8 12 10 1 12 10 1 7 1 12 10 12 10 1 12 10 1 1 1 1 12 10 1 100 1 100 1 100 1 1 1 1 1 1 1 12 10 1 7 1 1 12 10 1 100 1 12 10 12 10 1 12 10 1 12 10 1 12 10 12 10 1 12 10 1 1 1 12 10 1 12 9 1 100 1 12 10 1 1 12 10 1 1 12 9 1 12 10 1 1 100 1 100 1 8 1 1 12 11 1 1 12 10 1 100 1 1 12 10 1 1 12 10 1 1 1 1 1 1 1 1 100 1 100 1 1 12 10 1 12 10 1 1 1 1 1 10 1 12 10 1 1 1 1 7 1 12 10 1 1 12 10 1 1 1 12 10 12 10 1 1 1 1 1 1 12 10 1 1 1 1 100 1 12 10 1 1 1 1 1 12 10 1 1 12 10 1 1 12 10 1 1 12 10 1 12 10 12 10 12 10 1 1 1 100 10 1 100 1 1 12 10 1 1 100 1 8 1 12 10 1 100 12 10 1 1 1 8 1 100 10 1 1 12 10 1 1 1 1 1 8 1 8 1 8 10 1 1 100 10 1 1 100 12 10 1 12 9 1 10 1 1 1 1 1 12 10 12 9 1 1 1 1 1 1 1 1 1
staticfield groovy/lang/Closure EMPTY_OBJECT_ARRAY [Ljava/lang/Object; 0 [Ljava/lang/Object;
staticfield groovy/lang/Closure IDENTITY Lgroovy/lang/Closure; groovy/lang/Closure$1
ciInstanceKlass org/codehaus/groovy/reflection/CachedMethod 1 1 399 1 7 1 7 1 100 1 1 7 1 100 1 1 7 1 100 1 1 7 1 100 1 1 100 1 100 1 1 1 1 1 1 1 1 1 1 1 1 1 1 1 1 1 1 1 1 1 1 1 7 1 1 12 10 1 7 1 1 12 10 1 7 1 1 12 10 1 16 1 12 10 15 1 7 1 1 12 10 15 1 1 12 18 1 7 1 1 12 10 100 1 1 1 1 1 1 12 10 12 9 12 9 1 1 1 12 10 1 1 1 1 12 10 1 1 12 10 1 1 1 1 12 10 1 7 1 12 10 1 12 10 1 7 10 1 1 12 10 1 100 10 1 12 10 1 12 10 1 100 1 8 1 12 10 1 1 1 1 1 1 1 1 10 10 1 12 10 1 100 1 1 1 1 12 10 1 12 9 12 10 3 10 1 1 1 1 12 10 1 7 1 1 12 10 1 1 1 1 1 1 12 10 1 1 1 1 1 12 10 12 9 1 7 1 12 10 1 1 12 10 1 100 1 1 12 10 1 1 1 1 1 1 100 10 1 1 12 10 12 10 10 1 1 12 9 1 1 1 1 1 7 1 12 10 1 12 10 1 1 1 100 1 100 12 9 12 9 1 1 12 10 1 7 1 1 12 10 1 1 12 10 1 7 1 7 1 12 10 1 7 1 1 12 10 1 7 1 12 10 1 1 1 1 1 1 1 1 1 1 1 12 9 1 12 10 1 12 10 1 12 9 1 12 10 10 1 1 1 12 10 1 1 1 1 1 100 1 100 1 100 1 100 1 100 1 12 10 12 10 1 100 1 1 12 10 1 100 1 12 10 1 1 1 1 1 1 1 1 12 9 1 1 12 10 1 12 10 12 10 1 100 1 8 10 1 1 1 12 9 1 1 1 1 1 1 1 1 1
staticfield org/codehaus/groovy/reflection/CachedMethod EMPTY_ARRAY [Lorg/codehaus/groovy/reflection/CachedMethod; 0 [Lorg/codehaus/groovy/reflection/CachedMethod;
ciInstanceKlass org/codehaus/groovy/runtime/InvokerInvocationException 0 0 47 1 100 1 100 1 1 1 5 0 1 1 1 100 1 1 12 10 1 12 10 1 1 1 1 1 1 1 1 1 12 10 1 8 1 100 1 12 10 1 100 1 1 1 1 1 1
ciInstanceKlass org/codehaus/groovy/runtime/CurriedClosure 1 1 184 1 7 1 1 7 1 1 1 5 0 1 1 1 1 1 1 1 1 1 1 1 1 12 10 1 12 10 12 9 12 9 12 9 1 1 12 10 1 12 9 1 1 12 10 100 1 100 1 7 1 1 12 10 1 12 10 12 9 1 100 1 100 1 12 10 1 8 1 1 12 10 1 12 10 1 8 1 8 1 1 12 10 1 12 10 1 8 1 8 1 8 1 8 1 8 1 1 1 1 1 1 1 1 1 1 1 1 12 10 1 1 1 8 1 1 12 10 1 8 1 8 1 7 1 1 12 10 1 1 1 7 1 7 1 1 12 10 1 1 1 12 10 12 10 1 1 1 12 10 1 1 12 10 1 1 12 10 1 12 10 1 1 12 10 1 1 1 1 1 1 1 1 1 1 1 1 1 1 1 1 1 1 1
instanceKlass groovy/lang/ReadOnlyPropertyException
instanceKlass org/codehaus/groovy/runtime/metaclass/MissingPropertyExceptionNoStack
ciInstanceKlass groovy/lang/MissingPropertyException 0 0 94 1 100 1 100 1 1 1 1 1 5 0 1 1 1 1 1 1 1 12 10 12 9 12 9 1 1 1 1 12 10 1 1 1 12 10 1 1 1 1 12 10 1 1 12 10 1 100 1 100 10 1 8 1 1 12 10 1 8 1 100 1 12 10 1 100 1 1 12 10 1 12 10 1 8 1 12 10 1 1 1 1 1 1 100 10 12 9 1 1 1 1 1 1
ciInstanceKlass org/codehaus/groovy/reflection/ReflectionUtils 1 1 403 1 7 1 100 1 1 7 1 1 100 1 7 1 7 1 1 1 1 1 1 1 1 1 1 1 1 1 1 1 1 12 10 1 1 1 1 1 1 1 12 10 1 7 1 1 12 10 1 12 10 1 1 1 1 100 12 9 1 1 12 10 7 1 1 12 10 1 7 1 100 1 1 1 1 1 1 1 1 1 1 1 1 1 1 16 1 12 10 15 1 16 1 7 1 1 12 10 15 1 1 12 18 1 1 12 10 1 1 1 1 1 1 12 10 15 18 1 1 7 10 1 7 12 11 1 7 1 7 1 100 1 7 1 1 12 10 1 1 12 10 1 12 10 1 1 12 10 1 12 11 1 1 1 1 1 1 1 1 1 1 1 100 1 1 12 10 1 1 12 10 1 1 1 1 1 1 1 1 1 1 12 9 1 7 12 11 1 1 1 1 1 1 12 11 1 1 1 1 1 1 1 12 11 1 1 1 1 1 16 1 12 10 15 1 16 1 1 12 18 1 7 1 1 12 10 1 7 1 1 7 1 12 10 10 1 1 12 10 1 12 10 1 1 1 12 10 1 100 1 12 10 1 100 1 12 10 1 12 10 1 100 1 1 12 10 1 1 12 11 1 1 1 1 1 1 12 9 1 100 1 12 10 1 1 1 1 1 12 9 12 9 12 10 1 1 1 12 10 1 1 12 10 12 9 1 100 10 1 7 1 12 11 11 12 10 1 1 7 1 100 1 7 1 1 12 10 1 7 10 1 8 11 1 8 1 8 1 8 1 8 1 8 1 8 1 8 1 8 1 8 1 8 1 8 1 8 1 8 1 8 1 1 12 10 1 12 10 1 1 12 10 8 1 7 1 12 9 1 7 1 1 12 10 1 1 12 10 1 100 8 1 1 1 1 1 1 1 1 1 1 1 1
staticfield org/codehaus/groovy/reflection/ReflectionUtils VM_PLUGIN Lorg/codehaus/groovy/vmplugin/VMPlugin; org/codehaus/groovy/vmplugin/v10/Java10
staticfield org/codehaus/groovy/reflection/ReflectionUtils IGNORED_PACKAGES Ljava/util/Set; java/util/Collections$UnmodifiableSet
staticfield org/codehaus/groovy/reflection/ReflectionUtils EMPTY_CLASS_ARRAY [Ljava/lang/Class; 0 [Ljava/lang/Class;
staticfield org/codehaus/groovy/reflection/ReflectionUtils HELPER Lorg/codehaus/groovy/reflection/ReflectionUtils$ClassContextHelper; org/codehaus/groovy/reflection/ReflectionUtils$ClassContextHelper
staticfield org/codehaus/groovy/reflection/ReflectionUtils IS_SEALED_METHODHANDLE Ljava/lang/invoke/MethodHandle; null
staticfield org/codehaus/groovy/reflection/ReflectionUtils GET_PERMITTED_SUBCLASSES_METHODHANDLE Ljava/lang/invoke/MethodHandle; null
ciInstanceKlass org/codehaus/groovy/vmplugin/VMPlugin 1 1 156 1 100 1 100 1 1 100 1 100 1 1 1 1 1 1 1 1 1 1 1 1 1 1 1 1 1 1 1 100 1 1 1 1 1 100 1 100 1 8 1 7 1 1 12 10 1 8 1 100 1 1 12 10 1 8 1 1 12 10 1 100 1 8 1 1 12 10 1 1 12 10 1 100 1 1 12 10 1 8 1 12 10 1 100 1 1 12 10 1 100 1 12 10 1 1 12 10 1 1 1 1 1 1 1 1 1 1 1 1 1 1 1 1 1 1 1 1 1 1 1 1 1 1 1 1 1 1 1 1 100 1 1 1 1 1 100 1 1 12 10 1 1 1 1 1 1 1 1 1 1 1 1 1 1 1
ciInstanceKlass org/apache/groovy/io/StringBuilderWriter 1 1 88 1 7 1 7 1 100 1 1 1 5 0 1 1 1 1 12 10 1 7 10 12 9 1 1 1 12 10 1 1 1 1 1 1 12 10 1 1 1 1 12 10 1 1 1 12 10 1 1 1 1 1 1 1 12 10 1 1 1 12 10 1 1 1 1 1 1 1 12 10 1 1 100 12 10 1 12 10 1 12 10 1 1 1 1 1 1 1
ciInstanceKlass org/codehaus/groovy/vmplugin/v10/Java10 1 1 39 1 100 1 7 1 1 1 12 10 1 1 1 1 1 1 1 12 10 1 7 1 1 12 10 1 7 1 7 1 1 1 1 1 1 1 1 1 1
ciInstanceKlass org/codehaus/groovy/runtime/MetaClassHelper 1 1 771 1 7 1 7 1 1 1 1 1 1 1 1 1 1 3 1 3 1 3 1 3 1 3 1 1 1 1 1 1 12 10 1 1 1 1 1 100 1 1 12 10 1 100 1 1 12 10 1 12 10 1 7 1 1 12 10 10 1 7 1 1 12 10 1 12 10 1 1 12 10 1 7 1 1 12 10 1 1 12 10 10 1 12 10 1 1 1 1 1 1 1 1 1 1 1 1 1 12 10 1 12 9 1 12 9 1 1 1 12 9 1 100 100 1 1 12 10 1 7 9 1 100 1 12 10 1 7 9 1 100 1 12 10 1 7 9 1 7 1 12 10 1 7 9 1 100 1 12 10 1 7 9 1 100 1 12 10 1 7 9 1 100 1 12 10 1 7 9 1 100 1 12 10 1 1 1 1 1 1 1 1 1 12 10 1 100 1 12 11 1 100 1 1 12 10 1 1 12 11 1 12 10 1 12 10 1 1 12 10 1 1 12 10 1 1 12 10 1 1 12 10 1 1 12 10 1 1 12 10 1 1 12 10 1 1 12 10 1 1 12 10 1 1 12 10 1 1 12 10 1 1 12 10 1 1 12 10 1 1 12 10 1 1 12 10 1 1 1 1 1 1 1 1 12 9 1 1 1 1 12 10 12 9 1 1 1 1 1 1 1 12 10 100 12 10 1 7 1 1 12 10 1 1 1 1 1 1 1 1 7 1 1 12 10 1 1 12 10 1 100 1 7 10 1 8 12 10 1 1 1 1 1 1 1 1 1 7 1 12 10 1 12 10 1 7 12 10 1 12 10 12 9 5 0 1 7 1 1 12 10 10 1 7 1 1 12 10 12 10 5 0 1 7 5 0 5 0 1 1 1 1 1 1 1 1 1 1 7 1 1 12 10 1 100 12 10 10 1 1 12 10 5 0 5 0 1 1 1 1 1 1 1 1 1 1 1 1 7 12 10 1 1 1 1 1 7 10 1 1 12 10 12 9 1 1 12 10 1 1 1 1 1 1 1 1 1 12 9 12 9 1 12 10 1 12 10 1 1 1 1 1 1 1 1 1 1 1 12 11 1 100 1 12 11 1 1 12 11 1 7 10 1 1 1 1 1 1 1 1 1 1 12 10 1 1 1 1 1 1 1 12 10 1 100 10 1 100 1 100 1 1 12 10 1 1 12 11 1 12 11 1 1 12 10 1 100 1 1 12 10 1 1 1 1 1 1 1 1 1 1 1 1 1 1 1 100 1 100 10 1 1 12 10 1 12 10 1 8 1 8 1 100 1 1 12 10 1 8 12 10 1 100 1 12 10 1 1 1 1 1 1 1 1 1 100 1 12 10 1 1 7 1 7 1 12 10 10 1 1 1 1 10 8 1 1 1 1 1 1 12 10 1 8 1 8 1 7 1 1 12 10 1 100 1 1 12 9 1 1 12 10 1 12 10 1 8 1 12 10 1 8 1 8 1 8 1 1 12 10 1 1 1 1 1 1 100 10 12 10 1 1 12 10 1 8 1 8 1 12 10 1 1 1 1 8 1 8 1 1 12 10 1 12 10 1 1 1 1 12 10 1 1 1 1 1 1 1 1 1 7 1 12 10 1 1 1 1 1 1 1 1 1 1 1 1 1 1 12 9 1 1 1 1 12 10 1 1 1 100 1 100 1 1 12 10 12 10 1 1 1 1 1 1 12 10 1 1 12 10 1 12 10 1 1 12 9 12 9 1 7 1 1 1 1 1 1 1 1 1 1
staticfield org/codehaus/groovy/runtime/MetaClassHelper EMPTY_ARRAY [Ljava/lang/Object; 0 [Ljava/lang/Object;
staticfield org/codehaus/groovy/runtime/MetaClassHelper EMPTY_TYPE_ARRAY [Ljava/lang/Class; 0 [Ljava/lang/Class;
staticfield org/codehaus/groovy/runtime/MetaClassHelper ARRAY_WITH_NULL [Ljava/lang/Object; 1 [Ljava/lang/Object;
staticfield org/codehaus/groovy/runtime/MetaClassHelper LOG Ljava/util/logging/Logger; java/util/logging/Logger
staticfield org/codehaus/groovy/runtime/MetaClassHelper EMPTY_CLASS_ARRAY [Ljava/lang/Class; 0 [Ljava/lang/Class;
staticfield org/codehaus/groovy/runtime/MetaClassHelper PRIMITIVES [Ljava/lang/Class; 20 [Ljava/lang/Class;
staticfield org/codehaus/groovy/runtime/MetaClassHelper PRIMITIVE_DISTANCE_TABLE [[I 20 [[I
ciInstanceKlass org/codehaus/groovy/runtime/MethodClosure 1 1 219 1 7 1 7 1 1 1 1 1 1 8 1 1 8 1 1 5 0 1 1 1 1 12 10 12 9 1 1 12 9 1 7 1 1 12 9 1 12 9 1 7 1 1 12 10 1 7 1 7 1 1 12 10 1 1 12 10 1 100 1 1 12 10 1 100 1 1 12 9 1 100 1 1 12 10 1 1 12 10 1 100 1 1 12 10 1 100 1 1 12 10 1 100 1 100 1 1 12 10 1 7 1 1 12 10 1 7 1 1 12 11 1 7 1 1 12 11 1 7 1 12 11 1 1 12 11 1 7 1 1 12 10 1 12 10 12 9 1 1 1 1 1 1 1 1 1 1 1 1 1 10 1 100 1 1 12 10 100 1 1 1 1 1 1 1 12 10 8 12 10 1 100 1 1 12 10 12 10 1 1 1 1 12 10 1 1 12 10 1 1 1 1 7 1 7 12 9 1 100 1 1 12 10 1 100 12 10 1 1 1 1 1 1 1 1 1 1 1
instanceKlass org/codehaus/groovy/runtime/metaclass/MissingMethodExceptionNoStack
ciInstanceKlass groovy/lang/MissingMethodException 1 1 106 1 7 1 7 1 1 1 5 0 1 1 1 1 1 1 1 1 1 1 1 1 1 12 10 1 1 1 1 12 10 12 9 12 9 12 9 1 100 1 100 100 1 100 12 9 1 1 1 1 1 100 10 1 8 1 1 12 10 1 8 1 8 1 12 10 1 8 1 8 1 8 1 100 1 1 12 10 1 8 1 1 12 10 1 100 1 1 12 10 1 12 10 1 1 1 1 1 1 1 1 1 1 1 1 1
instanceKlass groovy/lang/ProxyMetaClass
instanceKlass org/codehaus/groovy/runtime/metaclass/ClosureMetaClass
instanceKlass groovy/lang/ExpandoMetaClass
ciInstanceKlass groovy/lang/MetaClassImpl 1 1 2753 1 7 1 7 1 7 1 7 1 1 100 1 100 1 1 7 1 7 1 1 7 1 7 1 1 7 1 1 7 1 1 100 1 7 1 1 100 1 1 7 1 100 1 1 7 1 1 100 1 7 1 1 100 1 1 7 1 7 1 100 1 7 1 7 1 100 1 1 100 1 1 100 1 100 1 100 1 100 1 100 1 7 1 100 1 100 1 1 7 1 7 1 1 7 1 7 1 1 100 1 1 7 1 1 7 1 100 1 1 100 1 1 1 1 1 1 8 1 1 8 1 1 8 1 1 8 1 1 8 1 1 8 1 1 8 1 1 8 1 1 8 1 1 8 1 1 1 1 1 1 1 1 1 1 1 1 1 1 1 1 1 1 1 1 1 1 1 1 1 1 1 1 1 1 1 1 1 1 1 1 1 1 1 1 1 1 1 1 1 1 1 1 1 1 1 1 1 1 1 1 1 1 1 1 1 1 1 1 1 1 1 1 1 12 10 1 7 10 12 9 12 9 12 9 1 7 10 12 9 1 7 10 12 9 12 9 1 7 10 12 9 12 9 12 9 12 9 1 7 1 1 12 10 12 9 1 7 1 7 1 1 12 10 12 9 12 9 1 7 1 1 12 10 12 9 1 12 10 12 9 1 7 1 1 12 10 100 1 100 1 1 12 10 12 9 12 9 1 7 1 12 9 1 1 1 1 1 12 10 1 1 7 1 1 12 10 1 12 10 12 9 1 12 10 1 1 1 1 1 1 1 7 1 1 12 10 1 1 12 10 1 7 1 1 12 10 7 1 1 12 10 1 1 1 1 1 1 1 1 1 1 12 10 1 1 12 10 1 12 10 1 1 1 1 1 12 10 1 16 1 1 12 10 15 16 1 7 1 1 12 10 15 1 1 12 18 1 1 12 11 1 12 10 1 7 11 1 12 10 15 18 1 1 12 10 1 1 12 10 1 1 1 1 1 1 1 1 1 12 10 1 12 10 1 1 1 1 12 10 12 9 1 1 12 10 1 1 12 10 1 1 12 10 1 7 1 1 12 11 1 7 1 7 1 12 11 1 1 12 11 1 12 10 1 100 1 7 1 12 10 1 12 10 1 1 12 10 1 1 12 10 1 1 12 10 1 12 10 1 12 10 1 12 10 1 12 9 1 1 12 10 1 1 1 1 1 1 1 1 10 11 1 1 12 10 1 12 10 1 12 10 1 1 12 11 12 11 1 1 12 10 1 1 12 10 1 7 1 12 10 1 12 10 10 1 1 1 1 1 1 1 1 1 7 10 1 12 10 1 12 9 10 1 1 12 10 1 12 10 1 12 9 7 1 12 10 1 12 10 1 12 9 1 1 1 12 10 1 12 10 1 1 1 12 10 1 12 9 10 1 1 1 100 1 12 10 1 1 12 10 1 12 10 1 100 1 7 10 1 12 10 1 1 12 10 1 1 1 1 1 1 1 1 12 11 1 1 12 11 1 7 1 12 11 1 12 11 1 12 10 1 1 1 1 1 12 9 1 7 1 7 1 1 1 12 10 1 12 9 1 12 9 1 12 9 1 1 12 10 10 12 10 1 1 12 10 10 1 1 12 10 1 1 1 1 1 1 1 1 1 1 1 1 1 1 1 12 9 1 1 1 1 1 12 10 1 7 1 12 10 10 1 12 10 1 1 1 1 1 100 10 10 1 12 10 1 1 12 9 1 12 10 1 7 1 1 12 10 1 1 1 1 1 12 10 1 1 1 1 100 1 7 1 12 10 12 10 1 12 10 1 1 12 10 1 7 1 12 10 1 1 12 10 1 12 10 12 9 12 9 1 1 12 10 1 100 1 100 1 1 12 10 12 11 10 10 1 100 1 12 10 1 1 1 1 1 1 1 1 1 1 7 1 12 10 12 11 1 12 10 1 12 10 1 12 10 1 12 10 1 12 10 1 1 12 10 12 9 1 100 1 12 10 1 12 10 10 1 12 10 1 100 1 7 1 12 10 1 1 1 1 1 1 1 1 1 1 1 7 11 12 9 11 12 9 10 1 1 12 10 1 1 1 1 100 1 7 1 12 10 10 11 10 1 100 1 8 12 10 1 1 12 11 1 7 10 1 8 1 1 12 10 1 12 10 1 8 1 12 10 1 12 10 1 100 1 1 12 10 1 8 1 12 10 1 8 1 8 1 1 12 10 1 12 10 1 7 1 1 12 10 1 16 1 12 10 15 1 1 12 18 1 100 1 1 12 11 1 100 1 12 11 1 100 1 1 12 10 1 8 1 12 10 1 7 1 12 10 1 1 12 10 10 1 1 1 1 1 1 1 1 1 1 1 1 1 1 100 1 12 10 1 100 1 1 12 10 16 1 1 12 10 15 1 16 1 12 18 1 7 1 1 12 10 1 1 12 10 15 1 16 1 12 18 1 1 12 10 1 100 1 1 12 10 1 12 10 1 12 10 1 8 1 100 1 12 10 1 12 10 1 1 12 10 1 1 12 10 15 1 12 18 1 1 1 1 1 1 1 1 1 1 1 12 9 1 7 1 12 10 1 100 1 7 1 1 12 10 1 1 12 10 1 12 11 1 12 11 1 12 10 1 7 1 1 12 10 1 1 12 10 15 16 18 12 11 1 1 1 1 1 1 1 1 1 1 1 12 10 1 100 1 8 1 8 10 12 9 1 12 10 10 12 10 1 7 1 1 12 10 11 1 12 10 1 12 10 1 12 10 1 12 10 11 1 1 12 10 1 1 12 10 1 12 10 1 7 1 12 10 1 12 10 1 1 12 9 12 9 1 7 1 1 12 11 1 12 10 1 1 12 10 1 1 1 1 1 1 1 1 1 1 1 1 1 1 1 1 1 1 7 1 1 12 10 1 12 10 1 1 12 10 11 1 1 12 10 1 12 10 1 12 10 1 7 1 1 12 10 1 100 1 1 12 10 1 100 12 10 1 1 11 1 1 1 12 11 1 1 12 10 1 1 12 10 1 12 10 1 1 1 1 1 1 1 1 7 11 1 12 9 12 9 12 10 12 9 12 9 1 1 12 10 1 12 10 1 1 1 1 12 9 1 12 10 12 10 1 1 1 1 7 1 1 12 10 1 1 1 1 12 9 1 12 11 12 10 1 12 10 1 1 12 10 12 10 12 11 11 1 1 12 10 1 1 1 12 9 10 10 1 7 12 10 10 1 1 1 1 12 10 1 1 1 1 12 10 1 12 10 1 10 1 100 1 8 10 1 8 1 8 10 1 1 12 10 1 12 10 1 16 1 12 10 15 1 1 12 18 1 1 12 11 1 7 1 1 1 1 1 8 1 8 1 100 1 1 12 10 1 8 1 7 1 12 9 1 12 10 1 100 1 1 12 10 1 1 12 10 1 1 12 10 1 100 1 8 1 12 10 1 8 10 1 1 12 10 1 12 10 1 1 12 10 1 1 1 12 10 1 7 10 1 8 1 1 12 10 1 8 1 8 1 1 12 10 1 8 1 8 1 1 1 1 1 12 10 1 1 12 10 1 1 1 12 11 1 12 11 10 1 12 11 1 12 10 1 1 1 1 12 10 1 1 12 10 8 12 9 10 1 7 1 100 1 1 12 10 1 1 12 10 12 10 12 10 1 1 1 1 1 1 1 1 12 10 1 12 10 1 12 10 10 10 10 10 10 10 10 1 1 12 10 1 7 10 1 1 12 10 1 7 1 1 12 10 1 12 10 1 8 1 7 1 1 12 10 1 1 12 10 1 1 12 10 1 12 10 1 12 10 1 1 1 1 1 1 1 16 1 1 12 10 15 16 1 1 12 18 1 1 12 10 1 1 1 12 10 15 1 12 18 1 1 1 12 10 15 18 1 1 12 10 10 10 1 100 12 11 11 1 16 1 1 12 10 15 1 16 1 1 12 18 1 1 12 11 1 1 1 1 1 1 1 1 12 10 11 1 12 10 1 1 12 11 11 10 1 12 10 1 1 12 10 1 1 1 1 1 1 1 1 12 10 1 1 1 1 1 12 10 9 1 12 10 1 1 12 10 1 12 10 1 1 1 1 1 1 1 1 1 1 1 1 10 10 12 9 10 1 12 10 15 18 10 1 12 10 15 18 1 1 12 10 1 1 12 10 1 12 10 1 1 12 10 1 12 10 8 1 1 12 10 11 10 1 1 12 10 1 1 12 10 1 1 1 1 1 1 1 12 10 15 18 10 10 1 1 12 10 1 7 1 1 12 10 1 1 1 1 1 1 1 1 8 1 12 10 1 1 12 10 12 10 1 12 10 1 1 12 10 1 1 12 10 15 16 18 1 1 12 10 1 12 10 1 12 10 10 1 12 10 1 1 12 10 1 1 1 1 1 1 1 1 1 12 10 15 18 1 12 10 15 18 1 1 7 11 1 12 10 15 18 11 1 12 10 15 18 1 1 1 1 1 1 1 12 10 1 100 10 1 1 1 1 10 12 10 1 12 10 12 10 12 10 1 7 1 12 10 1 1 1 1 1 12 10 15 18 1 12 9 1 8 1 12 10 1 1 12 10 1 12 9 1 1 1 1 1 1 12 9 1 12 10 15 16 1 12 18 1 7 11 1 1 10 10 1 12 10 10 1 12 10 10 10 1 100 1 8 10 1 1 12 10 1 100 1 7 1 12 10 1 1 12 10 1 12 10 1 12 10 10 1 12 10 1 1 1 1 1 12 10 15 18 10 1 1 1 7 12 10 1 12 10 1 12 10 12 10 12 9 1 1 12 10 1 100 1 12 10 1 100 1 1 12 10 1 100 10 12 9 1 7 1 1 12 10 1 8 1 8 8 1 1 1 1 1 1 1 1 1 12 10 1 1 7 12 11 1 8 1 12 10 1 100 10 1 1 12 11 1 1 12 9 1 1 12 10 1 12 10 1 1 12 10 1 8 1 100 1 1 12 10 1 100 1 1 12 10 1 12 10 1 100 1 16 1 12 10 15 1 12 18 10 1 1 12 10 1 1 12 10 1 12 10 1 8 1 8 1 1 1 1 1 1 1 1 1 8 1 1 8 10 1 1 12 10 1 1 12 10 1 12 10 1 1 7 1 12 10 12 9 1 12 10 12 9 1 12 10 12 9 12 10 1 12 10 1 12 10 1 12 9 1 7 1 12 9 10 1 12 9 1 1 1 1 1 1 12 9 1 12 9 1 1 1 1 1 12 10 10 1 12 10 1 1 1 10 1 12 10 10 10 1 12 10 1 12 10 12 10 1 1 12 10 10 1 1 12 10 12 9 10 1 1 12 10 1 12 10 1 1 1 1 12 10 5 0 10 1 12 10 1 1 12 10 1 1 12 10 1 12 10 1 1 12 10 1 1 1 1 1 1 1 1 8 10 1 8 1 8 1 12 10 1 8 1 8 1 1 10 1 12 10 1 1 12 10 12 10 1 12 10 1 100 1 12 10 1 100 1 12 10 12 10 1 7 1 12 10 1 12 10 15 1 1 12 18 1 1 12 10 1 7 1 12 10 15 18 1 8 1 1 12 10 1 1 12 11 12 10 1 1 12 11 1 100 1 100 1 12 10 1 12 10 1 12 11 1 1 1 1 1 1 1 1 1 1 1 7 10 1 1 12 10 11 10 1 1 1 1 12 10 1 1 1 1 7 12 10 1 7 1 1 12 10 1 100 1 12 10 1 1 1 1 7 1 1 12 10 1 100 10 1 1 100 1 12 11 1 12 11 1 12 10 1 7 1 12 10 1 7 10 1 1 1 1 1 12 10 1 12 10 10 1 100 10 1 1 1 1 12 9 1 1 7 12 10 1 12 10 1 1 1 12 10 1 1 12 10 1 12 11 11 1 12 10 1 12 10 11 1 1 12 10 12 10 1 12 10 1 1 1 1 1 12 10 1 1 12 10 1 1 12 10 1 12 10 1 12 10 1 1 1 1 1 12 10 10 1 1 1 12 10 1 1 1 1 12 10 12 9 1 12 10 1 1 7 1 1 12 10 1 12 10 1 7 1 100 10 1 1 1 1 1 1 1 12 10 1 12 10 1 1 1 1 1 1 1 7 10 1 1 12 10 1 100 1 1 12 10 1 12 10 1 1 100 1 12 10 1 12 10 1 12 10 1 1 1 12 9 1 1 12 10 10 15 1 16 18 1 1 12 11 1 8 1 7 1 12 10 1 7 1 1 12 10 10 12 10 15 12 18 12 10 15 18 1 1 1 1 1 1 1 1 1 1 1 1 1 1
staticfield groovy/lang/MetaClassImpl EMPTY_ARGUMENTS [Ljava/lang/Object; 0 [Ljava/lang/Object;
staticfield groovy/lang/MetaClassImpl METHOD_MISSING_ARGS [Ljava/lang/Class; 2 [Ljava/lang/Class;
staticfield groovy/lang/MetaClassImpl GETTER_MISSING_ARGS [Ljava/lang/Class; 1 [Ljava/lang/Class;
staticfield groovy/lang/MetaClassImpl SETTER_MISSING_ARGS [Ljava/lang/Class; 2 [Ljava/lang/Class;
staticfield groovy/lang/MetaClassImpl AMBIGUOUS_LISTENER_METHOD Lgroovy/lang/MetaMethod; groovy/lang/MetaClassImpl$DummyMetaMethod
staticfield groovy/lang/MetaClassImpl CACHED_CLASS_NAME_COMPARATOR Ljava/util/Comparator; java/util/Comparator$$Lambda$47
staticfield groovy/lang/MetaClassImpl PERMISSIVE_PROPERTY_ACCESS Z 0
staticfield groovy/lang/MetaClassImpl VM_PLUGIN Lorg/codehaus/groovy/vmplugin/VMPlugin; org/codehaus/groovy/vmplugin/v10/Java10
staticfield groovy/lang/MetaClassImpl SPECIAL_METHODS_MAP Ljava/lang/ClassValue; groovy/lang/MetaClassImpl$2
staticfield groovy/lang/MetaClassImpl PROP_NAMES Ljava/util/concurrent/ConcurrentMap; java/util/concurrent/ConcurrentHashMap
staticfield groovy/lang/MetaClassImpl NAME_INDEX_COPIER Lorg/codehaus/groovy/util/SingleKeyHashMap$Copier; groovy/lang/MetaClassImpl$$Lambda$307
staticfield groovy/lang/MetaClassImpl METHOD_INDEX_COPIER Lorg/codehaus/groovy/util/SingleKeyHashMap$Copier; groovy/lang/MetaClassImpl$$Lambda$308
ciInstanceKlass groovy/lang/MetaClassImpl$2 1 1 37 1 7 1 1 7 1 1 100 1 1 12 10 1 1 1 1 1 1 7 1 12 10 1 1 1 1 12 10 1 1 1 1 1 1 1 1
ciInstanceKlass groovy/lang/Tuple2 1 1 64 1 7 1 1 7 1 1 1 5 0 1 1 1 1 1 1 1 1 1 7 1 12 10 12 9 12 9 1 1 1 1 1 12 10 1 1 1 1 1 1 1 1 1 1 1 1 12 10 1 12 10 1 100 1 1 1 1 1 1 1 1 1 1
ciInstanceKlass io/restassured/config/RestAssuredConfig 1 1 289 7 10 7 10 7 10 7 10 7 10 7 10 7 10 7 10 7 10 7 10 7 10 7 10 7 10 7 10 7 10 7 10 7 10 7 10 10 10 7 10 9 8 10 8 8 8 8 8 8 8 8 8 8 8 8 8 8 8 8 8 11 8 7 10 8 8 8 8 8 8 10 10 11 11 11 11 7 11 11 7 1 1 1 1 1 1 1 1 1 1 1 1 1 1 1 1 1 1 1 1 1 1 1 1 1 1 1 1 1 1 1 1 1 1 1 1 1 1 1 1 1 1 1 1 1 1 1 1 1 1 1 1 1 1 1 1 1 1 1 1 1 1 1 1 1 1 1 1 1 1 1 1 1 1 1 1 1 1 1 1 1 1 1 1 1 1 1 1 1 1 1 1 1 1 1 1 1 1 1 1 1 1 1 1 1 1 1 1 1 1 1 1 1 1 1 1 100 1 1 1 1 1 1 1 1 1 1 12 1 1 1 1 1 1 1 1 1 1 1 1 1 1 1 1 1 12 1 12 1 7 12 1 1 1 1 1 1 1 1 1 1 1 1 1 1 1 1 1 7 12 1 1 12 1 1 1 1 1 1 12 12 100 12 100 12 12 1 12 12 1 1 1 1 1 1 1 1 1 1 1 1 1 1 1 1 1 1 1
ciInstanceKlass io/restassured/config/DecoderConfig$ContentDecoder 1 1 52 9 10 100 7 10 10 8 10 9 8 9 7 1 1 1 1 1 1 1 1 1 1 1 1 1 1 1 1 1 1 1 1 1 1 1 1 1 12 100 12 100 1 12 12 12 12 1 1 1 1 1
staticfield io/restassured/config/DecoderConfig$ContentDecoder GZIP Lio/restassured/config/DecoderConfig$ContentDecoder; io/restassured/config/DecoderConfig$ContentDecoder
staticfield io/restassured/config/DecoderConfig$ContentDecoder DEFLATE Lio/restassured/config/DecoderConfig$ContentDecoder; io/restassured/config/DecoderConfig$ContentDecoder
staticfield io/restassured/config/DecoderConfig$ContentDecoder $VALUES [Lio/restassured/config/DecoderConfig$ContentDecoder; 2 [Lio/restassured/config/DecoderConfig$ContentDecoder;
ciInstanceKlass org/codehaus/groovy/runtime/ArrayUtil 1 1 568 1 7 1 7 1 1 1 1 1 12 10 1 1 1 1 1 100 1 1 12 10 1 1 1 1 100 10 1 1 100 10 1 1 100 10 1 1 100 10 1 1 100 10 1 1 100 10 1 1 100 10 1 1 100 10 1 1 12 9 1 1 1 1 1 1 1 1 1 1 1 1 1 1 1 1 1 1 1 1 1 1 1 1 1 1 1 1 1 1 1 1 1 1 1 1 1 1 1 1 1 1 1 1 1 1 1 1 1 1 1 1 1 1 1 1 1 1 1 1 1 1 1 1 1 1 1 1 1 1 1 1 1 1 1 1 1 1 1 1 1 1 1 1 1 1 1 1 1 1 1 1 1 1 1 1 1 1 1 1 1 1 1 1 1 1 1 1 1 1 1 1 1 1 1 1 1 1 1 1 1 1 1 1 1 1 1 1 1 1 1 1 1 1 1 1 1 1 1 1 1 1 1 1 1 1 1 1 1 1 1 1 1 1 1 1 1 1 1 1 1 1 1 1 1 1 1 1 1 1 1 1 1 1 1 1 1 1 1 1 1 1 1 1 1 1 1 1 1 1 1 1 1 1 1 1 1 1 1 1 1 1 1 1 1 1 1 1 1 1 1 1 1 1 1 1 1 1 1 1 1 1 1 1 1 1 1 1 1 1 1 1 1 1 1 1 1 1 1 1 1 1 1 1 1 1 1 1 1 1 1 1 1 1 1 1 1 1 1 1 1 1 1 1 1 1 1 1 1 1 1 1 1 1 1 1 1 1 1 1 1 1 1 1 1 1 1 1 1 1 1 1 1 1 1 1 1 1 1 1 1 1 1 1 1 1 1 1 1 1 1 1 1 1 1 1 1 1 1 1 1 1 1 1 1 1 1 1 1 1 1 1 1 1 1 1 1 1 1 1 1 1 1 1 1 1 1 1 1 1 1 1 1 1 1 1 1 1 1 1 1 1 1 1 1 1 1 1 1 1 1 1 1 1 1 1 1 1 1 1 1 1 1 1 1 1 1 1 1 1 1 1 1 1 1 1 1 1 1 1 1 1 1 1 1 1 1 1 1 1 1 1 1 1 1 1 1 1 1 1 1 1 1 1 1 1 1 1 1 1 1 1 1 1 1 1 1 1 1 1 1 1 1 1 1 1 1 1 1 1 1 1 1 1 1 1 1 1 1 1 1 1 1 1 1 1 1 1 1 1 1 1 1 1 1 1 1 1 1 1 1 1 1 1 1 1 1 1 1 1 1 1 1 1 1 1 1 1 1 1 1 1 1 1 1 1 1 1
staticfield org/codehaus/groovy/runtime/ArrayUtil EMPTY [Ljava/lang/Object; 0 [Ljava/lang/Object;
ciInstanceKlass io/restassured/http/Header 1 1 82 10 8 10 9 9 7 10 10 10 10 10 100 10 10 8 10 7 100 1 1 1 1 1 1 1 1 1 1 1 1 1 1 1 1 1 1 1 1 1 100 1 1 1 1 1 1 1 100 1 1 12 1 7 12 12 12 1 12 12 100 12 12 12 1 12 1 12 1 1 1 1 1 1 1 1 1 1 1 1 1 1
ciInstanceKlass io/restassured/internal/RequestSpecificationImpl 1 1 3781 1 7 1 7 1 100 1 100 1 1 1 3 1 1 1 8 1 1 8 1 1 8 1 1 8 1 1 8 1 8 1 1 8 1 1 1 1 8 1 1 1 1 1 1 1 1 1 1 1 1 1 1 1 1 1 1 1 1 1 1 1 1 1 1 1 1 1 1 1 1 1 1 1 1 1 1 1 1 1 1 1 1 1 1 1 1 1 1 1 1 1 1 1 1 1 12 10 1 1 12 10 1 8 12 9 3 1 7 1 7 1 1 12 11 1 7 1 7 1 1 12 10 12 9 3 1 7 1 7 12 9 3 12 9 3 12 9 1 1 12 10 12 9 12 9 3 1 7 1 7 12 9 3 1 7 1 1 12 10 1 12 11 12 9 3 1 7 12 9 12 9 12 9 3 1 7 1 7 1 12 10 12 9 1 7 12 9 1 1 12 10 12 9 3 1 7 1 8 1 1 12 11 3 8 3 8 3 1 8 3 1 7 1 1 12 10 1 8 1 7 12 9 12 9 12 9 3 1 12 11 1 7 1 1 12 10 12 9 3 1 7 1 12 10 1 1 12 11 1 7 12 9 1 7 1 1 12 10 1 12 10 1 1 12 10 3 3 1 7 12 9 12 9 12 9 1 1 1 1 1 1 1 1 1 1 1 1 12 9 1 1 3 3 1 7 1 12 11 1 12 11 1 7 1 1 1 3 3 1 3 3 1 3 3 1 3 3 1 3 3 1 3 3 1 3 3 3 1 8 12 11 1 1 3 3 3 3 3 3 3 3 3 3 3 3 3 3 3 3 3 3 1 3 3 3 1 8 1 1 3 3 3 3 3 3 3 3 3 3 3 3 3 3 3 3 3 3 1 3 3 3 3 3 3 3 1 1 3 3 3 1 1 3 1 12 11 1 3 3 3 1 3 1 3 3 3 3 3 1 12 11 1 3 3 3 1 7 1 3 3 3 3 3 1 3 3 3 1 3 3 3 1 3 3 3 3 3 3 3 3 3 3 3 3 3 3 3 3 3 3 1 1 3 1 8 3 1 8 3 3 1 100 3 1 100 1 12 11 1 7 1 1 3 1 8 3 3 3 3 1 12 11 1 12 11 1 1 3 1 8 3 3 3 3 1 1 1 3 3 1 3 8 3 3 1 1 3 3 3 3 3 3 1 3 3 1 1 7 1 12 10 3 1 12 10 1 8 3 3 1 100 1 12 10 3 1 1 1 3 1 8 3 1 100 10 3 1 1 3 1 8 3 3 1 1 1 3 3 3 3 3 3 1 7 1 12 11 3 1 1 1 3 3 3 1 3 3 3 3 1 1 3 1 8 3 3 1 1 3 8 3 3 1 1 3 1 3 1 3 3 3 3 3 3 3 3 3 3 3 3 3 3 3 1 3 3 3 3 3 3 1 3 3 1 3 3 3 3 3 3 3 3 3 3 3 3 3 3 3 1 1 1 1 1 3 3 1 8 3 3 1 100 3 3 3 3 3 3 8 3 3 1 3 3 3 1 3 3 1 3 3 1 100 10 12 9 1 12 10 3 3 1 1 3 3 1 100 10 3 3 1 1 1 8 1 1 12 10 1 1 3 3 3 3 3 3 12 11 1 1 1 1 3 3 3 3 3 3 1 1 3 3 3 3 3 3 3 3 3 3 3 3 1 3 3 3 3 3 1 3 3 3 3 3 1 3 12 9 1 3 3 3 3 3 1 1 1 3 1 8 3 1 1 3 3 1 3 3 3 1 100 1 12 10 1 12 11 1 1 1 1 3 3 3 3 1 100 1 8 8 1 8 1 100 1 1 1 1 1 1 3 1 100 1 100 1 3 3 3 3 1 3 3 3 3 3 1 1 3 1 7 1 3 1 1 12 10 3 1 7 3 1 100 1 8 1 100 3 3 1 1 12 10 12 9 1 3 8 12 9 3 1 8 3 1 8 1 1 3 3 3 1 3 1 100 3 3 1 7 3 3 3 3 1 3 3 3 3 3 3 1 100 1 1 3 3 3 3 3 3 3 3 12 11 1 3 1 3 1 1 3 1 3 1 1 3 1 8 3 1 7 1 12 11 3 3 3 1 7 3 3 3 3 3 3 1 7 1 1 12 10 1 12 11 1 3 3 1 8 3 1 100 3 3 3 3 3 3 3 1 1 1 1 3 3 1 8 3 3 3 3 3 3 3 1 1 1 1 3 1 7 3 12 9 1 3 1 8 3 1 3 1 3 1 8 3 3 3 1 8 3 12 9 1 3 3 3 3 3 1 100 10 3 1 12 10 3 1 3 3 3 3 3 3 3 3 3 3 1 1 3 1 7 10 1 3 1 8 3 1 8 3 3 3 1 7 1 12 10 3 3 1 1 1 3 1 8 3 3 3 1 100 1 3 3 3 1 1 1 3 3 3 1 1 1 3 3 3 3 3 1 100 10 3 1 1 3 3 3 3 3 3 3 3 3 3 1 8 3 3 1 100 3 3 1 100 10 3 3 1 1 3 1 8 3 3 3 3 1 1 3 1 100 1 100 1 1 3 1 100 1 1 3 1 3 1 12 10 3 1 100 3 3 3 3 3 3 3 3 3 1 1 3 1 8 3 1 8 3 3 1 100 10 3 3 3 3 3 1 1 1 3 1 8 3 3 1 100 3 1 100 3 100 3 3 3 3 3 3 3 3 3 3 3 3 3 3 3 3 3 3 3 3 3 1 100 3 3 3 3 3 3 3 3 3 3 3 3 3 3 3 3 3 3 3 3 3 3 3 1 100 1 8 1 8 1 8 3 1 8 1 1 1 3 3 3 1 3 3 3 3 3 3 1 3 3 3 3 3 3 3 3 3 3 1 3 3 3 3 3 3 1 1 3 3 3 1 1 3 3 1 1 1 3 3 1 3 3 1 1 3 3 3 3 3 3 3 1 1 3 3 3 3 3 1 1 3 3 3 3 3 1 3 1 8 3 1 8 3 3 3 3 3 3 12 9 3 3 3 3 1 7 10 1 7 10 3 3 3 1 7 3 3 3 1 12 10 12 11 1 1 1 1 1 1 1 3 3 1 7 3 3 1 7 3 3 3 1 8 3 1 100 10 3 1 7 3 3 3 3 3 3 3 12 11 3 3 3 3 3 3 3 3 3 3 3 3 3 3 3 3 3 3 3 3 3 1 1 1 1 1 1 1 1 1 3 1 8 3 3 3 3 3 3 1 7 3 1 100 3 1 8 3 3 1 1 12 10 3 3 1 12 10 1 1 12 10 3 3 3 3 3 3 3 3 3 3 3 1 100 10 1 8 3 1 7 3 3 3 3 3 3 3 3 3 3 3 3 1 8 1 12 10 3 3 3 3 3 1 100 1 8 3 1 8 3 1 8 3 8 3 1 8 3 1 8 3 1 8 3 8 3 8 3 1 8 3 1 8 3 3 3 3 3 1 100 1 8 1 8 1 12 10 3 3 3 3 3 3 8 8 1 8 3 8 1 7 10 3 3 3 3 3 1 100 10 3 1 12 10 1 12 11 3 1 1 1 1 1 1 1 1 3 3 3 3 3 3 3 3 3 3 3 3 3 3 1 100 10 1 100 10 3 3 3 3 1 8 1 8 1 8 1 8 1 8 3 3 3 1 8 3 1 8 3 3 3 3 3 3 3 1 8 3 3 3 3 3 3 3 3 3 3 3 3 3 3 3 3 3 3 3 3 3 3 3 3 3 3 3 3 3 3 3 1 1 1 1 1 1 1 1 1 1 1 1 3 3 3 1 8 3 3 3 1 8 3 3 3 3 3 3 1 1 3 3 3 3 1 100 3 3 3 3 3 3 3 3 3 3 3 3 3 3 3 3 3 3 3 3 1 7 10 1 1 1 1 3 3 1 7 10 3 1 1 1 1 1 3 3 3 3 3 3 3 3 3 3 3 3 1 1 1 1 3 3 1 1 1 1 3 3 3 1 7 10 1 1 1 1 3 3 1 7 3 3 3 3 3 3 3 3 3 3 1 1 1 1 3 3 1 1 1 3 3 3 3 3 3 3 3 3 3 3 3 3 3 3 3 3 3 1 1 1 3 3 3 1 1 1 1 3 3 1 7 10 1 1 3 1 1 3 3 3 3 3 3 3 3 3 1 1 3 3 3 3 3 3 1 100 3 3 12 9 3 3 3 12 9 3 3 1 8 3 1 8 1 8 1 8 1 8 3 1 7 3 3 3 3 3 1 100 3 3 3 3 1 12 11 3 3 3 3 3 1 8 1 8 3 3 3 3 1 100 1 12 10 1 1 1 1 1 1 1 1 1 1 3 3 3 3 3 1 8 1 8 1 1 12 10 1 8 8 1 8 1 8 1 8 1 8 3 1 100 3 3 3 3 1 100 10 1 1 1 1 3 3 1 100 10 3 3 1 1 1 3 3 3 3 3 3 1 7 1 12 10 1 1 1 3 3 3 3 1 3 3 3 3 3 3 3 3 3 3 1 3 3 3 3 3 3 1 100 10 3 1 1 1 1 1 3 3 1 3 3 3 3 3 3 3 3 3 3 3 3 3 3 3 3 3 3 3 3 3 3 3 3 3 3 3 3 3 3 3 3 3 3 3 3 3 12 9 1 8 3 1 3 3 3 3 3 3 3 3 3 3 3 3 12 9 3 3 3 3 3 3 3 3 3 3 3 3 1 3 3 3 3 3 3 3 3 3 1 7 3 3 3 3 1 1 3 3 3 3 3 3 3 1 8 3 3 3 3 3 3 1 1 1 1 3 3 3 3 3 3 3 3 1 7 1 8 3 3 3 3 3 3 3 3 3 3 3 12 9 3 3 3 3 3 3 3 3 3 1 1 1 1 3 3 3 12 9 1 3 3 1 3 3 3 3 3 3 3 3 3 1 1 3 3 3 1 8 3 1 8 3 3 3 1 12 10 3 3 3 3 3 3 1 8 1 8 1 8 3 1 8 1 8 1 8 1 8 1 8 1 8 1 8 3 3 1 1 12 10 3 3 3 3 3 3 1 7 3 1 100 10 3 3 1 100 1 8 3 8 3 1 8 3 8 3 1 8 3 3 3 3 3 3 3 3 3 1 100 10 3 3 3 3 3 1 100 10 3 3 3 3 3 3 3 1 7 10 3 3 3 1 100 3 3 3 3 3 3 3 3 3 3 3 1 7 10 3 1 8 1 1 12 10 1 7 10 3 3 1 7 3 3 1 7 3 3 3 3 3 12 9 3 3 3 1 1 1 1 1 1 1 3 3 3 1 1 3 3 3 3 3 3 3 3 3 3 3 1 100 3 3 3 3 3 3 3 3 3 3 3 1 1 1 1 1 1 3 3 3 3 3 1 8 3 3 1 7 10 1 8 1 12 10 3 12 9 3 3 1 8 1 12 11 1 7 10 3 3 3 3 3 3 1 7 3 3 3 3 3 3 3 3 3 3 1 1 1 1 1 1 1 1 1 1 1 1 3 1 100 3 3 3 3 3 1 1 1 1 1 1 3 3 3 1 100 1 12 11 1 12 11 1 100 3 3 3 3 3 1 100 3 3 3 3 3 3 3 3 3 1 1 1 1 1 3 3 3 3 3 3 3 3 3 3 3 3 3 3 1 1 1 1 1 1 3 3 3 3 3 3 1 100 1 12 10 3 3 3 1 1 1 1 7 1 1 1 1 3 3 1 100 10 3 1 3 1 1 3 3 1 7 10 3 1 1 3 3 3 1 1 3 1 7 1 3 3 3 3 3 1 7 10 3 1 3 1 3 3 1 7 10 1 7 10 3 1 1 3 3 3 3 1 7 10 1 7 10 3 3 3 3 1 3 1 3 1 3 1 100 10 1 1 1 1 1 1 3 1 1 1 1 1 1 3 3 1 3 3 1 7 10 3 1 3 3 3 3 1 3 1 3 1 3 1 1 3 1 7 1 8 3 1 100 10 1 1 1 1 3 1 7 3 3 3 3 1 7 1 8 3 1 7 8 3 1 8 3 3 1 100 1 100 3 1 100 3 3 3 1 100 3 3 3 3 1 100 3 3 3 3 3 1 1 1 1 1 1 1 1 3 3 3 3 3 3 1 1 3 3 3 1 7 3 3 3 3 3 3 3 3 3 3 3 3 1 1 3 3 1 7 3 3 3 3 3 3 1 3 3 1 7 3 3 3 3 3 3 1 1 3 3 1 100 3 3 3 3 3 3 1 3 3 3 3 3 3 3 3 1 3 3 3 3 3 3 3 3 1 3 3 1 100 3 3 3 3 3 3 3 3 1 1 3 1 7 3 3 3 12 9 1 8 3 12 9 3 1 7 3 1 7 3 3 3 3 3 3 1 1 1 1 3 3 1 3 3 3 3 1 7 10 1 3 3 3 3 3 3 3 1 7 3 3 3 3 3 3 3 3 3 3 3 3 3 3 3 3 3 3 3 3 3 3 3 3 3 3 1 1 1 3 3 3 1 1 3 3 1 1 1 7 3 3 1 1 1 1 12 10 1 1 12 10 1 1 1 1 1 12 10 1 1 1 12 10 12 10 1 1 12 10 12 9 1 7 1 1 12 10 1 12 10 1 1 1 10 1 7 1 12 11 1 1 12 11 1 12 11 1 1 1 12 9 1 12 10 12 9 5 0 12 9 1 8 1 8 3 12 9 3 1 1 1 1 1 12 10 1 12 10 1 12 10 12 10 12 10 12 10 1 12 10 1 12 10 12 10 12 10 12 10 12 10 1 12 10 12 10 12 10 1 12 10 12 10 1 12 10 1 12 10 12 10 1 12 10 12 10 12 10 12 10 12 10 12 10 12 10 12 10 12 10 1 12 10 12 10 12 10 12 10 12 10 12 10 12 10 1 12 10 1 12 10 12 10 12 10 12 10 12 10 12 10 1 12 10 1 12 10 1 12 10 1 12 10 1 12 10 1 12 10 1 12 10 1 12 10 1 12 10 1 12 10 1 12 10 1 12 10 1 12 10 1 12 10 1 12 10 1 12 10 1 12 10 1 12 10 1 12 10 1 12 10 1 12 10 1 12 10 12 10 1 12 10 12 10 1 12 10 1 12 10 1 12 10 1 12 10 1 12 10 1 12 10 1 12 10 1 12 10 1 12 10 1 12 10 1 12 10 1 12 10 1 12 10 1 1 12 10 1 1 12 10 1 1 12 10 1 1 12 10 1 1 1 12 10 1 12 10 12 10 1 1 12 10 1 1 12 10 1 1 12 10 1 1 1 1 8 1 8 1 8 8 8 1 8 1 8 1 8 1 8 1 8 1 8 1 8 8 8 8 8 8 8 8 8 8 8 1 8 8 8 1 8 1 8 1 8 1 8 1 8 8 1 8 1 8 8 1 8 1 8 1 8 1 8 1 8 8 1 8 8 8 1 8 1 8 8 1 8 8 1 8 1 8 8 8 1 8 8 1 8 8 1 8 8 1 8 1 8 8 8 8 8 8 1 8 8 1 8 8 1 8 1 8 1 8 1 8 1 8 8 1 8 1 8 8 8 1 8 1 8 1 8 1 8 8 8 1 8 1 8 8 1 8 8 1 8 1 8 1 8 8 1 8 8 1 8 1 8 1 8 1 8 1 8 1 8 1 8 1 8 1 8 8 1 8 1 8 8 1 8 8 8 8 8 1 8 1 8 8 1 8 1 8 1 8 1 8 1 8 8 8 1 8 1 8 1 8 8 8 8 8 8 1 8 1 8 1 8 8 8 8 8 8 1 8 1 8 1 8 1 8 1 8 1 8 1 8 1 8 1 8 1 8 8 1 8 1 8 1 8 1 8 1 8 1 8 1 8 1 8 1 8 8 1 8 1 8 8 8 8 8 1 8 8 8 8 8 1 8 8 8 1 8 1 8 1 8 1 8 1 8 1 8 1 8 8 8 8 1 8 8 1 8 8 8 1 8 1 8 1 8 8 1 8 1 8 8 1 8 1 8 1 8 1 8 1 8 1 8 1 8 1 8 1 8 8 1 8 8 1 8 1 8 8 1 8 1 8 1 8 1 8 1 8 1 8 8 1 8 8 1 8 1 8 1 8 8 1 8 1 8 8 1 8 1 8 1 8 1 8 8 1 8 1 8 8 1 8 8 1 8 1 8 8 1 8 1 8 1 8 8 8 1 8 1 8 1 8 8 1 8 8 8 1 8 1 8 1 8 1 8 1 8 8 1 8 1 8 1 8 1 8 1 8 8 8 1 8 1 8 1 8 1 8 1 8 1 8 8 1 8 1 8 1 8 8 1 8 1 8 1 8 1 8 1 8 1 8 1 8 8 1 8 8 1 8 1 8 1 8 8 8 1 8 1 8 1 8 1 8 1 8 1 8 1 8 1 8 1 8 1 8 8 1 8 1 8 1 8 1 8 1 8 1 8 1 8 1 8 8 1 8 1 8 8 1 8 1 8 1 8 1 1 3 12 10 1 7 1 12 10 1 7 10 12 10 10 1 1 12 9 1 12 9 1 8 1 1 12 10 1 12 10 1 100 1 100 1 12 10 12 10 1 1 1 1 1 1 1 1 1 1 1 1 1 1 1 1 1 1 1 1 1
staticfield io/restassured/internal/RequestSpecificationImpl MULTIPART_CONTENT_TYPE_PREFIX_WITH_SLASH Ljava/lang/String; "multipart/"staticfield io/restassured/internal/RequestSpecificationImpl MULTIPART_CONTENT_TYPE_PREFIX_WITH_PLUS Ljava/lang/String; "multipart+"staticfield io/restassured/internal/RequestSpecificationImpl TEMPLATE_START Ljava/lang/String; "{"staticfield io/restassured/internal/RequestSpecificationImpl TEMPLATE_END Ljava/lang/String; "}"ciInstanceKlass org/codehaus/groovy/runtime/metaclass/ClosureMetaClass 1 1 644 1 7 1 7 1 1 7 1 1 7 1 7 1 1 100 1 1 100 1 100 1 1 1 1 1 1 1 1 1 1 1 1 1 1 1 1 1 1 1 8 1 1 8 1 1 1 7 1 1 12 10 1 12 10 12 9 1 7 1 100 12 9 1 7 1 1 1 1 12 10 1 7 1 12 10 12 9 1 7 12 10 12 9 1 1 1 1 1 1 1 1 12 10 1 1 1 1 7 1 12 10 1 1 1 1 1 12 9 1 1 12 11 1 7 1 1 1 1 1 1 12 9 1 7 1 1 12 11 1 7 1 1 12 11 1 1 12 10 1 7 1 1 12 10 1 8 1 7 1 1 12 11 1 12 10 1 7 1 12 10 1 1 12 10 1 12 10 1 1 12 10 1 12 10 1 1 1 1 1 1 1 1 1 1 1 1 1 7 1 100 1 12 10 1 100 1 100 10 1 8 1 1 12 10 1 8 1 1 12 10 1 12 10 1 1 12 10 1 7 1 1 12 10 12 10 1 1 12 10 1 1 12 10 7 100 12 10 1 100 1 1 12 11 1 1 12 10 12 9 1 12 10 1 1 12 10 10 1 1 12 10 1 12 10 1 12 10 12 10 1 7 1 1 12 10 1 12 10 1 7 1 12 11 1 1 12 10 12 10 12 11 1 1 1 1 1 1 1 1 1 1 1 1 1 1 1 1 1 1 1 1 1 1 1 12 10 1 8 1 8 1 8 1 8 1 8 12 9 1 1 1 12 10 1 100 12 10 1 1 1 1 1 7 1 12 10 1 12 10 1 1 1 1 1 1 1 1 1 100 1 1 12 11 1 8 1 1 12 11 1 1 12 9 1 7 1 1 12 10 1 100 1 100 1 12 10 12 9 1 1 1 1 12 10 1 1 12 10 1 100 1 7 10 1 1 12 10 1 12 10 1 1 12 10 1 1 1 1 12 10 1 1 12 10 1 1 12 10 16 1 1 12 10 15 1 7 1 1 12 10 15 1 12 18 1 100 10 1 12 10 15 18 1 1 12 10 15 1 12 18 1 1 12 10 15 1 12 18 1 12 10 15 18 1 12 10 1 12 10 1 1 1 1 1 1 1 11 12 10 1 1 1 1 1 1 12 10 1 12 10 1 1 12 11 1 1 1 1 12 10 1 12 9 1 12 10 1 1 12 9 10 1 12 10 11 10 1 1 1 12 11 12 10 1 12 11 10 12 10 1 1 1 1 12 11 10 1 1 12 10 1 1 12 11 10 1 1 1 100 10 1 1 1 1 1 1 1 1 1 1 1 1 1 1 1 1 1 1 1 1 1 1 1 1 7 1 12 10 1 1 1 1 1 12 10 12 10 1 1 12 10 1 1 12 9 1 100 10 1 12 10 1 1 1 1 1 1 12 10 1 1 1 1 12 10 1 1 1 1 1 1 12 10 1 1 1 1 1 1 1 1 1 1
staticfield org/codehaus/groovy/runtime/metaclass/ClosureMetaClass EMPTY_ARGUMENTS [Ljava/lang/Object; 0 [Ljava/lang/Object;
ciInstanceKlass org/codehaus/groovy/runtime/metaclass/ClosureMetaClass$1 1 1 44 1 7 1 7 1 1 100 1 1 12 1 1 1 1 1 1 12 9 12 9 1 12 10 1 1 1 1 1 1 1 7 12 10 1 1 1 1 1 1 1 1 1 1
ciInstanceKlass io/restassured/internal/RequestSpecificationImpl$_removeMergedHeadersIfNeeded_closure7 1 1 175 1 7 1 7 1 100 1 1 1 1 1 1 1 1 1 12 10 12 10 1 1 1 1 1 1 1 3 3 1 7 1 1 12 11 1 1 12 11 3 1 7 1 7 1 1 12 10 1 7 1 12 10 3 1 1 12 10 12 11 1 7 1 1 12 10 3 1 7 1 12 10 1 12 10 3 1 1 1 1 1 3 1 12 11 1 1 1 100 1 1 12 10 1 1 12 10 12 9 1 100 1 1 12 10 1 12 10 1 1 1 1 12 9 1 12 10 1 1 1 8 1 8 1 8 1 8 1 8 1 8 8 1 1 3 12 10 1 7 1 12 10 1 7 10 12 10 10 1 1 12 9 1 1 1 100 1 12 10 1 100 1 100 1 1 12 10 1 12 10 1 1 1 1 1
ciInstanceKlass groovy/lang/ProxyMetaClass 0 0 224 1 100 1 100 1 100 1 1 100 1 100 1 1 1 1 1 1 1 1 100 1 1 12 10 1 100 1 1 12 11 1 1 12 10 1 1 1 1 1 1 12 10 1 8 1 100 1 1 12 10 1 100 12 9 1 1 12 10 1 1 1 11 1 1 1 1 1 1 1 12 9 1 1 1 1 12 9 12 9 1 1 12 11 1 100 1 1 12 10 1 100 1 1 1 1 1 100 12 11 12 11 1 1 1 1 16 1 12 10 15 1 100 1 1 12 10 15 1 1 12 18 1 1 12 10 1 1 1 1 1 1 1 12 10 15 1 12 18 1 1 1 1 1 1 12 10 15 18 1 1 1 8 1 12 10 15 1 12 18 1 1 12 10 1 100 1 12 11 1 100 1 1 12 11 1 100 1 1 1 1 1 1 1 1 12 10 1 1 12 11 1 1 1 100 12 11 1 12 11 1 1 12 11 1 1 1 12 11 12 11 12 11 12 11 1 1 1 1 1 1 1 1 1
ciInstanceKlass org/codehaus/groovy/runtime/dgm$32 1 1 29 1 7 1 7 1 1 12 10 1 1 1 7 1 1 12 10 1 7 1 1 12 10 1 1 1 12 10 1
ciInstanceKlass org/apache/groovy/runtime/ObjectUtil 1 1 169 1 7 1 7 1 1 7 1 7 1 1 100 1 1 1 1 1 1 1 100 1 1 12 10 1 7 1 100 1 7 1 1 12 10 1 1 12 10 1 1 12 10 1 12 10 1 12 10 1 100 1 100 1 1 12 10 1 100 1 12 10 1 100 1 12 10 1 100 1 12 10 1 100 1 12 10 1 100 1 12 10 1 100 1 12 10 1 100 1 12 10 1 100 1 100 1 12 10 1 1 12 10 1 8 1 12 10 10 1 100 1 12 10 1 8 1 1 12 10 12 9 1 1 12 10 1 1 12 10 1 7 1 1 12 10 1 1 1 1 1 1 1 1 1 1 1 1 1 12 10 10 1 1 1 1 1 1 12 10 1 1 1 1 1 1 1 1 1
staticfield org/apache/groovy/runtime/ObjectUtil LOOKUP Ljava/lang/invoke/MethodHandles$Lookup; java/lang/invoke/MethodHandles$Lookup
ciInstanceKlass io/restassured/internal/RequestSpecificationImpl$_partiallyApplyPathParams_closure36 1 1 293 1 7 1 7 1 100 1 1 1 1 1 1 1 1 1 1 1 1 1 1 12 10 1 12 10 12 9 12 9 12 9 12 9 1 1 1 1 1 1 1 1 7 1 1 12 10 3 3 1 7 1 7 1 1 12 11 1 1 12 11 1 7 1 1 12 10 3 3 3 12 11 3 3 1 12 11 3 1 100 1 1 12 10 1 1 12 11 1 12 10 1 12 10 3 3 1 12 10 3 3 3 1 1 12 10 1 1 12 10 3 3 3 3 1 8 3 3 1 12 10 3 3 3 3 3 1 100 1 1 12 11 3 3 3 3 3 3 3 1 7 3 3 1 7 1 7 1 8 1 12 10 3 3 1 7 1 12 11 1 1 1 1 1 1 1 1 1 1 1 1 1 1 3 1 100 1 12 10 1 12 11 1 1 1 1 1 100 1 1 1 1 1 1 12 10 1 1 12 10 12 9 1 100 1 1 12 10 1 12 10 1 1 1 1 12 9 1 12 10 1 1 1 8 1 8 1 8 1 8 1 8 1 8 1 8 1 8 1 8 1 8 1 8 1 8 1 8 8 1 1 3 12 10 1 7 1 12 10 1 7 10 12 10 12 10 1 1 12 9 1 1 1 100 1 12 10 1 100 1 100 1 1 12 10 1 12 10 1 1 1 1 1
ciInstanceKlass java/lang/CharacterData00 1 1 250 9 9 9 9 10 10 3 3 3 3 3 3 3 3 3 3 3 3 3 3 3 3 3 3 3 3 3 3 3 3 3 3 3 3 3 3 3 3 3 3 3 3 3 3 3 3 3 3 3 3 3 3 3 3 3 3 3 3 3 3 3 3 3 3 3 3 3 3 3 3 3 3 3 3 3 3 3 3 3 3 3 3 3 3 3 3 3 3 3 3 3 3 3 3 3 3 3 3 3 3 3 3 3 3 3 10 100 3 3 3 3 10 9 10 7 10 9 10 9 8 10 8 8 7 7 3 3 3 3 3 3 3 3 3 3 3 3 8 100 10 7 1 1 1 1 1 1 1 1 1 1 1 1 1 1 1 1 1 1 1 1 1 1 1 1 1 1 1 1 1 1 1 1 1 1 1 1 1 1 1 1 1 1 1 1 1 1 1 1 1 1 1 1 1 1 1 1 1 1 1 1 1 1 1 1 1 1 1 1 1 1 1 1 1 1 1 1 1 12 12 12 12 12 12 12 1 12 12 12 1 7 12 12 12 1 7 12 1 1 1 1 1 1 1 1 1 1 1 1
staticfield java/lang/CharacterData00 instance Ljava/lang/CharacterData00; java/lang/CharacterData00
staticfield java/lang/CharacterData00 charMap [[[C 103 [[[C
staticfield java/lang/CharacterData00 X [C 2048
staticfield java/lang/CharacterData00 Y [C 5872
staticfield java/lang/CharacterData00 A [I 938
staticfield java/lang/CharacterData00 B [C 938
staticfield java/lang/CharacterData00 $assertionsDisabled Z 1
ciInstanceKlass groovy/json/JsonException 0 0 29 1 100 1 100 1 1 1 12 10 1 1 1 12 10 1 1 1 12 10 1 1 1 12 10 1 1 1 1
ciInstanceKlass groovy/json/JsonLexer 1 1 266 1 7 1 1 7 1 100 1 1 1 3 1 3 1 3 1 3 1 3 1 3 1 3 1 3 1 1 1 1 1 1 12 9 1 1 1 1 1 12 10 12 9 1 7 1 100 12 10 1 1 1 1 100 1 1 12 10 1 7 1 1 12 10 1 100 1 7 10 1 8 1 1 12 10 1 1 12 10 1 12 10 1 8 1 12 10 1 8 1 12 10 1 8 1 1 12 10 1 12 10 1 12 10 1 7 10 1 1 12 10 1 12 10 1 12 10 1 12 10 1 1 12 10 1 8 1 12 10 1 12 10 1 1 12 9 1 12 9 1 1 12 10 1 12 9 1 8 10 1 12 10 1 12 10 1 1 12 10 1 1 12 10 1 1 12 10 1 12 9 1 1 12 10 1 7 1 1 12 10 1 8 1 12 10 1 1 1 1 1 1 1 1 1 1 1 1 1 1 1 1 1 1 1 8 1 12 10 1 1 7 1 12 10 1 1 1 12 10 10 1 12 10 1 12 10 1 1 12 10 1 12 10 1 100 1 1 1 1 7 1 1 12 10 1 1 1 1 12 10 1 1 1 100 1 8 10 12 10 1 1 1 1 1 1 1
ciInstanceKlass groovy/io/LineColumnReader 1 1 115 1 7 1 7 1 1 1 1 1 1 1 1 1 1 12 10 12 9 12 9 12 9 12 9 12 9 1 1 1 1 1 1 1 7 12 10 1 1 1 1 12 10 1 1 12 10 10 10 1 1 1 1 10 1 1 1 1 1 1 1 1 1 100 12 10 12 10 1 12 10 1 100 1 1 12 10 1 1 1 1 1 1 1 12 10 1 1 100 1 8 1 12 10 1 1 1 12 10 1 1 1 1 1 1 1 1 1 1 1 1 1 1 1 1
ciInstanceKlass groovy/json/JsonTokenType 1 1 189 1 7 1 1 7 1 1 7 1 1 1 1 1 1 1 1 1 1 1 1 1 1 1 1 1 1 1 1 12 9 7 1 1 12 10 1 1 1 12 10 1 1 1 1 1 12 10 12 9 12 9 1 1 1 1 7 1 1 12 10 1 7 1 1 12 10 1 7 1 1 12 10 1 7 1 12 10 1 100 1 1 12 10 1 1 1 1 12 9 12 9 12 9 12 9 12 9 12 9 12 9 12 9 12 9 12 9 12 9 1 1 1 1 1 1 1 1 8 1 8 1 8 12 10 8 1 8 1 8 8 1 8 1 8 8 1 8 1 8 8 1 8 1 8 8 1 8 1 8 8 1 8 1 8 8 1 8 1 8 8 1 8 1 8 8 1 8 1 8 1 1 12 10 8 1 8 1 12 10 12 10 1 1 1 1 1 1 1
staticfield groovy/json/JsonTokenType OPEN_CURLY Lgroovy/json/JsonTokenType; groovy/json/JsonTokenType
staticfield groovy/json/JsonTokenType CLOSE_CURLY Lgroovy/json/JsonTokenType; groovy/json/JsonTokenType
staticfield groovy/json/JsonTokenType OPEN_BRACKET Lgroovy/json/JsonTokenType; groovy/json/JsonTokenType
staticfield groovy/json/JsonTokenType CLOSE_BRACKET Lgroovy/json/JsonTokenType; groovy/json/JsonTokenType
staticfield groovy/json/JsonTokenType COLON Lgroovy/json/JsonTokenType; groovy/json/JsonTokenType
staticfield groovy/json/JsonTokenType COMMA Lgroovy/json/JsonTokenType; groovy/json/JsonTokenType
staticfield groovy/json/JsonTokenType NULL Lgroovy/json/JsonTokenType; groovy/json/JsonTokenType
staticfield groovy/json/JsonTokenType TRUE Lgroovy/json/JsonTokenType; groovy/json/JsonTokenType
staticfield groovy/json/JsonTokenType FALSE Lgroovy/json/JsonTokenType; groovy/json/JsonTokenType
staticfield groovy/json/JsonTokenType NUMBER Lgroovy/json/JsonTokenType; groovy/json/JsonTokenType
staticfield groovy/json/JsonTokenType STRING Lgroovy/json/JsonTokenType; groovy/json/JsonTokenType
staticfield groovy/json/JsonTokenType $VALUES [Lgroovy/json/JsonTokenType; 11 [Lgroovy/json/JsonTokenType;
ciInstanceKlass groovy/json/JsonTokenType$1 1 1 59 1 7 1 7 1 1 100 1 1 1 1 1 12 10 1 8 1 7 1 1 12 10 12 9 1 8 12 9 1 1 1 1 1 1 1 1 12 10 1 8 1 7 1 1 12 10 1 1 12 10 1 1 1 1 1 1 1 1
ciInstanceKlass groovy/json/JsonToken 1 1 191 1 7 1 7 1 1 1 1 1 1 1 1 1 1 1 1 1 1 1 1 1 12 10 1 1 1 1 12 9 1 7 1 12 9 12 9 1 7 1 1 12 10 1 8 1 1 12 10 1 12 9 1 8 1 1 12 10 1 8 1 8 1 100 1 12 10 1 7 10 12 9 1 1 12 10 12 9 1 12 10 1 7 1 1 12 10 12 9 12 9 1 1 12 10 1 100 1 12 10 1 12 9 1 100 1 12 10 1 12 9 1 12 9 1 100 1 100 10 1 8 1 1 12 10 1 8 12 9 1 12 10 1 8 12 9 1 1 12 10 10 1 1 8 1 12 10 1 8 1 8 1 8 12 9 12 9 1 8 1 1 1 1 1 1 1 1 1 1 1 1 1 1 1 1 5 0 1 12 10 5 0 5 0 5 0 1 1 1 1 1
staticfield groovy/json/JsonToken MAX_LONG Ljava/math/BigInteger; java/math/BigInteger
staticfield groovy/json/JsonToken MIN_LONG Ljava/math/BigInteger; java/math/BigInteger
staticfield groovy/json/JsonToken MAX_INTEGER Ljava/math/BigInteger; java/math/BigInteger
staticfield groovy/json/JsonToken MIN_INTEGER Ljava/math/BigInteger; java/math/BigInteger
ciInstanceKlass groovy/lang/MetaClassImpl$InvokeMethodResult 1 1 50 1 7 1 1 7 1 1 100 1 1 1 1 1 1 1 12 9 100 1 1 12 10 1 1 1 12 10 1 1 1 1 1 12 10 1 1 12 9 1 8 10 12 10 1 1 1 1 1 1
staticfield groovy/lang/MetaClassImpl$InvokeMethodResult NONE Lgroovy/lang/MetaClassImpl$InvokeMethodResult; groovy/lang/MetaClassImpl$InvokeMethodResult
staticfield groovy/lang/MetaClassImpl$InvokeMethodResult $VALUES [Lgroovy/lang/MetaClassImpl$InvokeMethodResult; 1 [Lgroovy/lang/MetaClassImpl$InvokeMethodResult;
ciInstanceKlass groovy/json/StringEscapeUtils 1 1 156 1 7 1 7 1 1 1 12 10 1 1 1 1 1 1 12 10 1 1 1 1 100 1 12 10 1 1 1 1 7 1 7 1 1 12 10 1 12 10 1 1 12 10 1 100 1 12 10 1 1 1 1 1 1 1 100 1 8 1 12 10 1 1 12 10 1 7 10 1 8 1 1 12 10 1 1 12 10 10 1 7 1 12 10 1 8 1 8 12 10 1 8 1 1 1 1 1 1 1 100 1 1 12 10 1 100 1 1 12 9 1 1 12 10 1 12 10 1 100 10 1 12 10 10 1 1 12 10 1 12 10 1 8 1 12 10 1 12 10 1 1 1 1 1 1 1 1 12 10 1 1 1 1 1 1
ciInstanceKlass io/restassured/internal/RequestSpecificationImpl$_applyContentDecoders_closure21 1 1 130 1 7 1 7 1 100 1 1 1 1 1 1 1 1 1 12 10 12 10 1 1 1 1 1 1 1 3 1 7 3 1 7 1 12 11 1 12 11 1 1 1 1 100 1 1 12 10 1 100 1 1 12 10 12 9 1 100 1 1 12 10 1 12 10 1 1 1 1 12 9 1 12 10 1 1 1 8 1 8 1 1 3 1 7 12 10 1 7 1 12 10 1 7 1 1 12 10 12 10 1 12 10 1 1 12 9 1 1 1 100 1 12 10 1 100 1 100 1 1 12 10 1 12 10 1 1 1 1 1
ciInstanceKlass io/restassured/internal/RequestSpecificationImpl$_setRequestHeadersToHttpBuilder_closure23 1 1 169 1 7 1 7 1 100 1 1 1 1 1 1 1 1 1 1 1 12 10 1 12 10 12 9 1 1 1 1 1 1 1 3 1 7 1 12 11 3 3 1 7 1 1 12 10 1 12 11 1 7 1 1 12 10 1 100 3 1 100 1 1 12 10 3 3 3 1 12 11 3 1 1 1 1 1 1 1 1 1 1 12 10 1 1 12 10 12 9 1 100 1 1 12 10 1 12 10 1 1 1 1 12 9 1 12 10 1 1 1 8 1 8 1 8 8 1 8 1 8 1 8 1 1 3 1 7 12 10 1 7 1 12 10 1 7 10 12 10 1 12 10 1 1 12 9 1 1 1 100 1 12 10 1 100 1 100 1 1 12 10 1 12 10 1 1 1 1 1
ciInstanceKlass io/restassured/internal/http/ContentTypeSubTypeExtractor$_getSubTypeValueFromContentType_closure1 1 1 209 1 7 1 7 1 100 1 1 1 1 1 1 1 1 1 1 1 1 1 12 10 1 12 10 12 9 12 9 12 9 1 1 1 1 1 1 1 3 1 7 1 7 1 1 12 10 1 7 1 1 12 11 1 7 1 1 12 10 3 1 8 1 12 11 1 7 1 1 12 10 3 1 12 11 1 7 1 1 12 10 1 12 10 3 3 3 12 11 3 3 1 12 11 1 1 12 10 3 1 8 3 1 1 1 1 1 1 7 1 1 12 10 1 12 10 1 1 1 100 1 1 12 10 1 1 12 10 12 9 1 100 1 1 12 10 1 12 10 1 1 1 1 12 9 1 12 10 1 1 1 8 1 8 1 8 1 8 1 8 1 8 1 8 1 8 1 1 3 12 10 1 7 1 12 10 1 7 10 12 10 12 10 1 1 12 9 1 1 1 100 1 12 10 1 100 1 100 1 12 10 1 12 10 1 1 1 1 1
ciInstanceKlass io/restassured/internal/ResponseSpecificationImpl$_statusCode_closure3 1 1 138 1 7 1 7 1 100 1 1 1 1 1 1 1 1 1 1 1 12 10 1 12 10 12 9 1 1 1 1 1 1 1 1 7 1 1 12 10 1 7 1 12 10 8 1 7 1 1 12 10 1 1 1 1 100 1 1 12 10 12 10 1 1 1 100 1 1 12 10 1 1 12 10 12 9 1 100 1 1 12 10 1 12 10 1 1 1 1 12 9 1 12 10 1 1 3 1 7 1 7 1 12 10 1 7 10 12 10 1 12 10 1 1 12 9 1 1 1 100 1 12 10 1 100 1 100 1 1 12 10 1 12 10 1 1 1 1 1
ciInstanceKlass io/restassured/internal/ResponseSpecificationImpl$_body_closure11 1 1 255 1 7 1 7 1 100 1 1 1 1 1 1 1 1 1 1 1 1 1 1 12 10 1 12 10 12 9 12 9 12 9 12 9 1 1 1 1 1 1 1 3 3 1 7 1 12 11 3 1 7 1 7 8 3 3 1 7 1 1 12 10 1 1 12 11 1 12 11 8 1 8 3 1 7 1 1 12 10 1 1 12 11 1 12 11 1 7 1 1 12 10 1 12 10 12 9 1 12 10 3 1 12 11 1 7 1 1 12 10 1 1 12 10 3 1 100 3 1 100 1 12 11 1 12 11 3 1 100 1 12 10 10 3 3 3 3 1 1 1 1 1 100 1 1 12 10 1 1 1 100 1 1 1 7 1 1 1 100 12 10 1 1 1 1 12 10 1 1 12 10 12 9 1 100 1 1 12 10 1 12 10 1 1 1 1 12 9 1 12 10 1 1 1 8 1 8 1 8 1 8 1 8 1 8 1 8 1 8 1 8 1 1 3 12 10 1 7 1 12 10 1 7 10 12 10 1 12 10 1 1 12 9 1 1 1 100 1 12 10 1 100 1 100 1 12 10 1 12 10 1 1 1 1 1
ciInstanceKlass java/lang/invoke/LambdaForm$DMH 1 1 30 1 7 1 100 1 1 1 1 1 1 1 8 1 7 1 1 12 10 1 7 1 7 1 1 12 10 1 1 1
ciInstanceKlass java/lang/invoke/LambdaForm$MH 1 1 22 1 7 1 100 1 1 1 1 1 1 1 8 1 7 1 1 12 10 1 1 1
ciInstanceKlass groovy/lang/MetaClassImpl$$Lambda$560 1 1 41 1 7 1 7 1 100 1 1 1 1 1 1 1 1 1 12 10 12 9 12 9 12 9 1 1 12 10 1 1 1 1 100 1 100 1 1 12 10 1 1
ciMethod org/codehaus/groovy/runtime/ArrayUtil cloneArray ([Ljava/lang/Object;)[Ljava/lang/Object; 0 0 1 0 -1
ciMethod org/codehaus/groovy/runtime/ArrayUtil cloneArray ([B)[B 0 0 1 0 -1
ciMethod org/codehaus/groovy/runtime/ArrayUtil cloneArray ([S)[S 0 0 1 0 -1
ciMethod org/codehaus/groovy/runtime/ArrayUtil cloneArray ([I)[I 0 0 1 0 -1
ciMethod org/codehaus/groovy/runtime/ArrayUtil cloneArray ([C)[C 0 0 1 0 -1
ciMethod org/codehaus/groovy/runtime/ArrayUtil cloneArray ([J)[J 0 0 1 0 -1
ciMethod org/codehaus/groovy/runtime/ArrayUtil cloneArray ([F)[F 0 0 1 0 -1
ciMethod org/codehaus/groovy/runtime/ArrayUtil cloneArray ([D)[D 0 0 1 0 -1
ciMethod org/codehaus/groovy/runtime/ArrayUtil cloneArray ([Z)[Z 0 0 1 0 -1
ciMethod org/codehaus/groovy/runtime/metaclass/ClosureMetaClass unwrap ([Ljava/lang/Object;)V 2097 3721 1570 0 -1
ciMethod org/codehaus/groovy/runtime/metaclass/ClosureMetaClass pickClosureMethod ([Ljava/lang/Class;)Lgroovy/lang/MetaMethod; 1369 1 1021 0 -1
ciMethod org/codehaus/groovy/runtime/metaclass/ClosureMetaClass getDelegateMethod (Lgroovy/lang/Closure;Ljava/lang/Object;Ljava/lang/String;[Ljava/lang/Class;)Lgroovy/lang/MetaMethod; 625 1 465 0 -1
ciMethod org/codehaus/groovy/runtime/metaclass/ClosureMetaClass invokeMethod (Ljava/lang/Class;Ljava/lang/Object;Ljava/lang/String;[Ljava/lang/Object;ZZ)Ljava/lang/Object; 2097 1 1570 0 -1
ciMethod org/codehaus/groovy/runtime/metaclass/ClosureMetaClass isInternalMethod (Ljava/lang/String;)Z 0 0 1 0 -1
ciMethod org/codehaus/groovy/runtime/metaclass/ClosureMetaClass makeArguments ([Ljava/lang/Object;Ljava/lang/String;)[Ljava/lang/Object; 2097 1 1570 0 -1
ciMethod org/codehaus/groovy/runtime/metaclass/ClosureMetaClass invokeOnDelegationObjects (ZLjava/lang/Object;ZLjava/lang/Object;Ljava/lang/String;[Ljava/lang/Object;)Ljava/lang/Object; 17 1 13 0 -1
ciMethod org/codehaus/groovy/runtime/metaclass/ClosureMetaClass getProperty (Ljava/lang/Class;Ljava/lang/Object;Ljava/lang/String;ZZ)Ljava/lang/Object; 0 0 1 0 -1
ciMethod org/apache/groovy/runtime/ObjectUtil cloneObject (Ljava/lang/Object;)Ljava/lang/Object; 9 1 12 0 0
ciMethod java/lang/CharacterData00 getProperties (I)I 201 1 25 0 -1
ciMethod java/lang/CharacterData00 isWhitespace (I)Z 185 1 23 0 0
ciMethod groovy/json/JsonLexer nextToken ()Lgroovy/json/JsonToken; 2049 9473 6603 0 -1
ciMethod groovy/json/JsonLexer throwJsonException (Ljava/lang/String;Lgroovy/json/JsonTokenType;)V 0 0 1 0 -1
ciMethod groovy/json/JsonLexer unescape (Ljava/lang/String;)Ljava/lang/String; 761 1 2587 0 0
ciMethod groovy/json/JsonLexer readingConstant (Lgroovy/json/JsonTokenType;Lgroovy/json/JsonToken;)Lgroovy/json/JsonToken; 1041 1 3797 0 0
ciMethod groovy/json/JsonLexer skipWhitespace ()I 2049 2049 6607 0 0
ciMethod groovy/io/LineColumnReader mark (I)V 545 1 7542 0 0
ciMethod groovy/io/LineColumnReader reset ()V 889 1 13391 0 0
ciMethod groovy/io/LineColumnReader read ()I 3193 1 13733 0 1504
ciMethod groovy/io/LineColumnReader read ([CII)I 2585 3329 3921 0 0
ciMethod groovy/io/LineColumnReader read ([C)I 2585 1 3917 0 0
ciMethod groovy/io/LineColumnReader getColumn ()J 1025 1 128 0 0
ciMethod groovy/io/LineColumnReader getLine ()J 1025 1 128 0 0
ciMethod groovy/json/JsonTokenType matching (Ljava/lang/String;)Z 865 1 2787 0 0
ciMethod groovy/json/JsonTokenType startingWith (C)Lgroovy/json/JsonTokenType; 1905 1 5418 0 -1
ciMethod groovy/json/JsonTokenType getValidator ()Ljava/lang/Object; 1041 1 130 0 0
ciMethod groovy/json/JsonToken <init> ()V 1905 1 6584 0 0
ciMethod groovy/json/JsonToken setStartLine (J)V 1025 1 128 0 0
ciMethod groovy/json/JsonToken setEndLine (J)V 1025 1 128 0 0
ciMethod groovy/json/JsonToken getStartColumn ()J 1025 1 128 0 0
ciMethod groovy/json/JsonToken setStartColumn (J)V 1025 1 128 0 0
ciMethod groovy/json/JsonToken setEndColumn (J)V 1057 1 132 0 0
ciMethod groovy/json/JsonToken setType (Lgroovy/json/JsonTokenType;)V 1025 1 128 0 0
ciMethod groovy/json/JsonToken setText (Ljava/lang/String;)V 1057 1 132 0 0
ciMethod groovy/json/StringEscapeUtils unescapeJava (Ljava/lang/String;)Ljava/lang/String; 761 1 2909 0 0
ciMethod groovy/json/StringEscapeUtils unescapeJava (Ljava/io/Writer;Ljava/lang/String;)V 2145 26105 2910 0 -1
ciMethod groovy/json/StringEscapeUtils unescapeJavaScript (Ljava/lang/String;)Ljava/lang/String; 761 1 2908 0 0
ciMethodData groovy/lang/MetaClassImpl invokeMethod (Ljava/lang/Object;Ljava/lang/String;[Ljava/lang/Object;)Ljava/lang/Object; 2 8122 orig 80 63 1 0 0 0 0 0 0 0 0 0 0 0 0 0 0 0 0 0 0 0 0 0 0 0 0 0 0 0 0 0 0 0 0 0 0 0 0 0 0 0 0 0 0 0 0 0 0 0 0 0 0 0 0 0 0 0 0 0 0 0 0 0 0 0 0 0 0 0 0 0 0 0 0 0 0 0 0 0 0 data 19 0xa0005 0x0 0x0 0x1c87baf11d0 0x418 0x1c87baf1280 0x1a63 0x0 0x0 0x0 0x0 0x0 0x0 0x9 0x4 0x0 0x0 0x0 0x0 oops 2 3 org/codehaus/groovy/runtime/metaclass/ClosureMetaClass 5 groovy/lang/MetaClassImpl methods 0
ciMethodData java/io/BufferedReader read ()I 2 13954 orig 80 16 1 0 0 0 0 0 0 0 0 0 0 0 0 0 0 0 0 0 0 0 0 0 0 0 0 0 0 0 0 0 0 0 0 0 0 0 0 0 0 0 0 0 0 0 0 0 0 0 0 0 0 0 0 0 0 0 0 0 0 0 0 0 0 0 0 0 0 0 0 0 0 0 0 0 0 0 0 0 0 data 47 0x80005 0x3572 0x0 0x0 0x0 0x0 0x0 0x130007 0x353f 0x78 0x33 0x170005 0x33 0x0 0x0 0x0 0x0 0x0 0x220007 0x1d 0x20 0x16 0x2d0007 0x355c 0x58 0x0 0x400007 0x0 0x38 0x0 0x4d0003 0x0 0xffffffffffffff48 0x0 0x0 0x0 0x0 0x0 0x0 0x0 0x0 0x0 0x0 0x0 0x9 0x1 0x0 oops 0 methods 0
ciMethodData groovy/lang/MetaClassImpl invokeMethod (Ljava/lang/Class;Ljava/lang/Object;Ljava/lang/String;[Ljava/lang/Object;ZZ)Ljava/lang/Object; 2 7149 orig 80 130 1 0 0 0 0 0 0 0 0 0 0 0 0 0 0 0 0 0 0 0 0 0 0 0 0 0 0 0 0 0 0 0 0 0 0 0 0 0 0 0 0 0 0 0 0 0 0 0 0 0 0 0 0 0 0 0 0 0 0 0 0 0 0 0 0 0 0 0 0 0 0 0 0 0 0 0 0 0 0 data 185 0xa0002 0x1a6b 0x140004 0xffffffffffffffff 0x0 0x0 0x0 0x0 0x0 0x170007 0x1 0x108 0x0 0x1b0004 0x0 0x0 0x0 0x0 0x0 0x0 0x1e0002 0x0 0x23000a 0x0 0x3 0x0 0x0 0x0 0x280005 0x0 0x0 0x0 0x0 0x0 0x0 0x2b0004 0x0 0x0 0x0 0x0 0x0 0x0 0x310005 0x1 0x0 0x0 0x0 0x0 0x0 0x380007 0x1 0x178 0x0 0x3d0007 0x0 0x20 0x0 0x480005 0x0 0x0 0x0 0x0 0x0 0x0 0x4e0002 0x0 0x55000a 0x0 0x5 0x0 0x0 0x1 0x0 0x0 0x5a0002 0x0 0x610007 0x0 0x20 0x0 0x6a0005 0x0 0x0 0x0 0x0 0x0 0x0 0x6f0005 0x0 0x0 0x0 0x0 0x0 0x0 0x7b0002 0x0 0x830005 0x1 0x0 0x0 0x0 0x0 0x0 0x860007 0x1 0x60 0x0 0x8c0007 0x0 0x40 0x0 0x900002 0x0 0x9c0002 0x0 0xa20007 0x1 0x38 0x0 0xa60003 0x0 0x18 0xae0007 0x0 0x80 0x1 0xb10002 0x1 0xb60005 0x1 0x0 0x0 0x0 0x0 0x0 0xbb0003 0x1 0x18 0xcc0002 0x1 0xd5000a 0x0 0x5 0x1 0x0 0x2 0x0 0x1c87e807b90 0xda0002 0x1 0xe10007 0x0 0x20 0x1 0xea0005 0x0 0x0 0x0 0x0 0x0 0x0 0xef0005 0x0 0x0 0x0 0x0 0x0 0x0 0xfb0002 0x0 0x0 0x0 0x0 0x0 0x0 0x0 0x9 0x7 0x0 0x0 0x0 0x0 0x0 0x0 0x0 oops 1 147 groovy/lang/MetaClassImpl$$Lambda$560 methods 0
ciMethodData groovy/lang/MetaClassImpl doInvokeMethod (Ljava/lang/Class;Ljava/lang/Object;Ljava/lang/String;[Ljava/lang/Object;ZZ)Ljava/lang/Object; 2 10836 orig 80 133 1 0 0 0 0 0 0 0 0 0 0 0 0 0 0 0 0 0 0 0 0 0 0 0 0 0 0 0 0 0 0 0 0 0 0 0 0 0 0 0 0 0 0 0 0 0 0 0 0 0 0 0 0 0 0 0 0 0 0 0 0 0 0 0 0 0 0 0 0 0 0 0 0 0 0 0 0 0 0 data 645 0x10005 0x0 0x0 0x1c87baf1280 0x28ce 0x0 0x0 0x50007 0x28ce 0x120 0x0 0x100002 0x0 0x160005 0x0 0x0 0x0 0x0 0x0 0x0 0x1a0005 0x0 0x0 0x0 0x0 0x0 0x0 0x200005 0x0 0x0 0x0 0x0 0x0 0x0 0x230005 0x0 0x0 0x0 0x0 0x0 0x0 0x260002 0x0 0x2c0007 0x28ce 0x38 0x0 0x320003 0x0 0x18 0x410002 0x28ce 0x470004 0xffffffffffffe5cd 0x0 0x1c87a959590 0x7a 0x1c87a959640 0xe 0x4e0007 0x1a33 0x10f8 0xe9b 0x520004 0x0 0x0 0x1c87baf1120 0xe7 0x1c87ba8ac80 0xdaa 0x590005 0xa 0x0 0x1c87baf1120 0xe7 0x1c87ba8ac80 0xdaa 0x610005 0xe9b 0x0 0x0 0x0 0x0 0x0 0x640007 0x0 0x78 0xe9b 0x6a0005 0xe9b 0x0 0x0 0x0 0x0 0x0 0x6d0007 0x0 0x2f8 0xe9b 0x710005 0xe9b 0x0 0x0 0x0 0x0 0x0 0x7b0007 0xe91 0x68 0xa 0x800004 0x0 0x0 0x1c87e6ea980 0xa 0x0 0x0 0x850002 0xa 0x8e0007 0xdaa 0x1e0 0xe7 0x920004 0x0 0x0 0x1c87baf1120 0xe7 0x0 0x0 0x9b0005 0xe7 0x0 0x0 0x0 0x0 0x0 0xa20004 0xffffffffffffff19 0x0 0x1c87a9596f0 0xc 0x0 0x0 0xa50007 0xe7 0x70 0x0 0xaa0004 0x0 0x0 0x0 0x0 0x0 0x0 0xad0003 0x0 0x50 0xb20005 0xe7 0x0 0x0 0x0 0x0 0x0 0xbd0005 0x0 0x0 0x1c87a9597a0 0xe7 0x0 0x0 0xcb0005 0x0 0x0 0x1c87baf11d0 0xe7 0x0 0x0 0xd30007 0xdaa 0x58 0x0 0xdb0005 0x0 0x0 0x0 0x0 0x0 0x0 0xe10005 0x0 0x0 0x1c87ba8ac80 0xdaa 0x0 0x0 0xea0007 0x0 0x38 0xdaa 0xee0003 0xdaa 0x18 0xf60005 0x0 0x0 0x1c87ba8ac80 0xdaa 0x0 0x0 0xfd0002 0xdaa 0x1040008 0xa 0xdaa 0x5e0 0x0 0x350 0x0 0x2c8 0x0 0x128 0x0 0x60 0x1260005 0x0 0x0 0x0 0x0 0x0 0x0 0x12c0005 0x0 0x0 0x0 0x0 0x0 0x0 0x1350007 0x0 0xb58 0x0 0x13e0005 0x0 0x0 0x0 0x0 0x0 0x0 0x1440007 0x0 0xb00 0x0 0x14b0007 0x0 0xae0 0x0 0x1500007 0x0 0xac0 0x0 0x1560002 0x0 0x1600005 0x0 0x0 0x0 0x0 0x0 0x0 0x1690007 0x0 0x58 0x0 0x1730005 0x0 0x0 0x0 0x0 0x0 0x0 0x17d0007 0x0 0x88 0x0 0x1820004 0x0 0x0 0x0 0x0 0x0 0x0 0x1850007 0x0 0x30 0x0 0x18d0002 0x0 0x1910003 0x0 0x978 0x1960007 0x0 0x960 0x0 0x19d0007 0x0 0x940 0x0 0x1a30002 0x0 0x1af0005 0x0 0x0 0x0 0x0 0x0 0x0 0x1c30002 0x0 0x1ca0005 0x0 0x0 0x0 0x0 0x0 0x0 0x1d10005 0x0 0x0 0x0 0x0 0x0 0x0 0x1d40004 0x0 0x0 0x0 0x0 0x0 0x0 0x1de0007 0x0 0x20 0x0 0x1e60007 0x0 0x800 0x0 0x1ec0007 0x0 0x7e0 0x0 0x1f60007 0x0 0xa8 0x0 0x1fb0004 0x0 0x0 0x0 0x0 0x0 0x0 0x1fe0007 0x0 0x50 0x0 0x2060002 0x0 0x20e0007 0x0 0x20 0x0 0x2170007 0x0 0x88 0x0 0x21c0004 0x0 0x0 0x0 0x0 0x0 0x0 0x21f0007 0x0 0x30 0x0 0x2270002 0x0 0x2330007 0x0 0x30 0x0 0x23f0002 0x0 0x2430003 0x0 0x660 0x2540002 0xdaa 0x25b0005 0xdaa 0x0 0x0 0x0 0x0 0x0 0x2620005 0xdaa 0x0 0x0 0x0 0x0 0x0 0x2650004 0x0 0x0 0x1c87a959850 0xdaa 0x0 0x0 0x26f0007 0xdaa 0x20 0x0 0x2770007 0xdaa 0x570 0x0 0x27d0007 0x0 0x550 0x0 0x2850007 0x0 0x348 0x0 0x28a0004 0x0 0x0 0x0 0x0 0x0 0x0 0x28d0007 0x0 0x2f0 0x0 0x2950002 0x0 0x29e0005 0x0 0x0 0x0 0x0 0x0 0x0 0x2a10005 0x0 0x0 0x0 0x0 0x0 0x0 0x2a40007 0x0 0x58 0x0 0x2a90007 0x0 0x38 0x0 0x2b00003 0x0 0x18 0x2b60003 0x0 0x1f8 0x2bd0005 0x0 0x0 0x0 0x0 0x0 0x0 0x2c00004 0x0 0x0 0x0 0x0 0x0 0x0 0x2c30007 0x0 0x170 0x0 0x2c80005 0x0 0x0 0x0 0x0 0x0 0x0 0x2cb0004 0x0 0x0 0x0 0x0 0x0 0x0 0x2d30005 0x0 0x0 0x0 0x0 0x0 0x0 0x2d60005 0x0 0x0 0x0 0x0 0x0 0x0 0x2d90007 0x0 0x58 0x0 0x2de0007 0x0 0x38 0x0 0x2e50003 0x0 0x18 0x2eb0003 0x0 0x18 0x2f50007 0x0 0x1b8 0x0 0x2fa0004 0x0 0x0 0x0 0x0 0x0 0x0 0x2fd0007 0x0 0x160 0x0 0x3050002 0x0 0x30f0003 0x0 0x130 0x3160005 0x0 0x0 0x0 0x0 0x0 0x0 0x3190004 0x0 0x0 0x0 0x0 0x0 0x0 0x31c0007 0x0 0xa8 0x0 0x3210005 0x0 0x0 0x0 0x0 0x0 0x0 0x3240004 0x0 0x0 0x0 0x0 0x0 0x0 0x3290003 0x0 0x18 0x3310007 0x0 0x30 0x0 0x33d0002 0x0 0x3430007 0x42 0x90 0x279b 0x34c0005 0x0 0x0 0x1c87a959900 0x279b 0x0 0x0 0x3580005 0xcf 0x0 0x1c87a959850 0x2572 0x1c87a9599b0 0x15a 0x3650002 0x42 0x0 0x0 0x0 0x0 0x0 0x0 0x0 0x0 0x0 0x0 0x0 0x0 0x0 0x0 0x9 0x7 0x0 0x0 0x0 0x0 0x0 0x0 0x0 oops 18 3 groovy/lang/MetaClassImpl 55 io/restassured/internal/RequestSpecificationImpl 57 io/restassured/config/RestAssuredConfig 66 org/codehaus/groovy/runtime/CurriedClosure 68 groovy/json/JsonTokenType$1 73 org/codehaus/groovy/runtime/CurriedClosure 75 groovy/json/JsonTokenType$1 113 org/codehaus/groovy/runtime/MethodClosure 126 org/codehaus/groovy/runtime/CurriedClosure 140 io/restassured/internal/RequestSpecificationImpl$_partiallyApplyPathParams_closure36 168 org/codehaus/groovy/runtime/metaclass/MetaClassRegistryImpl 175 org/codehaus/groovy/runtime/metaclass/ClosureMetaClass 193 groovy/json/JsonTokenType$1 207 groovy/json/JsonTokenType$1 420 org/codehaus/groovy/reflection/CachedMethod 609 org/codehaus/groovy/vmplugin/v10/Java10 616 org/codehaus/groovy/reflection/CachedMethod 618 org/codehaus/groovy/runtime/dgm$32 methods 0
ciMethodData org/codehaus/groovy/runtime/MetaClassHelper castArgumentsToClassArray ([Ljava/lang/Object;)[Ljava/lang/Class; 1 72 orig 80 4 0 0 0 0 0 0 0 0 0 0 0 0 0 0 0 0 0 0 0 0 0 0 0 0 0 0 0 0 0 0 0 0 0 0 0 0 0 0 0 0 0 0 0 0 0 0 0 0 0 0 0 0 0 0 0 0 0 0 0 0 0 0 0 0 0 0 0 0 0 0 0 0 0 0 0 0 0 0 0 data 76 0x10007 0x44 0x20 0x0 0x130007 0x44 0x1f8 0x7 0x1b0004 0xfffffffffffffff9 0x0 0x1c87a1d4c10 0x7 0x0 0x0 0x1e0007 0x7 0xa8 0x0 0x240004 0x0 0x0 0x0 0x0 0x0 0x0 0x270004 0x0 0x0 0x0 0x0 0x0 0x0 0x280003 0x0 0xf8 0x2c0007 0x7 0x70 0x0 0x320004 0x0 0x0 0x0 0x0 0x0 0x0 0x330003 0x0 0x88 0x390005 0x7 0x0 0x0 0x0 0x0 0x0 0x3c0004 0x0 0x0 0x1c87a1d4ca0 0x7 0x0 0x0 0x400003 0x7 0xfffffffffffffe20 0x0 0x0 0x0 0x0 0x0 0x0 0x9 0x1 0x0 oops 2 11 java/lang/String 60 java/lang/Class methods 0
ciMethodData groovy/lang/MetaClassImpl findMethod (Ljava/lang/Class;Ljava/lang/String;[Ljava/lang/Class;Ljava/util/function/Function;)Ljava/lang/invoke/MethodHandle; 1 2 orig 80 0 0 0 0 0 0 0 0 0 0 0 0 0 0 0 0 0 0 0 0 0 0 0 0 0 0 0 0 0 0 0 0 0 0 0 0 0 0 0 0 0 0 0 0 0 0 0 0 0 0 0 0 0 0 0 0 0 0 0 0 0 0 0 0 0 0 0 0 0 0 0 0 0 0 0 0 0 0 0 0 data 199 0x40005 0x0 0x0 0x1c87a95c1d0 0x1 0x0 0x0 0x70004 0x0 0x0 0x1c87a95c280 0x1 0x0 0x0 0xf0005 0x0 0x0 0x1c87a95c280 0x1 0x0 0x0 0x140104 0x0 0x0 0x0 0x0 0x0 0x0 0x1e0007 0x1 0x1b8 0x0 0x230005 0x0 0x0 0x0 0x0 0x0 0x0 0x2c0005 0x0 0x0 0x0 0x0 0x0 0x0 0x310007 0x0 0x128 0x0 0x360005 0x0 0x0 0x0 0x0 0x0 0x0 0x3b0004 0x0 0x0 0x0 0x0 0x0 0x0 0x420005 0x0 0x0 0x0 0x0 0x0 0x0 0x460002 0x0 0x490007 0x0 0x38 0x0 0x500003 0x0 0x30 0x530003 0x0 0xfffffffffffffeb8 0x580007 0x0 0x2d0 0x1 0x600007 0x1 0x1c8 0x2 0x670002 0x2 0x6e0005 0x0 0x0 0x1c87a95c330 0x2 0x0 0x0 0x730007 0x2 0x110 0x0 0x790005 0x0 0x0 0x0 0x0 0x0 0x0 0x7e0004 0x0 0x0 0x0 0x0 0x0 0x0 0x850005 0x0 0x0 0x0 0x0 0x0 0x0 0x880002 0x0 0x8b0007 0x0 0x38 0x0 0x920003 0x0 0x68 0x970005 0x2 0x0 0x0 0x0 0x0 0x0 0x9c0003 0x2 0xfffffffffffffe50 0xa10007 0x0 0x20 0x1 0xa9000a 0x0 0x1 0x0 0xae0005 0x0 0x0 0x0 0x0 0x0 0x0 0xb30004 0x0 0x0 0x0 0x0 0x0 0x0 0xb80005 0x0 0x0 0x0 0x0 0x0 0x0 0xc10005 0x0 0x0 0x0 0x0 0x0 0x0 0xc60004 0x0 0x0 0x0 0x0 0x0 0x0 0x0 0x0 0x0 0x0 0x0 0x0 0x9 0x4 0x0 0x0 0x0 0x0 oops 4 3 groovy/lang/MetaClassImpl$2 10 java/util/concurrent/ConcurrentHashMap 17 java/util/concurrent/ConcurrentHashMap 96 java/util/LinkedList methods 0
ciMethodData java/lang/invoke/MethodHandle bindTo (Ljava/lang/Object;)Ljava/lang/invoke/MethodHandle; 1 323 orig 80 239 0 0 0 0 0 0 0 0 0 0 0 0 0 0 0 0 0 0 0 0 0 0 0 0 0 0 0 0 0 0 0 0 0 0 0 0 0 0 0 0 0 0 0 0 0 0 0 0 0 0 0 0 0 0 0 0 0 0 0 0 0 0 0 0 0 0 0 0 0 0 0 0 0 0 0 0 0 0 0 data 31 0x40005 0x54 0x0 0x0 0x0 0x0 0x0 0x80005 0x54 0x0 0x0 0x0 0x0 0x0 0xf0005 0x0 0x0 0x1c87a1d69f0 0x30 0x1c87a95b8c0 0x24 0x0 0x0 0x0 0x0 0x0 0x0 0x9 0x2 0xffffffffffffffff 0xffffffffffffffff oops 2 17 java/lang/invoke/DirectMethodHandle 19 java/lang/invoke/MethodHandleImpl$IntrinsicMethodHandle methods 0
ciMethodData java/lang/invoke/MethodHandles lookup ()Ljava/lang/invoke/MethodHandles$Lookup; 1 24 orig 80 21 0 0 0 0 0 0 0 0 0 0 0 0 0 0 0 0 0 0 0 0 0 0 0 0 0 0 0 0 0 0 0 0 0 0 0 0 0 0 0 0 0 0 0 0 0 0 0 0 0 0 0 0 0 0 0 0 0 0 0 0 0 0 0 0 0 0 0 0 0 0 0 0 0 0 0 0 0 0 0 data 12 0x40002 0x3 0x70002 0x3 0x0 0x0 0x0 0x0 0x0 0x0 0x9 0x0 oops 0 methods 0
ciMethodData java/lang/invoke/MethodHandles$Lookup <init> (Ljava/lang/Class;)V 1 25 orig 80 22 0 0 0 0 0 0 0 0 0 0 0 0 0 0 0 0 0 0 0 0 0 0 0 0 0 0 0 0 0 0 0 0 0 0 0 0 0 0 0 0 0 0 0 0 0 0 0 0 0 0 0 0 0 0 0 0 0 0 0 0 0 0 0 0 0 0 0 0 0 0 0 0 0 0 0 0 0 0 0 data 14 0x40002 0x3 0x80002 0x3 0x0 0x0 0x0 0x0 0x0 0x0 0x9 0x2 0x0 0x0 oops 0 methods 0
ciMethodData org/codehaus/groovy/runtime/metaclass/ClosureMetaClass invokeMethod (Ljava/lang/Class;Ljava/lang/Object;Ljava/lang/String;[Ljava/lang/Object;ZZ)Ljava/lang/Object; 2 1570 orig 80 6 1 0 0 0 0 0 0 0 0 0 0 0 0 0 0 0 0 0 0 0 0 0 0 0 0 0 0 0 0 0 0 0 0 0 0 0 0 0 0 0 0 0 0 0 0 0 0 0 0 0 0 0 0 0 0 0 0 0 0 0 0 0 0 0 0 0 0 0 0 0 0 0 0 0 0 0 0 0 0 data 443 0x10005 0x0 0x0 0x1c87baf11d0 0x51c 0x0 0x0 0x50007 0x51c 0x120 0x0 0x100002 0x0 0x150005 0x0 0x0 0x0 0x0 0x0 0x0 0x190005 0x0 0x0 0x0 0x0 0x0 0x0 0x1e0005 0x0 0x0 0x0 0x0 0x0 0x0 0x210005 0x0 0x0 0x0 0x0 0x0 0x0 0x240002 0x0 0x2b0002 0x51c 0x320002 0x51c 0x390002 0x51c 0x400004 0x0 0x0 0x1c87a95aa70 0x22 0x1c87a95ab20 0x7 0x470005 0x4f3 0x0 0x1c87a95aa70 0x22 0x1c87a95ab20 0x7 0x4f0005 0x51c 0x0 0x0 0x0 0x0 0x0 0x520007 0x27d 0x78 0x29f 0x580005 0x29f 0x0 0x0 0x0 0x0 0x0 0x5b0007 0x1c9 0x1c0 0xd6 0x610002 0x353 0x680007 0x353 0x160 0x0 0x6f0007 0x0 0x140 0x0 0x760004 0x0 0x0 0x0 0x0 0x0 0x0 0x790007 0x0 0xe8 0x0 0x800004 0x0 0x0 0x0 0x0 0x0 0x0 0x830005 0x0 0x0 0x0 0x0 0x0 0x0 0x8c0002 0x0 0x950002 0x0 0x980005 0x0 0x0 0x0 0x0 0x0 0x0 0x9f0007 0x353 0x30 0x0 0xae0002 0x0 0xb50007 0x51c 0x68 0x0 0xb90002 0x0 0xbc0007 0x0 0x38 0x0 0xc00003 0x0 0x18 0xc80007 0x353 0x78 0x1c9 0xcd0007 0x0 0x58 0x1c9 0xd60005 0x0 0x0 0x1c87baf1280 0x1c9 0x0 0x0 0xdd0007 0x183 0x58 0x399 0xe50005 0x0 0x0 0x1c87a959850 0x399 0x0 0x0 0xf10005 0xd4 0x0 0x1c87a95abd0 0xc 0x1c87baf1070 0xa3 0xf80005 0xd4 0x0 0x1c87a95abd0 0xc 0x1c87baf1070 0xa3 0x1080008 0xa 0x181 0x2e0 0x2 0x228 0x0 0x150 0x0 0x78 0x0 0x60 0x1280003 0x0 0x320 0x1330002 0x0 0x13e0007 0x0 0x2f8 0x0 0x1450007 0x0 0x90 0x0 0x14a0004 0x0 0x0 0x0 0x0 0x0 0x0 0x14d0007 0x0 0x38 0x0 0x1510003 0x0 0x18 0x1570003 0x0 0x248 0x1620002 0x0 0x16d0007 0x0 0x220 0x0 0x1740007 0x0 0x90 0x0 0x1790004 0x0 0x0 0x0 0x0 0x0 0x0 0x17c0007 0x0 0x38 0x0 0x1800003 0x0 0x18 0x1860003 0x0 0x170 0x1910002 0x2 0x19c0007 0x1 0x148 0x1 0x1a30007 0x0 0x38 0x1 0x1a70003 0x1 0x18 0x1b10007 0x0 0x38 0x1 0x1b50003 0x1 0x18 0x1be0003 0x1 0xb8 0x1c90002 0x181 0x1d40007 0x177 0x90 0xa 0x1db0007 0x0 0x38 0xa 0x1df0003 0xa 0x18 0x1e90007 0x0 0x38 0xa 0x1ed0003 0xa 0x18 0x1f80007 0x178 0xa0 0xb 0x1fd0007 0xb 0x40 0x0 0x2020007 0x0 0x60 0x0 0x2070007 0x1 0x30 0xa 0x2150002 0xa 0x2240002 0x1 0x2300007 0x0 0x158 0x178 0x2390005 0x178 0x0 0x0 0x0 0x0 0x0 0x23c0005 0x0 0x0 0x1c87a9597a0 0x178 0x0 0x0 0x2450004 0xfffffffffffffe88 0x0 0x0 0x0 0x0 0x0 0x2480007 0x178 0x58 0x0 0x2520005 0x0 0x0 0x0 0x0 0x0 0x0 0x25e0005 0x0 0x0 0x1c87a959850 0xd 0x1c87a95ac80 0x16b 0x26d0005 0x0 0x0 0x0 0x0 0x0 0x0 0x2720003 0x0 0x18 0x2790004 0x0 0x0 0x0 0x0 0x0 0x0 0x27c0007 0x0 0x100 0x0 0x2810004 0x0 0x0 0x0 0x0 0x0 0x0 0x2880005 0x0 0x0 0x0 0x0 0x0 0x0 0x2910005 0x0 0x0 0x0 0x0 0x0 0x0 0x29d0005 0x0 0x0 0x0 0x0 0x0 0x0 0x2a50007 0x0 0x38 0x0 0x2aa0003 0x0 0x28 0x2b90002 0x0 0x0 0x0 0x0 0x0 0x0 0x0 0x0 0x0 0x0 0x0 0x0 0x9 0x7 0x0 0x0 0x0 0x0 0x0 0x0 0x0 oops 14 3 org/codehaus/groovy/runtime/metaclass/ClosureMetaClass 52 io/restassured/internal/http/ContentTypeSubTypeExtractor$_getSubTypeValueFromContentType_closure1 54 io/restassured/internal/ResponseSpecificationImpl$_statusCode_closure3 59 io/restassured/internal/http/ContentTypeSubTypeExtractor$_getSubTypeValueFromContentType_closure1 61 io/restassured/internal/ResponseSpecificationImpl$_statusCode_closure3 161 groovy/lang/MetaClassImpl 172 org/codehaus/groovy/reflection/CachedMethod 179 io/restassured/internal/ResponseSpecificationImpl$_body_closure11 181 io/restassured/internal/RequestSpecificationImpl$_removeMergedHeadersIfNeeded_closure7 186 io/restassured/internal/ResponseSpecificationImpl$_body_closure11 188 io/restassured/internal/RequestSpecificationImpl$_removeMergedHeadersIfNeeded_closure7 336 org/codehaus/groovy/runtime/metaclass/MetaClassRegistryImpl 361 org/codehaus/groovy/reflection/CachedMethod 363 org/codehaus/groovy/runtime/metaclass/ClosureMetaClass$1 methods 0
ciMethodData groovy/io/LineColumnReader read ()I 2 13733 orig 80 143 1 0 0 0 0 0 0 0 0 0 0 0 0 0 0 0 0 0 0 0 0 0 0 0 0 0 0 0 0 0 0 0 0 0 0 0 0 0 0 0 0 0 0 0 0 0 0 0 0 0 0 0 0 0 0 0 0 0 0 0 0 0 0 0 0 0 0 0 0 0 0 0 0 0 0 0 0 0 0 data 54 0x40007 0x3416 0x20 0x0 0x1c0002 0x3416 0x220007 0x12 0x138 0x3404 0x2b0007 0x0 0x40 0x3404 0x310007 0x3404 0xf8 0x0 0x3c0007 0x0 0xd8 0x0 0x410005 0x0 0x0 0x0 0x0 0x0 0x0 0x450002 0x0 0x4d0007 0x0 0x70 0x0 0x510005 0x0 0x0 0x0 0x0 0x0 0x0 0x540003 0x0 0x18 0x0 0x0 0x0 0x0 0x0 0x0 0x9 0x1 0x0 oops 0 methods 0
ciMethodData groovy/io/LineColumnReader mark (I)V 2 7565 orig 80 68 0 0 0 0 0 0 0 0 0 0 0 0 0 0 0 0 0 0 0 0 0 0 0 0 0 0 0 0 0 0 0 0 0 0 0 0 0 0 0 0 0 0 0 0 0 0 0 0 0 0 0 0 0 0 0 0 0 0 0 0 0 0 0 0 0 0 0 0 0 0 0 0 0 0 0 0 0 0 0 data 10 0x120002 0x1d49 0x0 0x0 0x0 0x0 0x9 0x2 0x0 0x0 oops 0 methods 0
ciMethodData groovy/io/LineColumnReader reset ()V 2 13579 orig 80 111 0 0 0 0 0 0 0 0 0 0 0 0 0 0 0 0 0 0 0 0 0 0 0 0 0 0 0 0 0 0 0 0 0 0 0 0 0 0 0 0 0 0 0 0 0 0 0 0 0 0 0 0 0 0 0 0 0 0 0 0 0 0 0 0 0 0 0 0 0 0 0 0 0 0 0 0 0 0 0 data 9 0x110002 0x349c 0x0 0x0 0x0 0x0 0x9 0x1 0x0 oops 0 methods 0
ciMethodData java/io/BufferedReader mark (I)V 2 7580 orig 80 68 0 0 0 0 0 0 0 0 0 0 0 0 0 0 0 0 0 0 0 0 0 0 0 0 0 0 0 0 0 0 0 0 0 0 0 0 0 0 0 0 0 0 0 0 0 0 0 0 0 0 0 0 0 0 0 0 0 0 0 0 0 0 0 0 0 0 0 0 0 0 0 0 0 0 0 0 0 0 0 data 26 0x10007 0x1d58 0x30 0x0 0xa0002 0x0 0x160005 0x1d58 0x0 0x0 0x0 0x0 0x0 0x300003 0x1d58 0x18 0x0 0x0 0x0 0x0 0x0 0x0 0x9 0x2 0x0 0x0 oops 0 methods 0
ciMethodData java/io/BufferedReader reset ()V 2 10993 orig 80 111 0 0 0 0 0 0 0 0 0 0 0 0 0 0 0 0 0 0 0 0 0 0 0 0 0 0 0 0 0 0 0 0 0 0 0 0 0 0 0 0 0 0 0 0 0 0 0 0 0 0 0 0 0 0 0 0 0 0 0 0 0 0 0 0 0 0 0 0 0 0 0 0 0 0 0 0 0 0 0 data 33 0x80005 0x2a80 0x0 0x0 0x0 0x0 0x0 0xf0007 0x2a80 0x68 0x0 0x1c0007 0x0 0x38 0x0 0x210003 0x0 0x18 0x260002 0x0 0x3c0003 0x2a80 0x18 0x0 0x0 0x0 0x0 0x0 0x0 0x0 0x9 0x1 0x0 oops 0 methods 0
ciMethodData groovy/json/JsonLexer nextToken ()Lgroovy/json/JsonToken; 2 21200 orig 80 160 4 0 0 0 0 0 0 0 0 0 0 0 0 0 0 0 0 0 0 0 0 0 0 0 0 0 0 0 0 0 0 0 0 0 0 0 0 0 0 0 0 0 0 0 0 0 0 0 0 0 0 0 0 0 0 0 0 0 0 0 0 0 0 0 0 0 0 0 0 0 0 0 0 0 0 0 0 0 0 data 512 0x10005 0x0 0x0 0x1c87a2f63b0 0x18cd 0x0 0x0 0x70007 0x18c8 0x20 0x5 0x110002 0x18c8 0x160007 0x18c8 0x270 0x0 0x210002 0x0 0x260005 0x0 0x0 0x0 0x0 0x0 0x0 0x2d0005 0x0 0x0 0x0 0x0 0x0 0x0 0x300005 0x0 0x0 0x0 0x0 0x0 0x0 0x350005 0x0 0x0 0x0 0x0 0x0 0x0 0x3c0005 0x0 0x0 0x0 0x0 0x0 0x0 0x3f0005 0x0 0x0 0x0 0x0 0x0 0x0 0x440005 0x0 0x0 0x0 0x0 0x0 0x0 0x480005 0x0 0x0 0x0 0x0 0x0 0x0 0x4d0005 0x0 0x0 0x0 0x0 0x0 0x0 0x500005 0x0 0x0 0x0 0x0 0x0 0x0 0x530002 0x0 0x5b0005 0x0 0x0 0x1c87a2f7750 0x18c8 0x0 0x0 0x620005 0x0 0x0 0x1c87a2f7750 0x18c8 0x0 0x0 0x6b0005 0x0 0x0 0x1c87a2f7750 0x18c8 0x0 0x0 0x740002 0x18c8 0x7d0005 0x0 0x0 0x1c87a2f65e0 0x18c8 0x0 0x0 0x840005 0x0 0x0 0x1c87a2f65e0 0x18c8 0x0 0x0 0x8b0005 0x0 0x0 0x1c87a2f65e0 0x18c8 0x0 0x0 0x940005 0x0 0x0 0x1c87a2f65e0 0x18c8 0x0 0x0 0x9a0005 0x0 0x0 0x1c87a2f65e0 0x18c8 0x0 0x0 0xa30002 0x18c8 0xa80005 0x18c8 0x0 0x0 0x0 0x0 0x0 0xac0005 0x18c8 0x0 0x0 0x0 0x0 0x0 0xaf0005 0x18c8 0x0 0x0 0x0 0x0 0x0 0xb20005 0x0 0x0 0x1c87a2f65e0 0x18c8 0x0 0x0 0xb60005 0x18c8 0x0 0x0 0x0 0x0 0x0 0xbc0005 0x18c8 0x0 0x0 0x0 0x0 0x0 0xbf0007 0x0 0xc0 0x18c8 0xc30005 0x18c8 0x0 0x0 0x0 0x0 0x0 0xc90005 0x18c8 0x0 0x0 0x0 0x0 0x0 0xcc0007 0xa76 0x30 0xe52 0xd30002 0xe52 0xdb0007 0xbb 0x408 0x9bb 0xe40002 0x9bb 0xed0005 0x0 0x0 0x1c87a2f7750 0x9bb 0x0 0x0 0xf80005 0x0 0x0 0x1c87a2f7750 0x5526 0x0 0x0 0x1000007 0x5526 0x20 0x0 0x1070007 0x0 0xc8 0x5526 0x10e0005 0x5526 0x0 0x0 0x0 0x0 0x0 0x1130005 0x5526 0x0 0x0 0x0 0x0 0x0 0x1180007 0x5526 0x38 0x0 0x11c0003 0x0 0x18 0x12b0005 0x5526 0x0 0x0 0x0 0x0 0x0 0x1330007 0x4b6b 0x230 0x9bb 0x1380007 0x0 0x210 0x9bb 0x13e0005 0x9bb 0x0 0x0 0x0 0x0 0x0 0x1410005 0x9bb 0x0 0x0 0x0 0x0 0x0 0x1440007 0x0 0x180 0x9bb 0x14d0005 0x0 0x0 0x1c87a2f7750 0x9bb 0x0 0x0 0x1500005 0x0 0x0 0x1c87a2f65e0 0x9bb 0x0 0x0 0x1590005 0x0 0x0 0x1c87a2f7750 0x9bb 0x0 0x0 0x15c0005 0x0 0x0 0x1c87a2f65e0 0x9bb 0x0 0x0 0x1630005 0x9bb 0x0 0x0 0x0 0x0 0x0 0x1660002 0x9bb 0x1690005 0x0 0x0 0x1c87a2f65e0 0x9bb 0x0 0x0 0x16f0003 0x4b6b 0xfffffffffffffc78 0x1760007 0x0 0x480 0xbb 0x17d0002 0xbb 0x1870005 0x0 0x0 0x1c87a2f7750 0x373 0x0 0x0 0x18e0005 0x0 0x0 0x1c87a2f7750 0x373 0x0 0x0 0x1960007 0x373 0x20 0x0 0x1a40007 0x87 0x40 0x2ec 0x1ab0007 0x2b8 0xc0 0x34 0x1b20007 0x0 0xa0 0xbb 0x1b90007 0x0 0x80 0xbb 0x1c00007 0x0 0x60 0xbb 0x1c70007 0x0 0x40 0xbb 0x1ce0007 0xbb 0x70 0x0 0x1d50005 0x2b8 0x0 0x0 0x0 0x0 0x0 0x1d90003 0x2b8 0x68 0x1e00005 0x0 0x0 0x1c87a2f7750 0xbb 0x0 0x0 0x1e30003 0xbb 0x30 0x1e60003 0x2b8 0xfffffffffffffdf0 0x1eb0005 0xbb 0x0 0x0 0x0 0x0 0x0 0x1f30005 0xbb 0x0 0x0 0x0 0x0 0x0 0x1f60007 0x0 0x170 0xbb 0x1ff0005 0x0 0x0 0x1c87a2f7750 0xbb 0x0 0x0 0x2020005 0x0 0x0 0x1c87a2f65e0 0xbb 0x0 0x0 0x20b0005 0x0 0x0 0x1c87a2f7750 0xbb 0x0 0x0 0x20e0005 0x0 0x0 0x1c87a2f65e0 0xbb 0x0 0x0 0x2150005 0xbb 0x0 0x0 0x0 0x0 0x0 0x2180005 0x0 0x0 0x1c87a2f65e0 0xbb 0x0 0x0 0x2210005 0x0 0x0 0x0 0x0 0x0 0x0 0x2250002 0x0 0x2320002 0x0 0x0 0x0 0x0 0x0 0x0 0x0 0x0 0x0 0x0 0x0 0x0 0x0 0x0 0x0 0x0 0x0 0x0 0x9 0x1 0x0 oops 25 3 groovy/json/JsonLexer 94 groovy/io/LineColumnReader 101 groovy/io/LineColumnReader 108 groovy/io/LineColumnReader 117 groovy/json/JsonToken 124 groovy/json/JsonToken 131 groovy/json/JsonToken 138 groovy/json/JsonToken 145 groovy/json/JsonToken 175 groovy/json/JsonToken 226 groovy/io/LineColumnReader 233 groovy/io/LineColumnReader 302 groovy/io/LineColumnReader 309 groovy/json/JsonToken 316 groovy/io/LineColumnReader 323 groovy/json/JsonToken 339 groovy/json/JsonToken 355 groovy/io/LineColumnReader 362 groovy/io/LineColumnReader 411 groovy/io/LineColumnReader 442 groovy/io/LineColumnReader 449 groovy/json/JsonToken 456 groovy/io/LineColumnReader 463 groovy/json/JsonToken 477 groovy/json/JsonToken methods 0
ciMethodData groovy/json/JsonLexer skipWhitespace ()I 2 6607 orig 80 0 1 0 0 0 0 0 0 0 0 0 0 0 0 0 0 0 0 0 0 0 0 0 0 0 0 0 0 0 0 0 0 0 0 0 0 0 0 0 0 0 0 0 0 0 0 0 0 0 0 0 0 0 0 0 0 0 0 0 0 0 0 0 0 0 0 0 0 0 0 0 0 0 0 0 0 0 0 0 0 data 41 0x70002 0x319e 0xa0007 0x18cf 0xa8 0x18cf 0x120005 0x0 0x0 0x1c87a2f7750 0x18cf 0x0 0x0 0x190005 0x0 0x0 0x1c87a2f7750 0x18cf 0x0 0x0 0x200003 0x18cf 0xffffffffffffff60 0x270005 0x0 0x0 0x1c87a2f7750 0x18cf 0x0 0x0 0x340002 0x0 0x0 0x0 0x0 0x0 0x0 0x0 0x9 0x1 0x0 oops 3 9 groovy/io/LineColumnReader 16 groovy/io/LineColumnReader 26 groovy/io/LineColumnReader methods 0
ciMethodData groovy/json/JsonTokenType startingWith (C)Lgroovy/json/JsonTokenType; 2 5418 orig 80 238 0 0 0 0 0 0 0 0 0 0 0 0 0 0 0 0 0 0 0 0 0 0 0 0 0 0 0 0 0 0 0 0 0 0 0 0 0 0 0 0 0 0 0 0 0 0 0 0 0 0 0 0 0 0 0 0 0 0 0 0 0 0 0 0 0 0 0 0 0 0 0 0 0 0 0 0 0 0 0 data 197 0x10008 0xba 0x0 0x5e0 0x828 0x5e0 0x0 0x5e0 0x0 0x5e0 0x0 0x5e0 0x0 0x5e0 0x0 0x5e0 0x0 0x5e0 0x0 0x5e0 0x0 0x5e0 0x0 0x5e0 0x47c 0x5e0 0x0 0x5e0 0x0 0x5e0 0x0 0x5e0 0x1f 0x5e0 0xc 0x5e0 0x7 0x5e0 0x9 0x5e0 0xe 0x5e0 0x12 0x5e0 0x13 0x5e0 0x5 0x5e0 0x2 0x5e0 0x4 0x5e0 0x47f 0x5e0 0x0 0x5e0 0x0 0x5e0 0x0 0x5e0 0x0 0x5e0 0x0 0x5e0 0x0 0x5e0 0x0 0x5e0 0x0 0x5e0 0x0 0x5e0 0x0 0x5e0 0x0 0x5e0 0x0 0x5e0 0x0 0x5e0 0x0 0x5e0 0x0 0x5e0 0x0 0x5e0 0x0 0x5e0 0x0 0x5e0 0x0 0x5e0 0x0 0x5e0 0x0 0x5e0 0x0 0x5e0 0x0 0x5e0 0x0 0x5e0 0x0 0x5e0 0x0 0x5e0 0x0 0x5e0 0x0 0x5e0 0x0 0x5e0 0x0 0x5e0 0x0 0x5e0 0x0 0x5e0 0x1d 0x5e0 0x0 0x5e0 0x1d 0x5e0 0x0 0x5e0 0x0 0x5e0 0x0 0x5e0 0x0 0x5e0 0x0 0x5e0 0x0 0x5e0 0x0 0x5e0 0x0 0x5e0 0x0 0x5e0 0x0 0x5e0 0x0 0x5e0 0x0 0x5e0 0x0 0x5e0 0x0 0x5e0 0x0 0x5e0 0x0 0x5e0 0x5b 0x5e0 0x0 0x5e0 0x0 0x5e0 0x0 0x5e0 0x0 0x5e0 0x0 0x5e0 0x0 0x5e0 0x0 0x5e0 0x0 0x5e0 0x0 0x5e0 0x0 0x5e0 0x0 0x5e0 0x0 0x5e0 0x105 0x5e0 0x0 0x5e0 0x106 0x5e0 0x0 0x0 0x0 0x0 0x0 0x0 0x9 0x1 0x0 oops 0 methods 0
ciMethodData groovy/json/JsonToken <init> ()V 2 6727 orig 80 238 0 0 0 0 0 0 0 0 0 0 0 0 0 0 0 0 0 0 0 0 0 0 0 0 0 0 0 0 0 0 0 0 0 0 0 0 0 0 0 0 0 0 0 0 0 0 0 0 0 0 0 0 0 0 0 0 0 0 0 0 0 0 0 0 0 0 0 0 0 0 0 0 0 0 0 0 0 0 0 data 7 0x10002 0x1959 0x0 0x0 0x9 0x1 0x0 oops 0 methods 0
ciMethodData groovy/json/JsonLexer readingConstant (Lgroovy/json/JsonTokenType;Lgroovy/json/JsonToken;)Lgroovy/json/JsonToken; 2 3917 orig 80 130 0 0 0 0 0 0 0 0 0 0 0 0 0 0 0 0 0 0 0 0 0 0 0 0 0 0 0 0 0 0 0 0 0 0 0 0 0 0 0 0 0 0 0 0 0 0 0 0 0 0 0 0 0 0 0 0 0 0 0 0 0 0 0 0 0 0 0 0 0 0 0 0 0 0 0 0 0 0 0 data 87 0x10005 0xecb 0x0 0x0 0x0 0x0 0x0 0x40004 0x0 0x0 0x1c87a1d4c10 0xecb 0x0 0x0 0x70005 0xecb 0x0 0x0 0x0 0x0 0x0 0x160005 0x0 0x0 0x1c87a2f7750 0xecb 0x0 0x0 0x200002 0xecb 0x280005 0xecb 0x0 0x0 0x0 0x0 0x0 0x2b0005 0xecb 0x0 0x0 0x0 0x0 0x0 0x2e0007 0x0 0xc8 0xecb 0x330005 0x0 0x0 0x1c87a2f65e0 0xecb 0x0 0x0 0x390005 0x0 0x0 0x1c87a2f65e0 0xecb 0x0 0x0 0x3f0005 0x0 0x0 0x1c87a2f65e0 0xecb 0x0 0x0 0x480002 0x0 0x4b0003 0x0 0x28 0x560002 0x0 0x0 0x0 0x0 0x0 0x0 0x0 0x9 0x3 0x0 0x0 0x0 oops 5 10 java/lang/String 24 groovy/io/LineColumnReader 51 groovy/json/JsonToken 58 groovy/json/JsonToken 65 groovy/json/JsonToken methods 0
ciMethodData groovy/json/JsonTokenType matching (Ljava/lang/String;)Z 2 3036 orig 80 108 0 0 0 0 0 0 0 0 0 0 0 0 0 0 0 0 0 0 0 0 0 0 0 0 0 0 0 0 0 0 0 0 0 0 0 0 0 0 0 0 0 0 0 0 0 0 0 0 0 0 0 0 0 0 0 0 0 0 0 0 0 0 0 0 0 0 0 0 0 0 0 0 0 0 0 0 0 0 0 data 99 0x40004 0xfffffffffffff56d 0x0 0x1c87ba8ac80 0xde 0x1c87ba89470 0xdd 0x70007 0xa93 0xc8 0xdd 0xe0004 0x0 0x0 0x1c87ba89470 0xdd 0x0 0x0 0x120005 0xdd 0x0 0x0 0x0 0x0 0x0 0x170005 0xdd 0x0 0x0 0x0 0x0 0x0 0x1f0004 0x0 0x0 0x1c87ba8ac80 0xa93 0x0 0x0 0x220007 0x0 0x100 0xa93 0x290004 0x0 0x0 0x1c87ba8ac80 0xa93 0x0 0x0 0x2d0005 0x0 0x0 0x1c87ba8ac80 0xa93 0x0 0x0 0x300004 0x0 0x0 0x1c87a1d8290 0xa92 0x0 0x0 0x330005 0xa92 0x0 0x0 0x0 0x0 0x0 0x3b0004 0x0 0x0 0x0 0x0 0x0 0x0 0x3e0007 0x0 0x58 0x0 0x460005 0x0 0x0 0x0 0x0 0x0 0x0 0x0 0x0 0x0 0x0 0x0 0x0 0x9 0x2 0x0 0x0 oops 7 3 groovy/json/JsonTokenType$1 5 java/util/regex/Pattern 14 java/util/regex/Pattern 35 groovy/json/JsonTokenType$1 46 groovy/json/JsonTokenType$1 53 groovy/json/JsonTokenType$1 60 java/lang/Boolean methods 0
ciMethodData groovy/json/JsonLexer unescape (Ljava/lang/String;)Ljava/lang/String; 2 2909 orig 80 95 0 0 0 0 0 0 0 0 0 0 0 0 0 0 0 0 0 0 0 0 0 0 0 0 0 0 0 0 0 0 0 0 0 0 0 0 0 0 0 0 0 0 0 0 0 0 0 0 0 0 0 0 0 0 0 0 0 0 0 0 0 0 0 0 0 0 0 0 0 0 0 0 0 0 0 0 0 0 0 data 11 0x10002 0xafe 0x0 0x0 0x0 0x0 0x0 0x0 0x9 0x1 0x0 oops 0 methods 0
ciMethodData groovy/json/StringEscapeUtils unescapeJavaScript (Ljava/lang/String;)Ljava/lang/String; 2 2909 orig 80 95 0 0 0 0 0 0 0 0 0 0 0 0 0 0 0 0 0 0 0 0 0 0 0 0 0 0 0 0 0 0 0 0 0 0 0 0 0 0 0 0 0 0 0 0 0 0 0 0 0 0 0 0 0 0 0 0 0 0 0 0 0 0 0 0 0 0 0 0 0 0 0 0 0 0 0 0 0 0 0 data 11 0x10002 0xafe 0x0 0x0 0x0 0x0 0x0 0x0 0x9 0x1 0x0 oops 0 methods 0
ciMethodData groovy/json/StringEscapeUtils unescapeJava (Ljava/lang/String;)Ljava/lang/String; 2 2911 orig 80 95 0 0 0 0 0 0 0 0 0 0 0 0 0 0 0 0 0 0 0 0 0 0 0 0 0 0 0 0 0 0 0 0 0 0 0 0 0 0 0 0 0 0 0 0 0 0 0 0 0 0 0 0 0 0 0 0 0 0 0 0 0 0 0 0 0 0 0 0 0 0 0 0 0 0 0 0 0 0 0 data 33 0x10007 0xb00 0x20 0x0 0xb0005 0xb00 0x0 0x0 0x0 0x0 0x0 0xe0002 0xb00 0x140002 0xb00 0x180005 0x0 0x0 0x1c87b14c820 0xb00 0x0 0x0 0x220002 0x0 0x0 0x0 0x0 0x0 0x0 0x0 0x9 0x1 0x0 oops 1 18 org/apache/groovy/io/StringBuilderWriter methods 0
ciMethodData groovy/lang/Closure call (Ljava/lang/Object;)Ljava/lang/Object; 2 3017 orig 80 0 1 0 0 0 0 0 0 0 0 0 0 0 0 0 0 0 0 0 0 0 0 0 0 0 0 0 0 0 0 0 0 0 0 0 0 0 0 0 0 0 0 0 0 0 0 0 0 0 0 0 0 0 0 0 0 0 0 0 0 0 0 0 0 0 0 0 0 0 0 0 0 0 0 0 0 0 0 0 0 data 24 0x80004 0x0 0x0 0x1c87d94ced0 0x6 0x1c87d94cf80 0x5 0x90005 0xabd 0x0 0x1c87d94d030 0x6 0x1c87d94d0e0 0x5 0x0 0x0 0x0 0x0 0x0 0x0 0x9 0x2 0x0 0x0 oops 4 3 io/restassured/config/DecoderConfig$ContentDecoder 5 io/restassured/http/Header 10 io/restassured/internal/RequestSpecificationImpl$_applyContentDecoders_closure21 12 io/restassured/internal/RequestSpecificationImpl$_setRequestHeadersToHttpBuilder_closure23 methods 0
ciMethod java/lang/invoke/MethodHandle invokeBasic (ILjava/lang/Object;Ljava/lang/Object;)Ljava/lang/Object; 0 0 1 0 -1
ciMethodData java/lang/StringUTF16 compress ([BII)[B 2 1526 orig 80 16 1 0 0 0 0 0 0 0 0 0 0 0 0 0 0 0 0 0 0 0 0 0 0 0 0 0 0 0 0 0 0 0 0 0 0 0 0 0 0 0 0 0 0 0 0 0 0 0 0 0 0 0 0 0 0 0 0 0 0 0 0 0 0 0 0 0 0 0 0 0 0 0 0 0 0 0 0 0 0 data 17 0x90002 0x4e6 0xd0007 0x4e6 0x20 0x0 0x0 0x0 0x0 0x0 0x0 0x0 0x9 0x3 0x0 0x0 0x0 oops 0 methods 0
ciMethod groovy/lang/MetaClassImpl$$Lambda$560 <init> (ZLjava/lang/invoke/MethodHandles$Lookup;Ljava/lang/Class;)V 9 1 1 0 -1
ciMethod groovy/lang/MetaClassImpl$$Lambda$560 get$Lambda (ZLjava/lang/invoke/MethodHandles$Lookup;Ljava/lang/Class;)Ljava/util/function/Function; 9 1 1 0 0
ciMethod java/lang/invoke/LambdaForm$MH linkToTargetMethod (ILjava/lang/Object;Ljava/lang/Object;Ljava/lang/Object;)Ljava/lang/Object; 9 1 1 0 -1
ciMethodData groovy/io/LineColumnReader read ([C)I 2 3922 orig 80 67 1 0 0 0 0 0 0 0 0 0 0 0 0 0 0 0 0 0 0 0 0 0 0 0 0 0 0 0 0 0 0 0 0 0 0 0 0 0 0 0 0 0 0 0 0 0 0 0 0 0 0 0 0 0 0 0 0 0 0 0 0 0 0 0 0 0 0 0 0 0 0 0 0 0 0 0 0 0 0 data 17 0x70005 0x0 0x0 0x1c87a2f7750 0xe0f 0x0 0x0 0x0 0x0 0x0 0x0 0x0 0x0 0x9 0x2 0x0 0x0 oops 1 3 groovy/io/LineColumnReader methods 0
ciMethodData groovy/io/LineColumnReader read ([CII)I 2 4447 orig 80 160 1 0 0 0 0 0 0 0 0 0 0 0 0 0 0 0 0 0 0 0 0 0 0 0 0 0 0 0 0 0 0 0 0 0 0 0 0 0 0 0 0 0 0 0 0 0 0 0 0 0 0 0 0 0 0 0 0 0 0 0 0 0 0 0 0 0 0 0 0 0 0 0 0 0 0 0 0 0 0 data 30 0x80007 0xe12 0x90 0xfbf 0xc0005 0x0 0x0 0x1c87a2f7750 0xfbf 0x0 0x0 0x140007 0xfbf 0x20 0x0 0x260003 0xfbf 0xffffffffffffff88 0x0 0x0 0x0 0x0 0x0 0x0 0x9 0x4 0x0 0x0 0x0 0x0 oops 1 7 groovy/io/LineColumnReader methods 0
ciMethodData groovy/json/StringEscapeUtils unescapeJava (Ljava/io/Writer;Ljava/lang/String;)V 2 31739 orig 80 162 12 0 0 0 0 0 0 0 0 0 0 0 0 0 0 0 0 0 0 0 0 0 0 0 0 0 0 0 0 0 0 0 0 0 0 0 0 0 0 0 0 0 0 0 0 0 0 0 0 0 0 0 0 0 0 0 0 0 0 0 0 0 0 0 0 0 0 0 0 0 0 0 0 0 0 0 0 0 0 data 260 0x10007 0xb7c 0x30 0x0 0xa0002 0x0 0xf0007 0xb7c 0x20 0x0 0x140005 0xb7c 0x0 0x0 0x0 0x0 0x0 0x1d0002 0xb7c 0x2d0007 0xb7c 0x6e0 0x6f31 0x330005 0x6f31 0x0 0x0 0x0 0x0 0x0 0x3a0007 0x6f31 0x248 0x0 0x400005 0x0 0x0 0x0 0x0 0x0 0x0 0x450005 0x0 0x0 0x0 0x0 0x0 0x0 0x490007 0x0 0x5e0 0x0 0x4d0005 0x0 0x0 0x0 0x0 0x0 0x0 0x520002 0x0 0x5b0005 0x0 0x0 0x0 0x0 0x0 0x0 0x600005 0x0 0x0 0x0 0x0 0x0 0x0 0x690003 0x0 0x508 0x760002 0x0 0x7b0005 0x0 0x0 0x0 0x0 0x0 0x0 0x7f0005 0x0 0x0 0x0 0x0 0x0 0x0 0x820005 0x0 0x0 0x0 0x0 0x0 0x0 0x870002 0x0 0x8d0007 0x6f31 0x3b8 0x0 0x950008 0x14 0x0 0x348 0x0 0x150 0x0 0x100 0x0 0xb0 0x0 0x2e0 0x0 0x1f0 0x0 0x290 0x0 0x1a0 0x0 0x240 0x0 0x330 0xeb0005 0x0 0x0 0x0 0x0 0x0 0x0 0xee0003 0x0 0x320 0xf40005 0x0 0x0 0x0 0x0 0x0 0x0 0xf70003 0x0 0x2d0 0xfd0005 0x0 0x0 0x0 0x0 0x0 0x0 0x1000003 0x0 0x280 0x1060005 0x0 0x0 0x0 0x0 0x0 0x0 0x1090003 0x0 0x230 0x10f0005 0x0 0x0 0x0 0x0 0x0 0x0 0x1120003 0x0 0x1e0 0x1180005 0x0 0x0 0x0 0x0 0x0 0x0 0x11b0003 0x0 0x190 0x1210005 0x0 0x0 0x0 0x0 0x0 0x0 0x1240003 0x0 0x140 0x12a0005 0x0 0x0 0x0 0x0 0x0 0x0 0x12d0003 0x0 0xf0 0x1330003 0x0 0xd8 0x1390005 0x0 0x0 0x0 0x0 0x0 0x0 0x13c0003 0x0 0x88 0x1430007 0x6f31 0x38 0x0 0x1490003 0x0 0x50 0x14f0005 0x0 0x0 0x1c87b14c820 0x6f31 0x0 0x0 0x1550003 0x6f31 0xfffffffffffff938 0x15a0007 0xb7c 0x58 0x0 0x1600005 0x0 0x0 0x0 0x0 0x0 0x0 0x0 0x0 0x0 0x0 0x0 0x0 0x9 0x2 0x0 0x0 oops 1 232 org/apache/groovy/io/StringBuilderWriter methods 0
ciMethod java/lang/invoke/MethodHandle linkToStatic (ILjava/lang/Object;Ljava/lang/Object;Ljava/lang/invoke/MemberName;)Ljava/lang/Object; 0 0 1 0 -1
ciMethod java/lang/invoke/LambdaForm$DMH invokeStatic (Ljava/lang/Object;ILjava/lang/Object;Ljava/lang/Object;)Ljava/lang/Object; 9 1 1 0 -1
ciMethodData org/apache/groovy/io/StringBuilderWriter toString ()Ljava/lang/String; 2 3665 orig 80 0 1 0 0 0 0 0 0 0 0 0 0 0 0 0 0 0 0 0 0 0 0 0 0 0 0 0 0 0 0 0 0 0 0 0 0 0 0 0 0 0 0 0 0 0 0 0 0 0 0 0 0 0 0 0 0 0 0 0 0 0 0 0 0 0 0 0 0 0 0 0 0 0 0 0 0 0 0 0 0 data 16 0x40005 0xd51 0x0 0x0 0x0 0x0 0x0 0x0 0x0 0x0 0x0 0x0 0x0 0x9 0x1 0x0 oops 0 methods 0
ciMethodData org/apache/groovy/io/StringBuilderWriter <init> (I)V 2 3637 orig 80 0 1 0 0 0 0 0 0 0 0 0 0 0 0 0 0 0 0 0 0 0 0 0 0 0 0 0 0 0 0 0 0 0 0 0 0 0 0 0 0 0 0 0 0 0 0 0 0 0 0 0 0 0 0 0 0 0 0 0 0 0 0 0 0 0 0 0 0 0 0 0 0 0 0 0 0 0 0 0 0 data 12 0x10002 0xd35 0xa0002 0xd35 0x0 0x0 0x0 0x0 0x9 0x2 0xc 0x0 oops 0 methods 0
ciMethodData java/io/Writer <init> ()V 2 3961 orig 80 103 1 0 0 0 0 0 0 0 0 0 0 0 0 0 0 0 0 0 0 0 0 0 0 0 0 0 0 0 0 0 0 0 0 0 0 0 0 0 0 0 0 0 0 0 0 0 0 0 0 0 0 0 0 0 0 0 0 0 0 0 0 0 0 0 0 0 0 0 0 0 0 0 0 0 0 0 0 0 0 data 9 0x10002 0xe12 0x0 0x0 0x0 0x0 0x9 0x1 0x4 oops 0 methods 0
ciMethodData groovy/lang/Closure call ([Ljava/lang/Object;)Ljava/lang/Object; 2 3603 orig 80 135 1 0 0 0 0 0 0 0 0 0 0 0 0 0 0 0 0 0 0 0 0 0 0 0 0 0 0 0 0 0 0 0 0 0 0 0 0 0 0 0 0 0 0 0 0 0 0 0 0 0 0 0 0 0 0 0 0 0 0 0 0 0 0 0 0 0 0 0 0 0 0 0 0 0 0 0 0 0 0 data 35 0x10005 0xb95 0x0 0x1c87baf1070 0x67 0x1c87baf1120 0x90 0x80005 0x0 0x0 0x1c87baf11d0 0x11c 0x1c87baf1280 0xb70 0x100005 0x0 0x0 0x0 0x0 0x0 0x0 0x130002 0x0 0x1a0002 0x0 0x0 0x0 0x0 0x0 0x0 0x0 0x9 0x2 0x0 0x0 oops 4 3 io/restassured/internal/RequestSpecificationImpl$_removeMergedHeadersIfNeeded_closure7 5 org/codehaus/groovy/runtime/CurriedClosure 10 org/codehaus/groovy/runtime/metaclass/ClosureMetaClass 12 groovy/lang/MetaClassImpl methods 0
ciMethodData groovy/lang/Closure throwRuntimeException (Ljava/lang/Throwable;)Ljava/lang/Object; 1 0 orig 80 0 0 0 0 0 0 0 0 0 0 0 0 0 0 0 0 0 0 0 0 0 0 0 0 0 0 0 0 0 0 0 0 0 0 0 0 0 0 0 0 0 0 0 0 0 0 0 0 0 0 0 0 0 0 0 0 0 0 0 0 0 0 0 0 0 0 0 0 0 0 0 0 0 0 0 0 0 0 0 0 data 36 0x10004 0x0 0x0 0x0 0x0 0x0 0x0 0x40007 0x0 0x58 0x0 0x80004 0x0 0x0 0x0 0x0 0x0 0x0 0x110005 0x0 0x0 0x0 0x0 0x0 0x0 0x150002 0x0 0x0 0x0 0x0 0x0 0x0 0x0 0x9 0x1 0xffffffffffffffff oops 0 methods 0
ciMethod java/lang/Object <init> ()V 4097 1 1419387 0 96
ciMethod java/lang/Object getClass ()Ljava/lang/Class; 2049 1 256 0 -1
ciMethod java/lang/Object toString ()Ljava/lang/String; 41 1 14 0 -1
ciMethod java/lang/String <init> ([C)V 2105 1 24339 0 1408
ciMethod java/lang/String length ()I 4097 1 821787 0 64
ciMethod java/lang/String charAt (I)C 2049 1 1445945 0 -1
ciMethod java/lang/String equals (Ljava/lang/Object;)Z 16465 1 27891 0 576
ciMethod java/lang/String startsWith (Ljava/lang/String;I)Z 2129 14017 18427 0 -1
ciMethod java/lang/String startsWith (Ljava/lang/String;)Z 2097 1 160601 0 608
ciMethod java/lang/String <init> ([CIILjava/lang/Void;)V 2057 1 20477 0 1408
ciMethod java/lang/String <init> ([BB)V 1961 1 175301 0 256
ciMethod java/lang/String coder ()B 2049 1 1104044 0 32
ciMethod java/lang/String isLatin1 ()Z 4097 1 1857890 0 64
ciMethod java/lang/String checkIndex (II)V 9 1 5121 0 96
ciMethod java/lang/Class isArray ()Z 2049 1 256 0 -1
ciMethod java/lang/Class isPrimitive ()Z 2049 1 256 0 -1
ciMethod java/lang/Class getName ()Ljava/lang/String; 2049 1 55985 0 64
ciMethod java/lang/Class initClassName ()Ljava/lang/String; 2065 1 258 0 -1
ciMethod java/lang/Class getModule ()Ljava/lang/Module; 1025 1 128 0 -1
ciMethod java/lang/Class getSuperclass ()Ljava/lang/Class; 2049 1 256 0 -1
ciMethod java/lang/Class getComponentType ()Ljava/lang/Class; 1361 1 11344 0 -1
ciMethod java/lang/Class getMethod (Ljava/lang/String;[Ljava/lang/Class;)Ljava/lang/reflect/Method; 1489 1 1434 7 -1
ciMethod java/lang/Class cast (Ljava/lang/Object;)Ljava/lang/Object; 849 1 41317 0 -1
ciMethod java/lang/System arraycopy (Ljava/lang/Object;ILjava/lang/Object;II)V 3073 1 384 0 -1
ciMethod java/lang/Throwable getMessage ()Ljava/lang/String; 545 1 68 0 -1
ciMethod java/lang/Throwable getCause ()Ljava/lang/Throwable; 153 1 19 0 -1
ciMethod java/lang/Exception <init> (Ljava/lang/String;)V 2049 1 763 0 -1
ciMethod java/util/Map get (Ljava/lang/Object;)Ljava/lang/Object; 0 0 1 0 -1
ciMethod java/lang/Module isNamed ()Z 2961 1 26438 0 -1
ciMethod java/lang/reflect/Method getModifiers ()I 1089 1 136 0 -1
ciMethod java/lang/reflect/Method getParameterTypes ()[Ljava/lang/Class; 2169 1 20730 0 -1
ciMethod java/lang/invoke/DirectMethodHandle internalMemberName (Ljava/lang/Object;)Ljava/lang/Object; 3137 1 50882 0 -1
ciMethod java/lang/invoke/MethodHandle invokeWithArguments ([Ljava/lang/Object;)Ljava/lang/Object; 9 1 12 0 -1
ciMethod java/lang/invoke/MethodHandle bindTo (Ljava/lang/Object;)Ljava/lang/invoke/MethodHandle; 1913 1 323 0 0
ciMethod java/lang/invoke/MethodHandle bindArgumentL (ILjava/lang/Object;)Ljava/lang/invoke/BoundMethodHandle; 2705 1 325 0 -1
ciMethod java/lang/invoke/MethodType leadingReferenceParameter ()Ljava/lang/Class; 1913 1 323 0 -1
ciMethod java/lang/AbstractStringBuilder <init> (I)V 809 1 8666 0 448
ciMethod java/lang/AbstractStringBuilder length ()I 1049 1 131 0 0
ciMethod java/lang/AbstractStringBuilder ensureCapacityInternal (I)V 2305 1 7046 0 896
ciMethod java/lang/AbstractStringBuilder newCapacity (I)I 441 1 468 0 0
ciMethod java/lang/AbstractStringBuilder hugeCapacity (I)I 0 0 1 0 0
ciMethod java/lang/AbstractStringBuilder inflate ()V 1 1 1156 0 0
ciMethod java/lang/AbstractStringBuilder charAt (I)C 1 1 16335 0 224
ciMethod java/lang/AbstractStringBuilder append (Ljava/lang/String;)Ljava/lang/AbstractStringBuilder; 1689 1 29981 0 -1
ciMethod java/lang/AbstractStringBuilder append (C)Ljava/lang/AbstractStringBuilder; 2585 1 22199 0 1184
ciMethod java/lang/AbstractStringBuilder isLatin1 ()Z 3273 1 180023 0 64
ciMethod java/lang/StringBuilder <init> ()V 761 1 117975 0 384
ciMethod java/lang/StringBuilder <init> (I)V 1785 1 26661 0 448
ciMethod java/lang/StringBuilder <init> (Ljava/lang/String;)V 2049 1 10768 0 0
ciMethod java/lang/StringBuilder append (Ljava/lang/String;)Ljava/lang/StringBuilder; 1689 1 372865 0 64
ciMethod java/lang/StringBuilder append (C)Ljava/lang/StringBuilder; 2585 1 248438 0 1184
ciMethod java/lang/StringBuilder toString ()Ljava/lang/String; 801 1 121310 0 960
ciMethod java/lang/StringBuilder charAt (I)C 1 1 30808 0 0
ciMethod java/lang/StringBuilder setLength (I)V 1 1 5198 0 -1
ciMethod java/lang/StringBuilder length ()I 17 1 31022 0 32
ciMethod java/lang/Boolean booleanValue ()Z 1297 1 162 0 -1
ciMethod java/lang/Character isWhitespace (C)Z 2073 1 32772 0 224
ciMethod java/lang/Character isWhitespace (I)Z 2073 1 32772 0 0
ciMethod java/lang/Integer parseInt (Ljava/lang/String;I)I 241 289 4338 0 -1
ciMethod java/util/Iterator hasNext ()Z 0 0 1 0 -1
ciMethod java/util/Iterator next ()Ljava/lang/Object; 0 0 1 0 -1
ciMethod java/util/Set iterator ()Ljava/util/Iterator; 0 0 1 0 -1
ciMethod java/util/Objects requireNonNull (Ljava/lang/Object;)Ljava/lang/Object; 2049 1 264910 0 -1
ciMethod java/lang/StringLatin1 canEncode (I)Z 945 1 125714 0 64
ciMethod java/lang/StringLatin1 equals ([B[B)Z 1937 1753 3314 0 -1
ciMethod java/lang/StringLatin1 newString ([BII)Ljava/lang/String; 1305 1 144243 0 0
ciMethod java/lang/StringLatin1 inflate ([BI[BII)V 0 0 1174 0 -1
ciMethod java/util/Arrays copyOf ([BI)[B 961 1 31182 0 544
ciMethod java/util/Arrays copyOfRange ([BII)[B 2049 1 6563 0 576
ciMethod java/lang/Math max (II)I 2593 1 120757 0 -1
ciMethod java/lang/Math min (II)I 2313 1 145519 0 -1
ciMethod java/lang/StringUTF16 newBytesFor (I)[B 1 1 1015 0 -1
ciMethod java/lang/StringUTF16 putChar ([BII)V 200033 1 32639 0 -1
ciMethod java/lang/StringUTF16 getChar ([BI)C 4033 1 6849 0 -1
ciMethod java/lang/StringUTF16 length ([B)I 17 1 76853 0 64
ciMethod java/lang/StringUTF16 toBytes ([CII)[B 1 1 2 0 -1
ciMethod java/lang/StringUTF16 compress ([CII)[B 2033 1 20456 0 0
ciMethod java/lang/StringUTF16 compress ([BII)[B 2177 1 1526 0 0
ciMethod java/lang/StringUTF16 compress ([CI[BII)I 1025 56297 5526 0 -1
ciMethod java/lang/StringUTF16 compress ([BI[BII)I 825 25961 1526 0 -1
ciMethod java/lang/StringUTF16 equals ([B[B)Z 1 1 2 0 -1
ciMethod java/lang/StringUTF16 newString ([BII)Ljava/lang/String; 1 1 1194 0 0
ciMethod java/lang/StringUTF16 putCharSB ([BII)V 1 1 5152 0 96
ciMethod java/lang/StringUTF16 charAt ([BI)C 9 1 62368 0 96
ciMethod java/lang/StringUTF16 checkIndex (I[B)V 9 1 67520 0 0
ciMethod java/lang/reflect/Modifier isAbstract (I)Z 2049 1 8238 0 -1
ciMethod jdk/internal/reflect/Reflection getCallerClass ()Ljava/lang/Class; 2049 1 256 0 -1
ciMethod java/util/List isEmpty ()Z 0 0 1 0 -1
ciMethod java/util/List toArray ()[Ljava/lang/Object; 0 0 1 0 -1
ciMethod java/util/List get (I)Ljava/lang/Object; 0 0 1 0 -1
ciMethod java/io/Writer <init> ()V 2873 1 3959 0 0
ciMethod java/io/Writer write (I)V 3369 1 15969 0 -1
ciMethodData java/lang/Object <init> ()V 2 1419404 orig 80 0 2 0 0 1 0 0 0 0 0 0 0 0 0 0 0 0 0 0 0 0 0 0 0 0 0 0 0 0 0 0 0 0 0 0 0 0 0 0 0 0 0 0 0 0 0 0 0 0 0 0 0 0 0 0 0 0 0 0 0 0 0 0 0 0 0 0 0 0 0 0 0 0 0 0 0 0 0 0 0 data 4 0x0 0x9 0x1 0x0 oops 0 methods 0
ciMethod java/lang/CharacterData isWhitespace (I)Z 0 0 1 0 -1
ciMethod java/lang/CharacterData of (I)Ljava/lang/CharacterData; 3073 1 18716 0 96
ciMethod java/lang/CharacterDataLatin1 getProperties (I)I 2073 1 56829 0 96
ciMethod java/lang/CharacterDataLatin1 isWhitespace (I)Z 4097 1 11040 0 96
ciMethodData java/lang/String isLatin1 ()Z 2 1858073 orig 80 0 2 0 0 1 0 0 0 0 0 0 0 0 0 0 0 0 0 0 0 0 0 0 0 0 0 0 0 0 0 0 0 0 0 0 0 0 0 5 0 0 0 0 0 0 0 0 0 0 0 0 0 0 0 0 0 0 0 0 0 0 0 0 0 0 0 0 0 0 0 0 0 0 0 0 0 0 0 0 0 data 18 0x30007 0x0 0x58 0x1c5819 0x80000006000a0007 0xc04a 0x38 0x1b97d5 0xe0003 0x1b97d6 0x18 0x0 0x0 0x0 0x0 0x9 0x1 0x0 oops 0 methods 0
ciMethodData java/lang/String coder ()B 2 1104044 orig 80 0 1 0 0 0 0 0 0 0 0 0 0 0 0 0 0 0 0 0 0 0 0 0 0 0 0 0 0 0 0 0 0 0 0 0 0 0 0 0 0 0 0 0 0 0 0 0 0 0 0 0 0 0 0 0 0 0 0 0 0 0 0 0 0 0 0 0 0 0 0 0 0 0 0 0 0 0 0 0 0 data 14 0x30007 0x0 0x38 0x10d7b8 0xa0003 0x10d7b9 0x18 0x0 0x0 0x0 0x0 0x9 0x1 0x0 oops 0 methods 0
ciMethodData java/lang/String equals (Ljava/lang/Object;)Z 2 27891 orig 80 54 1 0 0 2 0 0 0 0 0 0 0 0 0 0 0 0 0 0 0 3 0 0 0 0 0 0 0 0 0 0 0 0 0 0 0 0 0 2 0 0 0 0 0 0 0 0 0 0 0 0 0 0 0 0 0 0 0 0 0 0 0 0 0 0 0 0 0 0 0 0 0 0 0 0 0 0 0 0 0 data 68 0x20007 0x5a47 0x20 0xaa2 0x400080104 0xfffffffffffffff9 0x0 0x1c87a1d4c10 0x59f9 0x1c87a1d4ca0 0x3 0xb0007 0x51 0x178 0x59f9 0xf0004 0x0 0x0 0x1c87a1d4c10 0x59f9 0x0 0x0 0x140005 0x59f9 0x0 0x0 0x0 0x0 0x0 0x180005 0x59f9 0x0 0x0 0x0 0x0 0x0 0x80000006001b0007 0x32 0xb0 0x59c8 0x1f0005 0x59c8 0x0 0x0 0x0 0x0 0x0 0x8000000600220007 0x2 0x48 0x59c7 0x2d0002 0x59c7 0x300003 0x59c7 0x28 0x3b0002 0x2 0x0 0x0 0x0 0x0 0x0 0x0 0x9 0x2 0x0 0x0 oops 3 7 java/lang/String 9 java/lang/Class 18 java/lang/String methods 0
ciMethod java/lang/Enum ordinal ()I 1065 1 133 0 0
ciMethodData java/lang/StringUTF16 charAt ([BI)C 2 62368 orig 80 1 0 0 0 0 0 0 0 0 0 0 0 0 0 0 0 0 0 0 0 0 0 0 0 0 0 0 0 0 0 0 0 0 0 0 0 0 0 0 0 0 0 0 0 0 0 0 0 0 0 0 0 0 0 0 0 0 0 0 0 0 0 0 0 0 0 0 0 0 0 0 0 0 0 0 0 0 0 0 0 data 14 0x20002 0xf39f 0x70002 0x203 0x0 0x0 0x0 0x0 0x0 0x0 0x9 0x2 0x0 0x0 oops 0 methods 0
ciMethodData java/lang/StringUTF16 checkIndex (I[B)V 2 67520 orig 80 1 0 0 0 0 0 0 0 0 0 0 0 0 0 0 0 0 0 0 0 0 0 0 0 0 0 0 0 0 0 0 0 0 0 0 0 0 0 0 0 0 0 0 0 0 0 0 0 0 0 0 0 0 0 0 0 0 0 0 0 0 0 0 0 0 0 0 0 0 0 0 0 0 0 0 0 0 0 0 0 data 14 0x20002 0x107bf 0x50002 0x107bf 0x0 0x0 0x0 0x0 0x0 0x0 0x9 0x2 0x0 0x0 oops 0 methods 0
ciMethodData java/lang/StringUTF16 length ([B)I 2 76853 orig 80 2 0 0 0 0 0 0 0 0 0 0 0 0 0 0 0 0 0 0 0 0 0 0 0 0 0 0 0 0 0 0 0 0 0 0 0 0 0 0 0 0 0 0 0 0 0 0 0 0 0 0 0 0 0 0 0 0 0 0 0 0 0 0 0 0 0 0 0 0 0 0 0 0 0 0 0 0 0 0 0 data 6 0x0 0x0 0x0 0x9 0x1 0x0 oops 0 methods 0
ciMethodData java/lang/String checkIndex (II)V 2 5121 orig 80 1 0 0 0 0 0 0 0 0 0 0 0 0 0 0 0 0 0 0 0 0 0 0 0 0 0 0 0 0 0 0 0 0 0 0 0 0 0 0 0 0 0 0 0 0 0 0 0 0 0 0 0 0 0 0 0 0 0 0 0 0 0 0 0 0 0 0 0 0 0 0 0 0 0 0 0 0 0 0 0 data 57 0x10007 0x0 0x40 0x1400 0x60007 0x1400 0x158 0x0 0x110002 0x0 0x160005 0x0 0x0 0x0 0x0 0x0 0x0 0x1a0005 0x0 0x0 0x0 0x0 0x0 0x0 0x1f0005 0x0 0x0 0x0 0x0 0x0 0x0 0x230005 0x0 0x0 0x0 0x0 0x0 0x0 0x260005 0x0 0x0 0x0 0x0 0x0 0x0 0x290002 0x0 0x0 0x0 0x0 0x0 0x0 0x0 0x9 0x2 0x0 0x0 oops 0 methods 0
ciMethodData java/lang/StringLatin1 canEncode (I)Z 2 125714 orig 80 118 0 0 0 1 0 0 0 1 0 0 0 0 0 0 0 0 0 0 0 0 0 0 0 0 0 0 0 0 0 0 0 0 0 0 0 0 0 3 0 0 0 0 0 0 0 0 0 0 0 0 0 0 0 0 0 0 0 0 0 0 0 0 0 0 0 0 0 0 0 0 0 0 0 0 0 0 0 0 0 data 11 0x8000000600040007 0xcf 0x38 0x1e9d0 0x80003 0x1e9d0 0x18 0x0 0x9 0x1 0x0 oops 0 methods 0
ciMethod java/util/function/Function apply (Ljava/lang/Object;)Ljava/lang/Object; 0 0 1 0 -1
ciMethodData java/lang/String length ()I 2 821796 orig 80 0 2 0 0 0 0 0 0 0 0 0 0 0 0 0 0 0 0 0 0 0 0 0 0 0 0 0 0 0 0 0 0 0 0 0 0 0 0 0 0 0 0 0 0 0 0 0 0 0 0 0 0 0 0 0 0 0 0 0 0 0 0 0 0 0 0 0 0 0 0 0 0 0 0 0 0 0 0 0 0 data 16 0x60005 0xc882d 0x0 0x0 0x0 0x0 0x0 0x0 0x0 0x0 0x0 0x0 0x0 0x9 0x1 0x0 oops 0 methods 0
ciMethodData java/lang/CharacterDataLatin1 getProperties (I)I 2 56829 orig 80 3 1 0 0 0 0 0 0 0 0 0 0 0 0 0 0 0 0 0 0 0 0 0 0 0 0 0 0 0 0 0 0 0 0 0 0 0 0 0 0 0 0 0 0 0 0 0 0 0 0 0 0 0 0 0 0 0 0 0 0 0 0 0 0 0 0 0 0 0 0 0 0 0 0 0 0 0 0 0 0 data 7 0x0 0x0 0x0 0x9 0x2 0x0 0x0 oops 0 methods 0
ciMethodData java/lang/AbstractStringBuilder ensureCapacityInternal (I)V 2 7046 orig 80 31 1 0 0 0 0 0 0 0 0 0 0 0 0 0 0 0 0 0 0 0 0 0 0 0 0 0 0 0 0 0 0 0 0 0 0 0 0 0 0 0 0 0 0 0 0 0 0 0 0 0 0 0 0 0 0 0 0 0 0 0 0 0 0 0 0 0 0 0 0 0 0 0 0 0 0 0 0 0 0 data 23 0xe0007 0x18c9 0x68 0x19d 0x180005 0x19d 0x0 0x0 0x0 0x0 0x0 0x200002 0x19d 0x0 0x0 0x0 0x0 0x0 0x0 0x9 0x2 0xc 0x0 oops 0 methods 0
ciMethodData java/lang/AbstractStringBuilder newCapacity (I)I 1 468 orig 80 55 0 0 0 0 0 0 0 0 0 0 0 0 0 0 0 0 0 0 0 0 0 0 0 0 0 0 0 0 0 0 0 0 0 0 0 0 0 0 0 0 0 0 0 0 0 0 0 0 0 0 0 0 0 0 0 0 0 0 0 0 0 0 0 0 0 0 0 0 0 0 0 0 0 0 0 0 0 0 0 data 32 0x140007 0xd2 0x20 0xcb 0x230007 0x0 0x40 0x19d 0x2a0007 0x19d 0x70 0x0 0x2f0005 0x0 0x0 0x0 0x0 0x0 0x0 0x320003 0x0 0x18 0x0 0x0 0x0 0x0 0x0 0x0 0x9 0x2 0x0 0x0 oops 0 methods 0
ciMethodData java/util/Arrays copyOf ([BI)[B 2 31182 orig 80 120 0 0 0 0 0 0 0 0 0 0 0 0 0 0 0 0 0 0 0 0 0 0 0 0 0 0 0 0 0 0 0 0 0 0 0 0 0 0 0 0 0 0 0 0 0 0 0 0 0 0 0 0 0 0 0 0 0 0 0 0 0 0 0 0 0 0 0 0 0 0 0 0 0 0 0 0 0 0 0 data 14 0xb0002 0x7956 0xe0002 0x7956 0x0 0x0 0x0 0x0 0x0 0x0 0x9 0x2 0xffffffffffffffff 0x0 oops 0 methods 0
ciMethodData java/lang/AbstractStringBuilder isLatin1 ()Z 2 180652 orig 80 153 1 0 0 1 0 0 0 0 0 0 0 0 0 0 0 0 0 0 0 0 0 0 0 0 0 0 0 0 0 0 0 0 0 0 0 0 0 2 0 0 0 0 0 0 0 0 0 0 0 0 0 0 0 0 0 0 0 0 0 0 0 0 0 0 0 0 0 0 0 0 0 0 0 0 0 0 0 0 0 data 18 0x30007 0x0 0x58 0x2c013 0x80000006000a0007 0x2799 0x38 0x2987c 0xe0003 0x2987c 0x18 0x0 0x0 0x0 0x0 0x9 0x1 0x0 oops 0 methods 0
ciMethodData java/lang/StringBuilder append (C)Ljava/lang/StringBuilder; 2 255844 orig 80 67 1 0 0 1 0 0 0 0 0 0 0 0 0 0 0 0 0 0 0 0 0 0 0 0 0 0 0 0 0 0 0 0 0 0 0 0 0 0 0 0 0 0 0 0 0 0 0 0 0 0 0 0 0 0 0 0 0 0 0 0 0 0 0 0 0 0 0 0 0 0 0 0 0 0 0 0 0 0 0 data 9 0x20002 0x3e621 0x0 0x0 0x0 0x9 0x2 0xe 0x0 oops 0 methods 0
ciMethodData java/lang/AbstractStringBuilder append (C)Ljava/lang/AbstractStringBuilder; 2 22199 orig 80 67 1 0 0 1 0 0 0 0 0 0 0 0 0 0 0 0 0 0 0 0 0 0 0 0 0 0 0 0 0 0 0 0 0 0 0 0 0 0 0 0 0 0 0 0 0 0 0 0 0 0 0 0 0 0 0 0 0 0 0 0 0 0 0 0 0 0 0 0 0 0 0 0 0 0 0 0 0 0 0 data 57 0x70005 0x5574 0x0 0x0 0x0 0x0 0x0 0xb0005 0x5574 0x0 0x0 0x0 0x0 0x0 0xe0007 0x2f 0x68 0x5546 0x120002 0x5546 0x150007 0x4 0x38 0x5543 0x2a0003 0x5543 0xb8 0x2e0005 0x33 0x0 0x0 0x0 0x0 0x0 0x310007 0x2f 0x58 0x4 0x350005 0x4 0x0 0x0 0x0 0x0 0x0 0x480002 0x33 0x0 0x0 0x0 0x0 0x0 0x0 0x9 0x2 0xe 0x0 oops 0 methods 0
ciMethodData java/lang/AbstractStringBuilder inflate ()V 2 1248 orig 80 0 0 0 0 0 0 0 0 0 0 0 0 0 0 0 0 0 0 0 0 0 0 0 0 0 0 0 0 0 0 0 0 0 0 0 0 0 0 0 0 0 0 0 0 0 0 0 0 0 0 0 0 0 0 0 0 0 0 0 0 0 0 0 0 0 0 0 0 0 0 0 0 0 0 0 0 0 0 0 0 data 24 0x10005 0x4e0 0x0 0x0 0x0 0x0 0x0 0x40007 0x42b 0x20 0xb5 0xd0002 0x42b 0x1c0002 0x42b 0x0 0x0 0x0 0x0 0x0 0x0 0x9 0x1 0xc oops 0 methods 0
ciMethodData java/lang/StringUTF16 putCharSB ([BII)V 2 5152 orig 80 0 0 0 0 0 0 0 0 0 0 0 0 0 0 0 0 0 0 0 0 0 0 0 0 0 0 0 0 0 0 0 0 0 0 0 0 0 0 0 0 0 0 0 0 0 0 0 0 0 0 0 0 0 0 0 0 0 0 0 0 0 0 0 0 0 0 0 0 0 0 0 0 0 0 0 0 0 0 0 0 data 15 0x20002 0x1420 0x80002 0x15d 0x0 0x0 0x0 0x0 0x0 0x0 0x9 0x3 0xffffffffffffffff 0x0 0x0 oops 0 methods 0
ciMethodData java/lang/CharacterData of (I)Ljava/lang/CharacterData; 2 18716 orig 80 128 1 0 0 1 0 0 0 0 0 0 0 0 0 0 0 0 0 0 0 0 0 0 0 0 0 0 0 0 0 0 0 0 0 0 0 0 0 1 0 0 0 0 0 0 0 0 0 0 0 0 0 0 0 0 0 0 0 0 0 0 0 0 0 0 0 0 0 0 0 0 0 0 0 0 0 0 0 0 0 data 49 0x8000000600040007 0x1 0x20 0x479c 0xf0008 0x24 0x0 0x130 0x1 0x130 0x0 0x130 0x0 0x130 0x0 0x130 0x0 0x130 0x0 0x130 0x0 0x130 0x0 0x130 0x0 0x130 0x0 0x130 0x0 0x130 0x0 0x130 0x0 0x130 0x0 0x130 0x0 0x130 0x0 0x130 0x0 0x130 0x0 0x0 0x0 0x0 0x9 0x1 0x0 oops 0 methods 0
ciMethod java/lang/invoke/MethodHandles lookup ()Ljava/lang/invoke/MethodHandles$Lookup; 169 1 24 0 -1
ciMethod java/lang/invoke/MethodHandles$Lookup <init> (Ljava/lang/Class;)V 177 1 25 0 0
ciMethod java/lang/invoke/MethodHandles$Lookup <init> (Ljava/lang/Class;I)V 3881 1 1568 0 0
ciMethod java/lang/invoke/MethodHandles$Lookup in (Ljava/lang/Class;)Ljava/lang/invoke/MethodHandles$Lookup; 2793 1 1541 0 0
ciMethod java/lang/invoke/MethodHandles$Lookup checkUnprivilegedlookupClass (Ljava/lang/Class;)V 49 1 38 0 0
ciMethod java/lang/invoke/MethodHandles$Lookup unreflect (Ljava/lang/reflect/Method;)Ljava/lang/invoke/MethodHandle; 105 1 12 0 -1
ciMethod sun/invoke/util/VerifyAccess isClassAccessible (Ljava/lang/Class;Ljava/lang/Class;I)Z 2049 1 2593 0 -1
ciMethod sun/invoke/util/VerifyAccess isSameModule (Ljava/lang/Class;Ljava/lang/Class;)Z 0 0 13 0 -1
ciMethod sun/invoke/util/VerifyAccess isSamePackage (Ljava/lang/Class;Ljava/lang/Class;)Z 1513 1 1745 0 -1
ciMethod sun/invoke/util/VerifyAccess isSamePackageMember (Ljava/lang/Class;Ljava/lang/Class;)Z 0 0 1 0 -1
ciMethodData java/util/Arrays copyOfRange ([BII)[B 2 6563 orig 80 0 1 0 0 0 0 0 0 0 0 0 0 0 0 0 0 0 0 0 0 0 0 0 0 0 0 0 0 0 0 0 0 0 0 0 0 0 0 0 0 0 0 0 0 0 0 0 0 0 0 0 0 0 0 0 0 0 0 0 0 0 0 0 0 0 0 0 0 0 0 0 0 0 0 0 0 0 0 0 0 data 51 0x50007 0x18a3 0x120 0x0 0x100002 0x0 0x140005 0x0 0x0 0x0 0x0 0x0 0x0 0x190005 0x0 0x0 0x0 0x0 0x0 0x0 0x1d0005 0x0 0x0 0x0 0x0 0x0 0x0 0x200005 0x0 0x0 0x0 0x0 0x0 0x0 0x230002 0x0 0x360002 0x18a3 0x390002 0x18a3 0x0 0x0 0x0 0x0 0x0 0x0 0x9 0x3 0xffffffffffffffff 0x0 0x0 oops 0 methods 0
ciMethodData java/lang/StringBuilder <init> ()V 2 119779 orig 80 95 0 0 0 0 0 0 0 0 0 0 0 0 0 0 0 0 0 0 0 0 0 0 0 0 0 0 0 0 0 0 0 0 0 0 0 0 0 0 0 0 0 0 0 0 0 0 0 0 0 0 0 0 0 0 0 0 0 0 0 0 0 0 0 0 0 0 0 0 0 0 0 0 0 0 0 0 0 0 0 data 7 0x30002 0x1d384 0x0 0x0 0x9 0x1 0xc oops 0 methods 0
ciMethodData java/lang/AbstractStringBuilder <init> (I)V 2 8666 orig 80 101 0 0 0 0 0 0 0 0 0 0 0 0 0 0 0 0 0 0 0 0 0 0 0 0 0 0 0 0 0 0 0 0 0 0 0 0 0 0 0 0 0 0 0 0 0 0 0 0 0 0 0 0 0 0 0 0 0 0 0 0 0 0 0 0 0 0 0 0 0 0 0 0 0 0 0 0 0 0 0 data 21 0x10002 0x2175 0x70007 0x0 0x38 0x2175 0x160003 0x2175 0x28 0x1b0002 0x0 0x0 0x0 0x0 0x0 0x0 0x0 0x9 0x2 0xc 0x0 oops 0 methods 0
ciMethodData java/lang/StringBuilder append (Ljava/lang/String;)Ljava/lang/StringBuilder; 2 376013 orig 80 211 0 0 0 2 0 0 0 0 0 0 0 0 0 0 0 0 0 0 0 0 0 0 0 0 0 0 0 0 0 0 0 0 0 0 0 0 0 0 0 0 0 0 0 0 0 0 0 0 0 0 0 0 0 0 0 0 0 0 0 0 0 0 0 0 0 0 0 0 0 0 0 0 0 0 0 0 0 0 0 data 9 0x20002 0x5bbfa 0x0 0x0 0x0 0x9 0x2 0xe 0x0 oops 0 methods 0
ciMethodData java/lang/StringBuilder toString ()Ljava/lang/String; 2 124433 orig 80 100 0 0 0 1 0 0 0 0 0 0 0 0 0 0 0 0 0 0 0 0 0 0 0 0 0 0 0 0 0 0 0 0 0 0 0 0 0 1 0 0 0 0 0 0 0 0 0 0 0 0 0 0 0 0 0 0 0 0 0 0 0 0 0 0 0 0 0 0 0 0 0 0 0 0 0 0 0 0 0 data 27 0x10005 0x1e5ad 0x0 0x0 0x0 0x0 0x0 0x8000000600040007 0x2dc 0x48 0x1e2d2 0x100002 0x1e2d2 0x130003 0x1e2d2 0x28 0x1f0002 0x2dc 0x0 0x0 0x0 0x0 0x0 0x0 0x9 0x1 0x0 oops 0 methods 0
ciMethodData java/lang/StringLatin1 newString ([BII)Ljava/lang/String; 2 146866 orig 80 163 0 0 0 0 0 0 0 0 0 0 0 0 0 0 0 0 0 0 0 0 0 0 0 0 0 0 0 0 0 0 0 0 0 0 0 0 0 0 0 0 0 0 0 0 0 0 0 0 0 0 0 0 0 0 0 0 0 0 0 0 0 0 0 0 0 0 0 0 0 0 0 0 0 0 0 0 0 0 0 data 15 0x90002 0x23d0f 0xd0002 0x23d0f 0x0 0x0 0x0 0x0 0x0 0x0 0x9 0x3 0xffffffffffffffff 0x0 0x0 oops 0 methods 0
ciMethodData java/lang/String <init> ([BB)V 2 175301 orig 80 245 0 0 0 0 0 0 0 0 0 0 0 0 0 0 0 0 0 0 0 0 0 0 0 0 0 0 0 0 0 0 0 0 0 0 0 0 0 0 0 0 0 0 0 0 0 0 0 0 0 0 0 0 0 0 0 0 0 0 0 0 0 0 0 0 0 0 0 0 0 0 0 0 0 0 0 0 0 0 0 data 11 0x10002 0x2abd0 0x0 0x0 0x0 0x0 0x9 0x3 0xe 0x0 0x0 oops 0 methods 0
ciMethodData java/lang/StringUTF16 newString ([BII)Ljava/lang/String; 2 1526 orig 80 0 0 0 0 0 0 0 0 0 0 0 0 0 0 0 0 0 0 0 0 0 0 0 0 0 0 0 0 0 0 0 0 0 0 0 0 0 0 0 0 0 0 0 0 0 0 0 0 0 0 0 0 0 0 0 0 0 0 0 0 0 0 0 0 0 0 0 0 0 0 0 0 0 0 0 0 0 0 0 0 data 27 0x30007 0x0 0x60 0x5f6 0x90002 0x5f6 0xe0007 0x5f3 0x30 0x3 0x170002 0x3 0x2a0002 0x5f3 0x2e0002 0x5f3 0x0 0x0 0x0 0x0 0x0 0x0 0x9 0x3 0xffffffffffffffff 0x0 0x0 oops 0 methods 0
ciMethod java/io/IOException <init> (Ljava/lang/String;)V 401 1 389 0 0
ciMethod java/io/Reader read ([CII)I 0 0 1 0 -1
ciMethod java/io/BufferedReader ensureOpen ()V 1057 1 33975 0 0
ciMethod java/io/BufferedReader fill ()V 233 1 834 0 0
ciMethod java/io/BufferedReader read ()I 2177 1 13954 0 1376
ciMethod java/io/BufferedReader mark (I)V 545 1 7564 0 0
ciMethod java/io/BufferedReader reset ()V 905 1 10993 0 992
ciMethodData java/lang/String startsWith (Ljava/lang/String;)Z 2 160601 orig 80 6 1 0 0 1 0 0 0 0 0 0 0 0 0 0 0 0 0 0 0 0 0 0 0 0 0 0 0 0 0 0 0 0 0 0 0 0 0 0 0 0 0 0 0 0 0 0 0 0 0 0 0 0 0 0 0 0 0 0 0 0 0 0 0 0 0 0 0 0 0 0 0 0 0 0 0 0 0 0 0 data 17 0x30005 0x27253 0x0 0x0 0x0 0x0 0x0 0x0 0x0 0x0 0x0 0x0 0x0 0x9 0x2 0x0 0x0 oops 0 methods 0
ciMethodData java/lang/AbstractStringBuilder hugeCapacity (I)I 1 0 orig 80 0 0 0 0 0 0 0 0 0 0 0 0 0 0 0 0 0 0 0 0 0 0 0 0 0 0 0 0 0 0 0 0 0 0 0 0 0 0 0 0 0 0 0 0 0 0 0 0 0 0 0 0 0 0 0 0 0 0 0 0 0 0 0 0 0 0 0 0 0 0 0 0 0 0 0 0 0 0 0 0 data 21 0x130007 0x0 0x30 0x0 0x1a0002 0x0 0x200007 0x0 0x38 0x0 0x240003 0x0 0x18 0x0 0x0 0x0 0x0 0x9 0x2 0x0 0x0 oops 0 methods 0
ciMethodData java/lang/Class getName ()Ljava/lang/String; 2 55986 orig 80 0 1 0 0 0 0 0 0 0 0 0 0 0 0 0 0 0 0 0 0 0 0 0 0 0 0 0 0 0 0 0 0 0 0 0 0 0 0 0 0 0 0 0 0 0 0 0 0 0 0 0 0 0 0 0 0 0 0 0 0 0 0 0 0 0 0 0 0 0 0 0 0 0 0 0 0 0 0 0 0 data 23 0x60007 0x102f 0x38 0xc983 0xa0003 0xc983 0x50 0xe0005 0x102f 0x0 0x0 0x0 0x0 0x0 0x0 0x0 0x0 0x0 0x0 0x0 0x9 0x1 0x0 oops 0 methods 0
ciMethodData java/lang/String <init> ([CIILjava/lang/Void;)V 2 20477 orig 80 1 1 0 0 1 0 0 0 0 0 0 0 0 0 0 0 0 0 0 0 0 0 0 0 0 0 0 0 0 0 0 0 0 0 0 0 0 0 0 0 0 0 0 0 0 0 0 0 0 0 0 0 0 0 0 0 0 0 0 0 0 0 0 0 0 0 0 0 0 0 0 0 0 0 0 0 0 0 0 0 data 31 0x10002 0x4efc 0x50007 0x4eea 0x20 0x12 0x1e0007 0x0 0x50 0x4eea 0x240002 0x4eea 0x2b0007 0x2 0x20 0x4ee9 0x430002 0x2 0x0 0x0 0x0 0x0 0x0 0x0 0x9 0x5 0xe 0x0 0x0 0x0 0x0 oops 0 methods 0
ciMethodData java/lang/StringUTF16 compress ([CII)[B 2 20456 orig 80 254 0 0 0 0 0 0 0 0 0 0 0 0 0 0 0 0 0 0 0 0 0 0 0 0 0 0 0 0 0 0 0 0 0 0 0 0 0 1 0 0 0 0 0 0 0 0 0 0 0 0 0 0 0 0 0 0 0 0 0 0 0 0 0 0 0 0 0 0 0 0 0 0 0 0 0 0 0 0 0 data 17 0x90002 0x4eea 0x80000006000d0007 0x2 0x20 0x4ee9 0x0 0x0 0x0 0x0 0x0 0x0 0x9 0x3 0x0 0x0 0x0 oops 0 methods 0
ciMethodData java/lang/StringBuilder <init> (I)V 2 27336 orig 80 223 0 0 0 0 0 0 0 0 0 0 0 0 0 0 0 0 0 0 0 0 0 0 0 0 0 0 0 0 0 0 0 0 0 0 0 0 0 0 0 0 0 0 0 0 0 0 0 0 0 0 0 0 0 0 0 0 0 0 0 0 0 0 0 0 0 0 0 0 0 0 0 0 0 0 0 0 0 0 0 data 8 0x20002 0x69e9 0x0 0x0 0x9 0x2 0x0 0x0 oops 0 methods 0
ciMethodData java/lang/StringBuilder length ()I 2 33010 orig 80 2 0 0 0 0 0 0 0 0 0 0 0 0 0 0 0 0 0 0 0 0 0 0 0 0 0 0 0 0 0 0 0 0 0 0 0 0 0 0 0 0 0 0 0 0 0 0 0 0 0 0 0 0 0 0 0 0 0 0 0 0 0 0 0 0 0 0 0 0 0 0 0 0 0 0 0 0 0 0 0 data 7 0x10002 0x80f0 0x0 0x0 0x9 0x1 0x0 oops 0 methods 0
ciMethodData java/lang/StringBuilder charAt (I)C 2 32796 orig 80 0 0 0 0 1 0 0 0 0 0 0 0 0 0 0 0 0 0 0 0 0 0 0 0 0 0 0 0 0 0 0 0 0 0 0 0 0 0 0 0 0 0 0 0 0 0 0 0 0 0 0 0 0 0 0 0 0 0 0 0 0 0 0 0 0 0 0 0 0 0 0 0 0 0 0 0 0 0 0 0 data 8 0x20002 0x801c 0x0 0x0 0x9 0x2 0x0 0x0 oops 0 methods 0
ciMethodData java/lang/AbstractStringBuilder charAt (I)C 2 16335 orig 80 0 0 0 0 1 0 0 0 0 0 0 0 0 0 0 0 0 0 0 0 0 0 0 0 0 0 0 0 0 0 0 0 0 0 0 0 0 0 2 0 0 0 0 0 0 0 0 0 0 0 0 0 0 0 0 0 0 0 0 0 0 0 0 0 0 0 0 0 0 0 0 0 0 0 0 0 0 0 0 0 data 25 0x50002 0x3fcf 0x90005 0x3fcf 0x0 0x0 0x0 0x0 0x0 0x80000006000c0007 0x407 0x20 0x3bca 0x200002 0x407 0x0 0x0 0x0 0x0 0x0 0x0 0x9 0x2 0x0 0x0 oops 0 methods 0
ciMethod java/util/regex/Pattern matcher (Ljava/lang/CharSequence;)Ljava/util/regex/Matcher; 153 1 8278 0 256
ciMethod java/util/regex/Pattern compile ()V 1209 15041 5218 0 -1
ciMethod java/util/regex/Pattern$Node match (Ljava/util/regex/Matcher;ILjava/lang/CharSequence;)Z 2049 1 1490 0 -1
ciMethod java/util/regex/Matcher <init> (Ljava/util/regex/Pattern;Ljava/lang/CharSequence;)V 3225 1 7607 0 2400
ciMethod java/util/regex/Matcher reset ()Ljava/util/regex/Matcher; 1025 23905 1229 0 -1
ciMethod java/util/regex/Matcher matches ()Z 2049 1 6053 0 0
ciMethod java/util/regex/Matcher match (II)Z 825 16481 981 0 512
ciMethod java/util/regex/IntHashSet clear ()V 0 0 1 0 -1
ciMethodData java/lang/String <init> ([C)V 2 24378 orig 80 7 1 0 0 0 0 0 0 0 0 0 0 0 0 0 0 0 0 0 0 0 0 0 0 0 0 0 0 0 0 0 0 0 0 0 0 0 0 0 0 0 0 0 0 0 0 0 0 0 0 0 0 0 0 0 0 0 0 0 0 0 0 0 0 0 0 0 0 0 0 0 0 0 0 0 0 0 0 0 0 data 9 0x60002 0x5e32 0x0 0x0 0x0 0x9 0x2 0xe 0x0 oops 0 methods 0
ciMethod java/lang/ClassValue get (Ljava/lang/Class;)Ljava/lang/Object; 16601 1 18234 0 -1
ciMethodData java/lang/invoke/DirectMethodHandle internalMemberName (Ljava/lang/Object;)Ljava/lang/Object; 2 50882 orig 80 136 1 0 0 1 0 0 0 0 0 0 0 0 0 0 0 0 0 0 0 4 0 0 0 0 0 0 0 0 0 0 0 0 0 0 0 0 0 0 0 0 0 0 0 0 0 0 0 0 0 0 0 0 0 0 0 0 0 0 0 0 0 0 0 0 0 0 0 0 0 0 0 0 0 0 0 0 0 0 0 data 16 0x8000000400010004 0x0 0x0 0x1c87a1d69f0 0x3dc2 0x1c80f4c53f0 0x4 0x0 0x0 0x0 0x0 0x0 0x0 0x9 0x1 0x0 oops 2 3 java/lang/invoke/DirectMethodHandle 5 java/lang/invoke/DirectMethodHandle$Interface methods 0
ciMethodData java/lang/Character isWhitespace (C)Z 2 32772 orig 80 3 1 0 0 0 0 0 0 0 0 0 0 0 0 0 0 0 0 0 0 0 0 0 0 0 0 0 0 0 0 0 0 0 0 0 0 0 0 0 0 0 0 0 0 0 0 0 0 0 0 0 0 0 0 0 0 0 0 0 0 0 0 0 0 0 0 0 0 0 0 0 0 0 0 0 0 0 0 0 0 data 11 0x10002 0x7f01 0x0 0x0 0x0 0x0 0x0 0x0 0x9 0x1 0x0 oops 0 methods 0
ciMethodData java/lang/Character isWhitespace (I)Z 2 32772 orig 80 3 1 0 0 0 0 0 0 0 0 0 0 0 0 0 0 0 0 0 0 0 0 0 0 0 0 0 0 0 0 0 0 0 0 0 0 0 0 0 0 0 0 0 0 0 0 0 0 0 0 0 0 0 0 0 0 0 0 0 0 0 0 0 0 0 0 0 0 0 0 0 0 0 0 0 0 0 0 0 0 data 18 0x10002 0x7f01 0x50005 0x0 0x0 0x1c87ababd00 0x7efb 0x1c87ababd90 0x6 0x0 0x0 0x0 0x0 0x0 0x0 0x9 0x1 0x0 oops 2 5 java/lang/CharacterDataLatin1 7 java/lang/CharacterData00 methods 0
ciMethodData java/lang/CharacterDataLatin1 isWhitespace (I)Z 2 11040 orig 80 0 2 0 0 1 0 0 0 0 0 0 0 0 0 0 0 0 0 0 0 0 0 0 0 0 0 0 0 0 0 0 0 0 0 0 0 0 0 1 0 0 0 0 0 0 0 0 0 0 0 0 0 0 0 0 0 0 0 0 0 0 0 0 0 0 0 0 0 0 0 0 0 0 0 0 0 0 0 0 0 data 24 0x20005 0x0 0x0 0x1c87ababd00 0x2920 0x0 0x0 0x80000006000e0007 0x2913 0x38 0xe 0x120003 0xe 0x18 0x0 0x0 0x0 0x0 0x0 0x0 0x9 0x2 0x0 0x0 oops 1 3 java/lang/CharacterDataLatin1 methods 0
ciMethodData java/io/BufferedReader ensureOpen ()V 2 33982 orig 80 132 0 0 0 0 0 0 0 0 0 0 0 0 0 0 0 0 0 0 0 0 0 0 0 0 0 0 0 0 0 0 0 0 0 0 0 0 0 0 0 0 0 0 0 0 0 0 0 0 0 0 0 0 0 0 0 0 0 0 0 0 0 0 0 0 0 0 0 0 0 0 0 0 0 0 0 0 0 0 0 data 15 0x40007 0x8422 0x30 0x18 0xd0002 0x18 0x0 0x0 0x0 0x0 0x0 0x0 0x9 0x1 0x0 oops 0 methods 0
ciMethodData java/io/BufferedReader fill ()V 1 835 orig 80 29 0 0 0 0 0 0 0 0 0 0 0 0 0 0 0 0 0 0 0 0 0 0 0 0 0 0 0 0 0 0 0 0 0 0 0 0 0 0 0 0 0 0 0 0 0 0 0 0 0 0 0 0 0 0 0 0 0 0 0 0 0 0 0 0 0 0 0 0 0 0 0 0 0 0 0 0 0 0 0 data 58 0x50007 0x37 0x38 0x2ef 0xa0003 0x2ef 0xa8 0x1c0007 0x34 0x38 0x3 0x2c0003 0x3 0x70 0x380007 0x0 0x48 0x34 0x490002 0x34 0x530003 0x34 0x28 0x680002 0x0 0x910005 0x4 0x0 0x1c87a95d900 0x4e 0x1c87a95d9b0 0x2d4 0x960007 0x0 0xffffffffffffffc8 0x326 0x9a0007 0x20a 0x20 0x11c 0x0 0x0 0x0 0x0 0x0 0x0 0x0 0x0 0x0 0x0 0x0 0x0 0x0 0x0 0x0 0x9 0x1 0x0 oops 2 28 java/io/InputStreamReader 30 java/io/StringReader methods 0
ciMethodData java/lang/StringBuilder <init> (Ljava/lang/String;)V 2 11486 orig 80 0 1 0 0 0 0 0 0 0 0 0 0 0 0 0 0 0 0 0 0 0 0 0 0 0 0 0 0 0 0 0 0 0 0 0 0 0 0 0 0 0 0 0 0 0 0 0 0 0 0 0 0 0 0 0 0 0 0 0 0 0 0 0 0 0 0 0 0 0 0 0 0 0 0 0 0 0 0 0 0 data 26 0x20005 0x2bde 0x0 0x0 0x0 0x0 0x0 0x80002 0x2bde 0xd0005 0x2bde 0x0 0x0 0x0 0x0 0x0 0x0 0x0 0x0 0x0 0x0 0x0 0x9 0x2 0x0 0x0 oops 0 methods 0
ciMethodData java/lang/invoke/MethodHandles$Lookup in (Ljava/lang/Class;)Ljava/lang/invoke/MethodHandles$Lookup; 2 1541 orig 80 93 1 0 0 0 0 0 0 0 0 0 0 0 0 0 0 0 0 0 0 0 0 0 0 0 0 0 0 0 0 0 0 0 0 0 0 0 0 0 0 0 0 0 0 0 0 0 0 0 0 0 0 0 0 0 0 0 0 0 0 0 0 0 0 0 0 0 0 0 0 0 0 0 0 0 0 0 0 0 0 data 88 0x10002 0x4a8 0xa0007 0xd 0x30 0x49b 0x140002 0x49b 0x1d0007 0xd 0x20 0x0 0x2f0002 0xd 0x320007 0x1 0xe8 0xc 0x390005 0xc 0x0 0x0 0x0 0x0 0x0 0x3c0005 0xc 0x0 0x0 0x0 0x0 0x0 0x3f0007 0xc 0x58 0x0 0x490007 0x0 0x38 0x0 0x4e0003 0x0 0x18 0x5a0007 0xc 0x50 0x1 0x620002 0x1 0x650007 0x0 0x20 0x1 0x700007 0xd 0x50 0x0 0x780002 0x0 0x7b0007 0x0 0x20 0x0 0x860007 0x0 0x50 0xd 0x920002 0xd 0x950007 0xd 0x20 0x0 0x9b0002 0xd 0xa40002 0xd 0x0 0x0 0x0 0x0 0x0 0x0 0x0 0x9 0x2 0x0 0x0 oops 0 methods 0
ciMethodData java/lang/invoke/MethodHandles$Lookup <init> (Ljava/lang/Class;I)V 2 1568 orig 80 229 1 0 0 0 0 0 0 0 0 0 0 0 0 0 0 0 0 0 0 0 0 0 0 0 0 0 0 0 0 0 0 0 0 0 0 0 0 0 0 0 0 0 0 0 0 0 0 0 0 0 0 0 0 0 0 0 0 0 0 0 0 0 0 0 0 0 0 0 0 0 0 0 0 0 0 0 0 0 0 data 11 0x10002 0x43b 0x0 0x0 0x0 0x0 0x9 0x3 0x6 0x0 0x0 oops 0 methods 0
ciMethodData java/lang/invoke/MethodHandles$Lookup checkUnprivilegedlookupClass (Ljava/lang/Class;)V 1 38 orig 80 6 0 0 0 0 0 0 0 0 0 0 0 0 0 0 0 0 0 0 0 0 0 0 0 0 0 0 0 0 0 0 0 0 0 0 0 0 0 0 0 0 0 0 0 0 0 0 0 0 0 0 0 0 0 0 0 0 0 0 0 0 0 0 0 0 0 0 0 0 0 0 0 0 0 0 0 0 0 0 0 data 52 0x10005 0x20 0x0 0x0 0x0 0x0 0x0 0x80005 0x20 0x0 0x0 0x0 0x0 0x0 0xb0007 0x20 0xe8 0x0 0x120002 0x0 0x170005 0x0 0x0 0x0 0x0 0x0 0x0 0x1b0005 0x0 0x0 0x0 0x0 0x0 0x0 0x1e0005 0x0 0x0 0x0 0x0 0x0 0x0 0x210002 0x0 0x0 0x0 0x0 0x0 0x0 0x0 0x9 0x1 0x0 oops 0 methods 0
ciMethodData java/util/regex/Pattern matcher (Ljava/lang/CharSequence;)Ljava/util/regex/Matcher; 2 8278 orig 80 19 0 0 0 0 0 0 0 0 0 0 0 0 0 0 0 0 0 0 0 0 0 0 0 0 0 0 0 0 0 0 0 0 0 0 0 0 0 0 0 0 0 0 0 0 0 0 0 0 0 0 0 0 0 0 0 0 0 0 0 0 0 0 0 0 0 0 0 0 0 0 0 0 0 0 0 0 0 0 0 data 30 0x40007 0x2042 0x90 0x0 0xf0007 0x0 0x58 0x0 0x130005 0x0 0x0 0x0 0x0 0x0 0x0 0x180003 0x0 0x18 0x260002 0x2040 0x0 0x0 0x0 0x0 0x0 0x0 0x9 0x2 0x0 0x0 oops 0 methods 0
ciMethodData java/util/regex/Matcher match (II)Z 2 19620 orig 80 12 8 0 0 1 0 0 0 0 0 0 0 0 0 0 0 0 0 0 0 0 0 0 4 0 0 0 0 0 0 0 0 0 0 0 0 0 0 0 0 0 0 0 0 0 0 0 0 0 0 0 0 0 0 0 0 0 0 0 0 0 0 0 0 0 0 0 0 0 0 0 0 0 0 0 0 0 0 0 0 data 68 0xb0007 0x36e 0x38 0x0 0xf0003 0x0 0x18 0x1e0007 0x0 0x38 0x36e 0x220003 0x36e 0x18 0x340007 0x36e 0x38 0x4498 0x410003 0x4498 0xffffffffffffffe0 0x4c0007 0x36e 0x90 0x0 0x550007 0x0 0x58 0x0 0x5e0005 0x0 0x0 0x0 0x0 0x0 0x0 0x640003 0x0 0xffffffffffffff88 0x8000000700790005 0x2a 0x0 0x1c87d94a2b0 0xc3 0x1c87d94a360 0x285 0x7e0007 0xe0 0x20 0x292 0x0 0x0 0x0 0x0 0x0 0x0 0x0 0x0 0x0 0x0 0x0 0x0 0x0 0x9 0x3 0x0 0x0 0x0 oops 2 42 java/util/regex/Pattern$GroupHead 44 java/util/regex/Pattern$Begin methods 0
ciMethodData java/util/regex/Matcher <init> (Ljava/util/regex/Pattern;Ljava/lang/CharSequence;)V 2 7607 orig 80 147 1 0 0 0 0 0 0 0 0 0 0 0 0 0 0 0 0 0 0 0 0 0 0 0 0 0 0 0 0 0 0 0 0 0 0 0 0 0 0 0 0 0 0 0 0 0 0 0 0 0 0 0 0 0 0 0 0 0 0 0 0 0 0 0 0 0 0 0 0 0 0 0 0 0 0 0 0 0 0 data 25 0x10002 0x1c25 0x370002 0x1c26 0x5a0005 0x1c25 0x0 0x0 0x0 0x0 0x0 0x0 0x0 0x0 0x0 0x0 0x0 0x0 0x0 0x0 0x9 0x3 0x3fe 0x0 0x0 oops 0 methods 0
ciMethodData java/util/regex/Matcher matches ()Z 2 6077 orig 80 0 1 0 0 0 0 0 0 0 0 0 0 0 0 0 0 0 0 0 0 0 0 0 0 0 0 0 0 0 0 0 0 0 0 0 0 0 0 0 0 0 0 0 0 0 0 0 0 0 0 0 0 0 0 0 0 0 0 0 0 0 0 0 0 0 0 0 0 0 0 0 0 0 0 0 0 0 0 0 0 data 16 0x60005 0x16bd 0x0 0x0 0x0 0x0 0x0 0x0 0x0 0x0 0x0 0x0 0x0 0x9 0x1 0x0 oops 0 methods 0
ciMethodData java/io/IOException <init> (Ljava/lang/String;)V 1 389 orig 80 50 0 0 0 0 0 0 0 0 0 0 0 0 0 0 0 0 0 0 0 0 0 0 0 0 0 0 0 0 0 0 0 0 0 0 0 0 0 0 0 0 0 0 0 0 0 0 0 0 0 0 0 0 0 0 0 0 0 0 0 0 0 0 0 0 0 0 0 0 0 0 0 0 0 0 0 0 0 0 0 data 8 0x20002 0x153 0x0 0x0 0x9 0x2 0x1c 0x0 oops 0 methods 0
ciMethod groovy/lang/MetaMethod invoke (Ljava/lang/Object;[Ljava/lang/Object;)Ljava/lang/Object; 0 0 1 0 -1
ciMethod groovy/lang/MetaMethod doMethodInvoke (Ljava/lang/Object;[Ljava/lang/Object;)Ljava/lang/Object; 2057 1 6405 0 -1
ciMethod groovy/lang/GroovyRuntimeException <init> (Ljava/lang/String;Ljava/lang/Throwable;)V 0 0 1 0 -1
ciMethod groovy/lang/MetaClassRegistry getMetaClass (Ljava/lang/Class;)Lgroovy/lang/MetaClass; 0 0 1 0 -1
ciMethod groovy/lang/MetaObjectProtocol invokeMethod (Ljava/lang/Object;Ljava/lang/String;[Ljava/lang/Object;)Ljava/lang/Object; 0 0 1 0 -1
ciMethod groovy/lang/MetaClass invokeMethod (Ljava/lang/Class;Ljava/lang/Object;Ljava/lang/String;[Ljava/lang/Object;ZZ)Ljava/lang/Object; 0 0 1 0 -1
ciMethod groovy/lang/MetaClass pickMethod (Ljava/lang/String;[Ljava/lang/Class;)Lgroovy/lang/MetaMethod; 0 0 1 0 -1
ciMethod groovy/lang/Closure getResolveStrategy ()I 1073 1 134 0 -1
ciMethod groovy/lang/Closure call ([Ljava/lang/Object;)Ljava/lang/Object; 3129 1 3598 0 0
ciMethod groovy/lang/Closure call (Ljava/lang/Object;)Ljava/lang/Object; 2049 1 2993 0 0
ciMethod groovy/lang/Closure throwRuntimeException (Ljava/lang/Throwable;)Ljava/lang/Object; 0 0 1 0 0
ciMethod groovy/lang/Closure getOwner ()Ljava/lang/Object; 1025 1 128 0 -1
ciMethod groovy/lang/Closure getDelegate ()Ljava/lang/Object; 1025 1 128 0 -1
ciMethod groovy/lang/GroovyObjectSupport getMetaClass ()Lgroovy/lang/MetaClass; 1025 1 128 0 0
ciMethod org/codehaus/groovy/runtime/CurriedClosure getUncurriedArguments ([Ljava/lang/Object;)[Ljava/lang/Object; 265 1 252 0 -1
ciMethod org/codehaus/groovy/reflection/ReflectionUtils getDeclaredMethods (Ljava/lang/Class;Ljava/lang/String;[Ljava/lang/Class;)Ljava/util/List; 17 1 2 0 -1
ciMethod org/codehaus/groovy/reflection/ReflectionUtils parameterTypeMatches ([Ljava/lang/Class;[Ljava/lang/Class;)Z 0 0 1 0 -1
ciMethod org/codehaus/groovy/vmplugin/VMPlugin transformMetaMethod (Lgroovy/lang/MetaClass;Lgroovy/lang/MetaMethod;)Lgroovy/lang/MetaMethod; 0 0 1 0 -1
ciMethod org/apache/groovy/io/StringBuilderWriter <init> (I)V 2049 1 3627 0 0
ciMethod org/apache/groovy/io/StringBuilderWriter toString ()Ljava/lang/String; 2049 1 3664 0 0
ciMethod org/codehaus/groovy/runtime/MetaClassHelper convertToTypeArray ([Ljava/lang/Object;)[Ljava/lang/Class; 2049 2257 6082 0 -1
ciMethod org/codehaus/groovy/runtime/MetaClassHelper castArgumentsToClassArray ([Ljava/lang/Object;)[Ljava/lang/Class; 33 1 72 0 0
ciMethod groovy/lang/MissingMethodException <init> (Ljava/lang/String;Ljava/lang/Class;[Ljava/lang/Object;Z)V 9 1 1 0 -1
ciMethod groovy/lang/MissingMethodException getMethod ()Ljava/lang/String; 0 0 1 0 -1
ciMethod groovy/lang/MetaClassImpl invokeMissingMethod (Ljava/lang/Object;Ljava/lang/String;[Ljava/lang/Object;)Ljava/lang/Object; 0 0 1 0 -1
ciMethod groovy/lang/MetaClassImpl invokeMissingMethod (Ljava/lang/Object;Ljava/lang/String;[Ljava/lang/Object;Ljava/lang/RuntimeException;Z)Ljava/lang/Object; 33 1 70 1 -1
ciMethod groovy/lang/MetaClassImpl invokeMethod (Ljava/lang/Object;Ljava/lang/String;[Ljava/lang/Object;)Ljava/lang/Object; 2553 1 8122 0 1376
ciMethod groovy/lang/MetaClassImpl invokeMethodClosure (Lorg/codehaus/groovy/runtime/MethodClosure;[Ljava/lang/Object;)Ljava/lang/Object; 9 1 11 0 -1
ciMethod groovy/lang/MetaClassImpl invokeMethod (Ljava/lang/Class;Ljava/lang/Object;Ljava/lang/String;[Ljava/lang/Object;ZZ)Ljava/lang/Object; 3089 1 7149 0 0
ciMethod groovy/lang/MetaClassImpl findMethod (Ljava/lang/Class;Ljava/lang/String;[Ljava/lang/Class;Ljava/util/function/Function;)Ljava/lang/invoke/MethodHandle; 1 1 1 0 0
ciMethod groovy/lang/MetaClassImpl doInvokeMethod (Ljava/lang/Class;Ljava/lang/Object;Ljava/lang/String;[Ljava/lang/Object;ZZ)Ljava/lang/Object; 3121 1 8819 0 -1
ciMethod groovy/lang/MetaClassImpl getMetaMethod (Ljava/lang/Class;Ljava/lang/Object;Ljava/lang/String;Z[Ljava/lang/Object;)Lgroovy/lang/MetaMethod; 4097 1 8844 0 -1
ciMethod groovy/lang/MetaClassImpl createTransformMetaMethod (Lgroovy/lang/MetaMethod;)Lgroovy/lang/MetaMethod; 0 0 1 0 -1
ciMethod groovy/lang/MetaClassImpl invokePropertyOrMissing (Ljava/lang/Object;Ljava/lang/String;[Ljava/lang/Object;ZZ)Ljava/lang/Object; 33 1 70 1 -1
ciMethod groovy/lang/MetaClassImpl lookupObjectMetaClass (Ljava/lang/Object;)Lgroovy/lang/MetaClass; 0 0 1 0 -1
ciMethod groovy/lang/MetaClassImpl invokeMethodOnGroovyObject (Ljava/lang/String;[Ljava/lang/Object;Ljava/lang/Object;)Ljava/lang/Object; 0 0 1 0 -1
ciMethod groovy/lang/MetaClassImpl checkInitalised ()V 3081 1 6660 0 -1
ciMethod groovy/lang/MetaClassImpl pickMethod (Ljava/lang/String;[Ljava/lang/Class;)Lgroovy/lang/MetaMethod; 3329 1 1055 0 -1
ciMethod groovy/lang/MetaClassImpl invokeMethod (Lgroovy/lang/MetaMethod;Ljava/lang/Object;Lgroovy/lang/Closure;Ljava/lang/String;[Ljava/lang/Class;[Ljava/lang/Object;Ljava/lang/Object;)Lgroovy/lang/Tuple2; 121 1 2849 0 -1
ciMethod groovy/lang/Tuple2 getV1 ()Ljava/lang/Object; 1033 1 129 0 -1
ciMethod groovy/lang/Tuple2 getV2 ()Ljava/lang/Object; 1025 1 128 0 -1
compile groovy/json/JsonLexer nextToken ()Lgroovy/json/JsonToken; -1 4 inline 203 0 -1 groovy/json/JsonLexer nextToken ()Lgroovy/json/JsonToken; 1 1 groovy/json/JsonLexer skipWhitespace ()I 2 7 java/lang/Character isWhitespace (C)Z 3 1 java/lang/Character isWhitespace (I)Z 4 1 java/lang/CharacterData of (I)Ljava/lang/CharacterData; 4 5 java/lang/CharacterDataLatin1 isWhitespace (I)Z 5 2 java/lang/CharacterDataLatin1 getProperties (I)I 2 18 groovy/io/LineColumnReader mark (I)V 3 18 java/io/BufferedReader mark (I)V 4 22 java/io/BufferedReader ensureOpen ()V 2 25 groovy/io/LineColumnReader read ()I 3 28 java/io/BufferedReader read ()I 4 8 java/io/BufferedReader ensureOpen ()V 2 39 groovy/io/LineColumnReader reset ()V 3 17 java/io/BufferedReader reset ()V 4 8 java/io/BufferedReader ensureOpen ()V 1 91 groovy/io/LineColumnReader reset ()V 2 17 java/io/BufferedReader reset ()V 3 8 java/io/BufferedReader ensureOpen ()V 1 98 groovy/io/LineColumnReader getLine ()J 1 107 groovy/io/LineColumnReader getColumn ()J 1 116 groovy/json/JsonToken <init> ()V 2 1 java/lang/Object <init> ()V 1 125 groovy/json/JsonToken setStartLine (J)V 1 132 groovy/json/JsonToken setStartColumn (J)V 1 139 groovy/json/JsonToken setEndLine (J)V 1 148 groovy/json/JsonToken setEndColumn (J)V 1 154 groovy/json/JsonToken setType (Lgroovy/json/JsonTokenType;)V 1 163 java/lang/StringBuilder <init> ()V 1 168 java/lang/StringBuilder append (Ljava/lang/String;)Ljava/lang/StringBuilder; 1 172 java/lang/StringBuilder append (C)Ljava/lang/StringBuilder; 1 175 java/lang/StringBuilder toString ()Ljava/lang/String; 1 178 groovy/json/JsonToken setText (Ljava/lang/String;)V 1 182 java/lang/Enum ordinal ()I 1 188 java/lang/Enum ordinal ()I 1 195 java/lang/Enum ordinal ()I 1 201 java/lang/Enum ordinal ()I 1 211 groovy/json/JsonLexer readingConstant (Lgroovy/json/JsonTokenType;Lgroovy/json/JsonToken;)Lgroovy/json/JsonToken; 2 1 groovy/json/JsonTokenType getValidator ()Ljava/lang/Object; 2 7 java/lang/String length ()I 3 6 java/lang/String coder ()B 2 22 groovy/io/LineColumnReader read ([C)I 3 7 groovy/io/LineColumnReader read ([CII)I 4 12 groovy/io/LineColumnReader read ()I 5 28 java/io/BufferedReader read ()I 6 8 java/io/BufferedReader ensureOpen ()V 2 32 java/lang/String <init> ([C)V 3 6 java/lang/String <init> ([CIILjava/lang/Void;)V 4 1 java/lang/Object <init> ()V 4 36 java/lang/StringUTF16 compress ([CII)[B 2 40 groovy/json/JsonTokenType getValidator ()Ljava/lang/Object; 2 43 java/lang/String equals (Ljava/lang/Object;)Z 3 20 java/lang/String coder ()B 3 24 java/lang/String coder ()B 3 31 java/lang/String isLatin1 ()Z 2 51 groovy/json/JsonToken getStartColumn ()J 2 57 groovy/json/JsonToken setEndColumn (J)V 2 63 groovy/json/JsonToken setText (Ljava/lang/String;)V 1 228 java/lang/StringBuilder <init> (Ljava/lang/String;)V 1 237 groovy/io/LineColumnReader read ()I 2 28 java/io/BufferedReader read ()I 3 8 java/io/BufferedReader ensureOpen ()V 1 248 groovy/io/LineColumnReader read ()I 2 28 java/io/BufferedReader read ()I 3 8 java/io/BufferedReader ensureOpen ()V 1 270 java/lang/StringBuilder length ()I 2 1 java/lang/AbstractStringBuilder length ()I 1 275 java/lang/StringBuilder charAt (I)C 2 2 java/lang/AbstractStringBuilder charAt (I)C 3 5 java/lang/String checkIndex (II)V 3 9 java/lang/AbstractStringBuilder isLatin1 ()Z 3 32 java/lang/StringUTF16 charAt ([BI)C 4 2 java/lang/StringUTF16 checkIndex (I[B)V 5 2 java/lang/StringUTF16 length ([B)I 5 5 java/lang/String checkIndex (II)V 1 299 java/lang/StringBuilder append (C)Ljava/lang/StringBuilder; 1 318 java/lang/StringBuilder toString ()Ljava/lang/String; 1 321 groovy/json/JsonTokenType matching (Ljava/lang/String;)Z 2 18 java/util/regex/Pattern matcher (Ljava/lang/CharSequence;)Ljava/util/regex/Matcher; 2 23 java/util/regex/Matcher matches ()Z 3 6 java/util/regex/Matcher match (II)Z 2 45 groovy/lang/Closure call (Ljava/lang/Object;)Ljava/lang/Object; 3 9 groovy/lang/Closure call ([Ljava/lang/Object;)Ljava/lang/Object; 4 1 groovy/lang/GroovyObjectSupport getMetaClass ()Lgroovy/lang/MetaClass; 4 8 groovy/lang/MetaClassImpl invokeMethod (Ljava/lang/Object;Ljava/lang/String;[Ljava/lang/Object;)Ljava/lang/Object; 5 10 groovy/lang/MetaClassImpl invokeMethod (Ljava/lang/Class;Ljava/lang/Object;Ljava/lang/String;[Ljava/lang/Object;ZZ)Ljava/lang/Object; 6 177 java/lang/invoke/MethodHandles lookup ()Ljava/lang/invoke/MethodHandles$Lookup; 7 7 java/lang/invoke/MethodHandles$Lookup <init> (Ljava/lang/Class;)V 8 4 java/lang/invoke/MethodHandles$Lookup <init> (Ljava/lang/Class;I)V 9 1 java/lang/Object <init> ()V 8 8 java/lang/invoke/MethodHandles$Lookup checkUnprivilegedlookupClass (Ljava/lang/Class;)V 9 1 java/lang/Class getName ()Ljava/lang/String; 6 213 java/lang/invoke/LambdaForm$MH linkToTargetMethod (ILjava/lang/Object;Ljava/lang/Object;Ljava/lang/Object;)Ljava/lang/Object; 7 7 java/lang/invoke/LambdaForm$DMH invokeStatic (Ljava/lang/Object;ILjava/lang/Object;Ljava/lang/Object;)Ljava/lang/Object; 8 1 java/lang/invoke/DirectMethodHandle internalMemberName (Ljava/lang/Object;)Ljava/lang/Object; 2 51 java/lang/Boolean booleanValue ()Z 1 333 groovy/io/LineColumnReader getLine ()J 1 336 groovy/json/JsonToken setEndLine (J)V 1 345 groovy/io/LineColumnReader getColumn ()J 1 348 groovy/json/JsonToken setEndColumn (J)V 1 355 java/lang/StringBuilder toString ()Ljava/lang/String; 2 1 java/lang/AbstractStringBuilder isLatin1 ()Z 2 16 java/lang/StringLatin1 newString ([BII)Ljava/lang/String; 3 9 java/util/Arrays copyOfRange ([BII)[B 3 13 java/lang/String <init> ([BB)V 4 1 java/lang/Object <init> ()V 2 31 java/lang/StringUTF16 newString ([BII)Ljava/lang/String; 3 9 java/lang/StringUTF16 compress ([BII)[B 3 42 java/util/Arrays copyOfRange ([BII)[B 1 358 groovy/json/JsonLexer unescape (Ljava/lang/String;)Ljava/lang/String; 2 1 groovy/json/StringEscapeUtils unescapeJavaScript (Ljava/lang/String;)Ljava/lang/String; 3 1 groovy/json/StringEscapeUtils unescapeJava (Ljava/lang/String;)Ljava/lang/String; 4 11 java/lang/String length ()I 5 6 java/lang/String coder ()B 4 14 org/apache/groovy/io/StringBuilderWriter <init> (I)V 5 1 java/io/Writer <init> ()V 6 1 java/lang/Object <init> ()V 5 10 java/lang/StringBuilder <init> (I)V 6 2 java/lang/AbstractStringBuilder <init> (I)V 7 1 java/lang/Object <init> ()V 4 24 org/apache/groovy/io/StringBuilderWriter toString ()Ljava/lang/String; 5 4 java/lang/StringBuilder toString ()Ljava/lang/String; 6 1 java/lang/AbstractStringBuilder isLatin1 ()Z 6 16 java/lang/StringLatin1 newString ([BII)Ljava/lang/String; 7 9 java/util/Arrays copyOfRange ([BII)[B 7 13 java/lang/String <init> ([BB)V 8 1 java/lang/Object <init> ()V 6 31 java/lang/StringUTF16 newString ([BII)Ljava/lang/String; 7 9 java/lang/StringUTF16 compress ([BII)[B 7 42 java/util/Arrays copyOfRange ([BII)[B 7 46 java/lang/String <init> ([BB)V 8 1 java/lang/Object <init> ()V 1 361 groovy/json/JsonToken setText (Ljava/lang/String;)V 1 381 java/lang/StringBuilder <init> ()V 2 3 java/lang/AbstractStringBuilder <init> (I)V 3 1 java/lang/Object <init> ()V 1 391 groovy/io/LineColumnReader mark (I)V 2 18 java/io/BufferedReader mark (I)V 3 22 java/io/BufferedReader ensureOpen ()V 1 398 groovy/io/LineColumnReader read ()I 2 28 java/io/BufferedReader read ()I 3 8 java/io/BufferedReader ensureOpen ()V 1 480 groovy/io/LineColumnReader reset ()V 2 17 java/io/BufferedReader reset ()V 3 8 java/io/BufferedReader ensureOpen ()V 1 491 java/lang/StringBuilder toString ()Ljava/lang/String; 2 1 java/lang/AbstractStringBuilder isLatin1 ()Z 2 16 java/lang/StringLatin1 newString ([BII)Ljava/lang/String; 3 9 java/util/Arrays copyOfRange ([BII)[B 3 13 java/lang/String <init> ([BB)V 4 1 java/lang/Object <init> ()V 2 31 java/lang/StringUTF16 newString ([BII)Ljava/lang/String; 3 9 java/lang/StringUTF16 compress ([BII)[B 3 42 java/util/Arrays copyOfRange ([BII)[B 3 46 java/lang/String <init> ([BB)V 4 1 java/lang/Object <init> ()V 1 499 groovy/json/JsonTokenType matching (Ljava/lang/String;)Z 2 18 java/util/regex/Pattern matcher (Ljava/lang/CharSequence;)Ljava/util/regex/Matcher; 2 23 java/util/regex/Matcher matches ()Z 3 6 java/util/regex/Matcher match (II)Z 2 45 groovy/lang/Closure call (Ljava/lang/Object;)Ljava/lang/Object; 3 9 groovy/lang/Closure call ([Ljava/lang/Object;)Ljava/lang/Object; 4 1 groovy/lang/GroovyObjectSupport getMetaClass ()Lgroovy/lang/MetaClass; 4 8 groovy/lang/MetaClassImpl invokeMethod (Ljava/lang/Object;Ljava/lang/String;[Ljava/lang/Object;)Ljava/lang/Object; 5 10 groovy/lang/MetaClassImpl invokeMethod (Ljava/lang/Class;Ljava/lang/Object;Ljava/lang/String;[Ljava/lang/Object;ZZ)Ljava/lang/Object; 6 177 java/lang/invoke/MethodHandles lookup ()Ljava/lang/invoke/MethodHandles$Lookup; 7 7 java/lang/invoke/MethodHandles$Lookup <init> (Ljava/lang/Class;)V 8 4 java/lang/invoke/MethodHandles$Lookup <init> (Ljava/lang/Class;I)V 9 1 java/lang/Object <init> ()V 8 8 java/lang/invoke/MethodHandles$Lookup checkUnprivilegedlookupClass (Ljava/lang/Class;)V 9 1 java/lang/Class getName ()Ljava/lang/String; 6 213 java/lang/invoke/LambdaForm$MH linkToTargetMethod (ILjava/lang/Object;Ljava/lang/Object;Ljava/lang/Object;)Ljava/lang/Object; 7 7 java/lang/invoke/LambdaForm$DMH invokeStatic (Ljava/lang/Object;ILjava/lang/Object;Ljava/lang/Object;)Ljava/lang/Object; 8 1 java/lang/invoke/DirectMethodHandle internalMemberName (Ljava/lang/Object;)Ljava/lang/Object; 2 51 java/lang/Boolean booleanValue ()Z 1 511 groovy/io/LineColumnReader getLine ()J 1 514 groovy/json/JsonToken setEndLine (J)V 1 523 groovy/io/LineColumnReader getColumn ()J 1 526 groovy/json/JsonToken setEndColumn (J)V 1 533 java/lang/StringBuilder toString ()Ljava/lang/String; 2 1 java/lang/AbstractStringBuilder isLatin1 ()Z 2 16 java/lang/StringLatin1 newString ([BII)Ljava/lang/String; 3 9 java/util/Arrays copyOfRange ([BII)[B 3 13 java/lang/String <init> ([BB)V 4 1 java/lang/Object <init> ()V 2 31 java/lang/StringUTF16 newString ([BII)Ljava/lang/String; 3 9 java/lang/StringUTF16 compress ([BII)[B 3 42 java/util/Arrays copyOfRange ([BII)[B 3 46 java/lang/String <init> ([BB)V 4 1 java/lang/Object <init> ()V 1 536 groovy/json/JsonToken setText (Ljava/lang/String;)V 1 469 java/lang/StringBuilder append (C)Ljava/lang/StringBuilder; 2 2 java/lang/AbstractStringBuilder append (C)Ljava/lang/AbstractStringBuilder; 3 7 java/lang/AbstractStringBuilder ensureCapacityInternal (I)V 4 24 java/lang/AbstractStringBuilder newCapacity (I)I 4 32 java/util/Arrays copyOf ([BI)[B 3 11 java/lang/AbstractStringBuilder isLatin1 ()Z 3 18 java/lang/StringLatin1 canEncode (I)Z 3 46 java/lang/AbstractStringBuilder isLatin1 ()Z 3 72 java/lang/StringUTF16 putCharSB ([BII)V 4 2 java/lang/StringUTF16 checkIndex (I[B)V 5 2 java/lang/StringUTF16 length ([B)I 5 5 java/lang/String checkIndex (II)V
